month,month_name,airline,origin,destination,dep_delay,arr_delay,year
7,Jul,Frontier,JFK,DEN,20.9,20.7,2024
4,Apr,Frontier,DTW,EWR,42.5,34.4,2024
11,Nov,American,PHX,SFO,33.1,20.0,2024
8,Aug,Spirit,SEA,MSP,29.2,28.1,2024
5,May,Delta,SFO,MSP,22.2,30.1,2024
7,Jul,Alaska,SEA,CLT,31.6,29.5,2024
10,Oct,Frontier,SEA,LGA,44.0,45.5,2024
3,Mar,Alaska,LAX,LGA,13.2,6.8,2024
7,Jul,American,EWR,SLC,12.0,19.3,2024
11,Nov,Spirit,LAS,PHX,17.5,17.4,2024
11,Nov,Spirit,MSP,LAX,15.1,18.7,2024
8,Aug,Southwest,BOS,DTW,15.9,21.0,2024
5,May,Alaska,LGA,ORD,11.6,84.6,2024
4,Apr,Southwest,LAX,SFO,24.8,25.4,2024
8,Aug,United,MSP,MIA,22.1,104.5,2024
8,Aug,JetBlue,ATL,LGA,34.9,37.0,2024
3,Mar,Spirit,SLC,CLT,19.2,6.2,2024
6,Jun,Spirit,MIA,SLC,32.2,27.0,2024
5,May,American,DEN,MIA,38.3,35.8,2024
2,Feb,Spirit,ATL,CLT,19.4,152.9,2024
8,Aug,Southwest,MCO,CLT,1.0,113.6,2024
12,Dec,Spirit,MSP,JFK,23.3,29.9,2024
6,Jun,United,SEA,CLT,43.3,49.7,2024
2,Feb,United,JFK,LAS,20.5,22.8,2024
12,Dec,American,LGA,DEN,10.1,25.8,2024
5,May,Spirit,BOS,SLC,40.5,22.4,2024
1,Jan,Frontier,ATL,DEN,20.8,38.7,2024
12,Dec,Frontier,ORD,MSP,30.8,40.4,2024
10,Oct,Alaska,DTW,IAH,0.2,-0.3,2024
6,Jun,United,SEA,MCO,18.8,26.0,2024
12,Dec,Delta,MIA,LGA,21.6,23.7,2024
9,Sep,Alaska,DTW,CLT,13.2,12.9,2024
1,Jan,JetBlue,SEA,DTW,8.9,26.3,2024
11,Nov,American,ORD,EWR,37.1,26.0,2024
11,Nov,American,SFO,DFW,26.1,24.3,2024
10,Oct,American,SLC,LGA,18.9,20.8,2024
12,Dec,United,DFW,MCO,28.2,33.0,2024
12,Dec,United,EWR,DTW,20.1,31.2,2024
3,Mar,American,MSP,IAH,17.3,20.7,2024
12,Dec,Frontier,MCO,JFK,28.5,31.9,2024
7,Jul,American,SLC,SEA,36.5,44.6,2024
4,Apr,Delta,DEN,LAS,25.3,32.8,2024
9,Sep,Frontier,DEN,ATL,21.8,18.7,2024
3,Mar,Southwest,MCO,MSP,0.1,11.1,2024
5,May,Alaska,DFW,ORD,14.9,16.9,2024
3,Mar,Alaska,LAX,JFK,29.3,31.0,2024
7,Jul,Delta,MSP,LGA,9.3,11.9,2024
5,May,American,EWR,SEA,21.8,20.0,2024
9,Sep,Spirit,LAX,JFK,36.8,25.0,2024
7,Jul,United,SLC,EWR,28.1,34.2,2024
2,Feb,United,LGA,ATL,22.0,27.9,2024
4,Apr,American,DEN,PHX,10.0,14.5,2024
9,Sep,Southwest,IAH,IAH,8.4,16.1,2024
12,Dec,JetBlue,IAH,DTW,19.1,25.9,2024
2,Feb,JetBlue,SEA,DEN,24.3,23.7,2024
10,Oct,Delta,CLT,LGA,8.4,20.3,2024
9,Sep,Alaska,MSP,DTW,7.9,4.2,2024
10,Oct,Southwest,MSP,IAH,4.0,8.3,2024
5,May,JetBlue,EWR,DFW,7.2,8.5,2024
2,Feb,Southwest,MCO,MCO,12.8,24.8,2024
4,Apr,United,MSP,LAX,21.5,20.9,2024
12,Dec,United,MCO,SFO,4.8,12.2,2024
12,Dec,Spirit,LAX,SFO,26.8,40.0,2024
7,Jul,Frontier,ORD,SFO,45.1,43.8,2024
12,Dec,Southwest,CLT,MSP,53.0,58.5,2024
8,Aug,Frontier,SLC,SLC,15.3,31.8,2024
3,Mar,American,MSP,JFK,13.9,143.9,2024
1,Jan,JetBlue,DEN,MCO,13.7,14.7,2024
4,Apr,JetBlue,JFK,LGA,36.1,35.1,2024
2,Feb,United,DTW,IAH,17.0,19.2,2024
8,Aug,Spirit,DFW,ATL,27.5,28.3,2024
4,Apr,Frontier,SLC,MSP,24.2,31.5,2024
2,Feb,Spirit,SFO,SLC,29.4,27.3,2024
6,Jun,Alaska,DFW,EWR,29.2,24.2,2024
6,Jun,Delta,LAX,PHX,11.3,14.2,2024
10,Oct,JetBlue,SFO,MSP,42.0,37.1,2024
4,Apr,United,ORD,PHX,15.1,23.1,2024
6,Jun,Spirit,CLT,DTW,20.4,18.8,2024
2,Feb,United,ATL,LAS,36.4,40.5,2024
10,Oct,Southwest,LAX,MIA,10.8,21.6,2024
12,Dec,Southwest,PHX,ORD,15.2,24.4,2024
2,Feb,Alaska,EWR,SEA,10.5,29.4,2024
10,Oct,Southwest,CLT,BOS,5.5,3.6,2024
4,Apr,Frontier,CLT,ORD,22.3,18.1,2024
8,Aug,Delta,DTW,SFO,26.0,24.4,2024
7,Jul,Spirit,DTW,DTW,56.7,54.1,2024
12,Dec,JetBlue,JFK,SFO,20.2,42.4,2024
9,Sep,Delta,DTW,SFO,22.2,9.2,2024
8,Aug,Spirit,LGA,DTW,31.0,35.7,2024
5,May,Delta,IAH,BOS,12.1,21.3,2024
2,Feb,Southwest,MCO,ATL,18.5,27.8,2024
5,May,Alaska,SLC,DEN,21.7,14.0,2024
8,Aug,United,LGA,MIA,21.1,27.5,2024
10,Oct,American,EWR,ATL,28.4,12.0,2024
9,Sep,United,SEA,MSP,63.5,112.4,2024
12,Dec,United,SFO,LGA,39.7,45.4,2024
12,Dec,United,MCO,ORD,0.5,24.8,2024
12,Dec,United,BOS,PHX,57.2,58.7,2024
9,Sep,Delta,LAS,SLC,45.6,49.9,2024
1,Jan,Southwest,DTW,SFO,39.1,43.1,2024
9,Sep,Southwest,MCO,MCO,12.9,8.7,2024
7,Jul,United,ATL,ORD,6.5,8.5,2024
9,Sep,American,PHX,BOS,35.5,42.1,2024
8,Aug,JetBlue,LGA,PHX,17.6,21.7,2024
1,Jan,United,LGA,BOS,19.2,24.5,2024
12,Dec,United,LGA,CLT,18.3,28.0,2024
8,Aug,American,DFW,JFK,12.5,9.6,2024
8,Aug,Delta,LGA,SLC,26.0,27.8,2024
11,Nov,United,IAH,DEN,15.1,16.9,2024
3,Mar,American,MCO,MCO,19.2,9.0,2024
1,Jan,Delta,LAX,LAX,11.6,18.4,2024
8,Aug,Delta,SEA,SLC,16.9,24.5,2024
3,Mar,Alaska,MSP,SLC,53.4,57.3,2024
3,Mar,Spirit,MCO,DFW,40.9,27.4,2024
1,Jan,Spirit,CLT,MCO,35.8,45.0,2024
11,Nov,Alaska,MCO,DEN,20.2,24.6,2024
5,May,Alaska,LAS,SFO,18.8,26.0,2024
10,Oct,United,ORD,DFW,19.1,14.9,2024
7,Jul,Spirit,ORD,MIA,21.9,14.7,2024
10,Oct,Delta,LAX,ORD,7.1,12.6,2024
9,Sep,United,ATL,DEN,11.7,6.7,2024
12,Dec,Frontier,DTW,MCO,16.0,18.1,2024
7,Jul,Frontier,LGA,CLT,20.1,29.7,2024
9,Sep,United,MSP,IAH,22.7,14.1,2024
8,Aug,Southwest,SLC,EWR,22.9,28.5,2024
12,Dec,JetBlue,CLT,EWR,27.7,38.9,2024
2,Feb,JetBlue,DTW,PHX,15.1,22.1,2024
1,Jan,Southwest,LAX,ATL,35.2,43.9,2024
7,Jul,Spirit,SFO,MIA,18.4,25.9,2024
7,Jul,United,LGA,LGA,54.9,54.3,2024
8,Aug,American,IAH,CLT,12.2,30.3,2024
5,May,Delta,JFK,SFO,24.3,21.6,2024
3,Mar,Southwest,SEA,JFK,13.1,12.5,2024
12,Dec,Alaska,LAX,CLT,3.6,12.9,2024
8,Aug,Southwest,ATL,CLT,8.9,7.9,2024
6,Jun,Southwest,EWR,SFO,33.7,35.2,2024
11,Nov,Spirit,SFO,ORD,30.7,25.0,2024
3,Mar,Spirit,MIA,DTW,25.5,19.5,2024
1,Jan,Southwest,CLT,LAS,22.7,38.8,2024
3,Mar,JetBlue,MSP,ORD,14.0,25.7,2024
5,May,United,LAX,JFK,17.9,9.2,2024
3,Mar,Southwest,DTW,MCO,33.2,34.2,2024
1,Jan,Southwest,JFK,LAS,13.0,40.4,2024
5,May,Frontier,LAS,ATL,38.0,46.6,2024
10,Oct,Southwest,SFO,LAS,15.4,157.6,2024
7,Jul,American,IAH,BOS,26.7,37.3,2024
7,Jul,American,LAS,DFW,1.1,11.3,2024
11,Nov,Delta,DFW,EWR,30.2,30.4,2024
9,Sep,United,LAS,DEN,29.7,26.0,2024
10,Oct,Southwest,DFW,LGA,7.6,7.0,2024
10,Oct,Delta,BOS,LGA,16.4,26.8,2024
12,Dec,Spirit,DFW,JFK,22.4,34.3,2024
3,Mar,Alaska,MCO,CLT,28.2,31.9,2024
7,Jul,Delta,DTW,ATL,28.9,26.9,2024
1,Jan,Alaska,SFO,MSP,19.9,23.2,2024
4,Apr,Alaska,MSP,EWR,10.0,16.9,2024
4,Apr,United,SEA,LAX,16.2,6.1,2024
5,May,American,DEN,SLC,21.8,23.3,2024
7,Jul,Frontier,BOS,LAX,27.3,16.1,2024
7,Jul,United,MSP,BOS,15.0,5.9,2024
11,Nov,Delta,MCO,BOS,0.7,17.3,2024
4,Apr,Alaska,DTW,SEA,3.6,22.3,2024
7,Jul,United,IAH,BOS,18.2,31.5,2024
11,Nov,American,MCO,MIA,19.9,17.2,2024
3,Mar,Delta,DFW,LAX,9.6,13.7,2024
6,Jun,United,IAH,ATL,38.1,51.9,2024
12,Dec,Spirit,SFO,DFW,46.2,52.5,2024
2,Feb,Spirit,CLT,LAS,36.8,42.4,2024
10,Oct,Southwest,JFK,SFO,12.0,22.5,2024
9,Sep,Southwest,EWR,PHX,20.3,26.0,2024
5,May,Frontier,MCO,MCO,10.9,165.8,2024
6,Jun,United,SEA,DTW,12.8,28.1,2024
12,Dec,United,EWR,ATL,10.3,35.5,2024
12,Dec,Alaska,EWR,DEN,-4.0,16.9,2024
12,Dec,Spirit,ORD,MSP,33.5,41.6,2024
12,Dec,Alaska,LGA,JFK,9.5,22.5,2024
4,Apr,American,LAS,LGA,17.5,17.3,2024
11,Nov,Delta,ORD,CLT,11.1,7.1,2024
10,Oct,United,MCO,SFO,25.2,17.7,2024
7,Jul,Delta,SFO,SEA,17.0,12.4,2024
12,Dec,Southwest,IAH,LAX,25.3,268.6,2024
9,Sep,Delta,BOS,IAH,11.6,18.1,2024
7,Jul,JetBlue,SLC,SFO,20.9,24.9,2024
1,Jan,Spirit,EWR,MCO,25.3,39.3,2024
1,Jan,American,LGA,EWR,16.2,38.6,2024
9,Sep,Spirit,MCO,SLC,23.2,30.2,2024
11,Nov,American,CLT,LAS,11.4,18.2,2024
9,Sep,Frontier,ATL,BOS,13.3,16.7,2024
4,Apr,Delta,LAX,DTW,17.7,15.2,2024
9,Sep,Frontier,SEA,SFO,45.3,46.3,2024
3,Mar,Frontier,LAX,LAX,20.9,17.2,2024
7,Jul,American,SLC,LGA,12.9,30.4,2024
6,Jun,Delta,LAS,MIA,17.4,14.3,2024
8,Aug,Delta,LAS,IAH,7.4,23.6,2024
11,Nov,Southwest,MSP,BOS,16.5,10.6,2024
9,Sep,Spirit,JFK,ORD,24.0,19.4,2024
5,May,Frontier,CLT,DTW,15.2,9.3,2024
1,Jan,Delta,SLC,CLT,16.4,25.7,2024
3,Mar,American,CLT,SLC,66.7,58.7,2024
10,Oct,Frontier,IAH,PHX,14.6,9.6,2024
12,Dec,JetBlue,SFO,LAS,29.8,42.5,2024
8,Aug,United,MIA,PHX,20.4,19.6,2024
11,Nov,American,SEA,MCO,21.1,18.2,2024
6,Jun,JetBlue,JFK,DFW,22.7,33.3,2024
8,Aug,American,SEA,SLC,8.6,17.7,2024
9,Sep,JetBlue,LAX,PHX,19.7,12.4,2024
4,Apr,American,SLC,LGA,32.3,26.4,2024
1,Jan,United,EWR,BOS,68.8,66.4,2024
1,Jan,Frontier,SFO,ATL,6.2,13.9,2024
10,Oct,Southwest,PHX,MIA,6.9,4.2,2024
4,Apr,Southwest,BOS,MSP,19.8,21.6,2024
12,Dec,United,LGA,ATL,25.9,27.3,2024
7,Jul,American,SFO,ATL,12.1,18.4,2024
2,Feb,Spirit,SEA,EWR,16.6,19.8,2024
3,Mar,JetBlue,SFO,SFO,18.9,21.6,2024
1,Jan,Delta,DFW,PHX,13.7,13.2,2024
5,May,American,ORD,EWR,7.9,5.6,2024
1,Jan,United,SLC,ATL,17.9,27.2,2024
8,Aug,Alaska,CLT,LAS,18.9,18.6,2024
1,Jan,Southwest,DFW,JFK,16.2,26.4,2024
11,Nov,Southwest,LAS,CLT,60.6,61.0,2024
1,Jan,Frontier,MSP,DFW,32.4,41.6,2024
2,Feb,American,IAH,CLT,28.9,54.1,2024
2,Feb,JetBlue,EWR,PHX,18.6,20.4,2024
12,Dec,Spirit,ATL,EWR,66.3,77.6,2024
6,Jun,Spirit,DFW,MSP,33.9,33.4,2024
7,Jul,United,IAH,SLC,33.4,147.4,2024
5,May,United,SEA,MCO,23.7,14.4,2024
1,Jan,JetBlue,MCO,DFW,16.3,29.0,2024
1,Jan,JetBlue,EWR,MCO,37.8,62.0,2024
3,Mar,Spirit,MIA,EWR,10.9,8.5,2024
2,Feb,American,MCO,MIA,33.6,36.9,2024
5,May,Spirit,SLC,CLT,29.6,28.6,2024
12,Dec,American,SLC,MIA,21.7,17.5,2024
10,Oct,Alaska,IAH,MIA,20.9,12.2,2024
6,Jun,Southwest,SLC,ORD,13.0,22.7,2024
7,Jul,Frontier,MIA,LGA,20.0,21.2,2024
4,Apr,Southwest,ORD,DEN,15.6,11.7,2024
7,Jul,JetBlue,SEA,MSP,23.2,15.6,2024
11,Nov,Delta,MCO,PHX,27.1,23.0,2024
8,Aug,Delta,SLC,DEN,5.6,16.0,2024
11,Nov,Delta,PHX,BOS,13.2,22.0,2024
1,Jan,United,EWR,SEA,13.7,33.6,2024
6,Jun,American,DEN,BOS,12.4,16.6,2024
8,Aug,JetBlue,MCO,EWR,27.4,29.7,2024
5,May,Southwest,LAS,LAX,10.1,17.8,2024
4,Apr,Delta,SEA,ORD,22.7,11.0,2024
2,Feb,Southwest,MIA,IAH,2.9,32.4,2024
6,Jun,American,EWR,LGA,27.3,28.4,2024
6,Jun,Alaska,SFO,LAX,-0.1,10.4,2024
11,Nov,Alaska,CLT,BOS,3.0,3.8,2024
1,Jan,JetBlue,MCO,LGA,10.4,26.5,2024
9,Sep,Delta,LGA,JFK,29.7,24.3,2024
12,Dec,Frontier,JFK,LGA,20.0,27.6,2024
11,Nov,Delta,CLT,LAX,37.6,38.3,2024
6,Jun,Alaska,SEA,SEA,38.2,38.9,2024
3,Mar,JetBlue,SFO,DTW,17.4,28.6,2024
4,Apr,Southwest,LAX,JFK,8.5,14.6,2024
12,Dec,American,MSP,LAS,46.1,50.7,2024
11,Nov,Alaska,JFK,ATL,57.1,53.4,2024
4,Apr,Alaska,DEN,DEN,10.4,10.5,2024
3,Mar,American,MCO,SFO,10.4,12.1,2024
10,Oct,American,ATL,LAS,20.0,18.4,2024
3,Mar,Alaska,IAH,DTW,41.2,45.7,2024
3,Mar,Southwest,CLT,LAS,26.0,31.6,2024
4,Apr,Southwest,PHX,DFW,28.9,22.5,2024
7,Jul,Delta,ORD,MCO,41.0,49.4,2024
4,Apr,Southwest,DEN,CLT,10.7,8.5,2024
9,Sep,United,MSP,DFW,27.5,25.6,2024
1,Jan,JetBlue,SEA,ORD,36.7,38.9,2024
8,Aug,Southwest,LAX,DTW,50.8,56.2,2024
7,Jul,American,LAS,LAS,13.3,12.1,2024
2,Feb,Southwest,LGA,SLC,51.2,50.7,2024
8,Aug,Delta,IAH,JFK,21.1,34.4,2024
1,Jan,Spirit,MSP,ORD,50.7,56.6,2024
11,Nov,JetBlue,ATL,IAH,14.9,7.6,2024
12,Dec,JetBlue,BOS,EWR,8.2,17.8,2024
9,Sep,American,MCO,ORD,36.9,27.1,2024
9,Sep,JetBlue,MCO,LAX,15.7,24.1,2024
2,Feb,United,DEN,LAX,27.5,26.9,2024
7,Jul,JetBlue,SEA,PHX,16.3,18.7,2024
10,Oct,Alaska,CLT,CLT,43.8,40.9,2024
3,Mar,American,ORD,ORD,25.6,25.8,2024
7,Jul,JetBlue,JFK,SEA,16.7,28.4,2024
12,Dec,Southwest,MSP,IAH,13.0,24.1,2024
10,Oct,Delta,BOS,MIA,15.2,16.4,2024
9,Sep,Alaska,SLC,SFO,31.9,25.3,2024
4,Apr,Alaska,IAH,SLC,20.9,20.5,2024
12,Dec,Southwest,ATL,SFO,6.7,18.9,2024
1,Jan,Spirit,SFO,LAX,22.7,23.9,2024
2,Feb,Alaska,BOS,JFK,13.3,23.4,2024
1,Jan,United,PHX,DEN,56.3,65.9,2024
12,Dec,United,BOS,DTW,41.0,40.7,2024
5,May,Delta,MIA,IAH,15.0,12.1,2024
5,May,Delta,DFW,DFW,7.6,13.3,2024
11,Nov,Delta,SLC,DFW,19.7,15.2,2024
7,Jul,Delta,JFK,MSP,28.4,36.6,2024
9,Sep,JetBlue,LAS,ATL,33.1,33.7,2024
9,Sep,Frontier,MCO,MCO,12.5,3.4,2024
3,Mar,Alaska,PHX,DEN,15.8,11.9,2024
3,Mar,Southwest,DEN,ORD,29.5,38.2,2024
3,Mar,United,MSP,SLC,7.9,8.4,2024
4,Apr,JetBlue,LAS,MSP,20.6,24.4,2024
8,Aug,Delta,LAX,SFO,10.0,13.5,2024
6,Jun,American,IAH,PHX,19.1,19.3,2024
8,Aug,American,ATL,ORD,11.3,22.4,2024
1,Jan,Southwest,BOS,LAX,24.5,147.8,2024
8,Aug,United,PHX,SFO,27.0,43.3,2024
4,Apr,Frontier,LAX,LAS,17.0,8.3,2024
11,Nov,Spirit,LAS,BOS,19.0,22.0,2024
1,Jan,United,LAX,PHX,21.7,23.0,2024
8,Aug,Southwest,DTW,SLC,7.6,25.1,2024
4,Apr,Spirit,MIA,MSP,35.3,42.0,2024
6,Jun,Delta,MIA,PHX,9.9,21.7,2024
8,Aug,Frontier,LGA,DEN,39.7,28.9,2024
4,Apr,Delta,DFW,CLT,3.0,16.3,2024
3,Mar,Frontier,MSP,ORD,25.3,29.9,2024
9,Sep,Alaska,SFO,SEA,15.0,7.9,2024
3,Mar,United,EWR,JFK,33.6,32.9,2024
9,Sep,United,ATL,SLC,50.9,31.6,2024
2,Feb,United,MSP,LGA,14.0,29.1,2024
2,Feb,Spirit,ATL,PHX,24.4,24.7,2024
2,Feb,Delta,MIA,ATL,9.6,27.6,2024
6,Jun,American,JFK,MSP,22.7,31.1,2024
3,Mar,Southwest,MCO,PHX,13.9,0.0,2024
9,Sep,Southwest,ORD,BOS,24.1,22.6,2024
4,Apr,JetBlue,BOS,LAX,32.5,31.5,2024
1,Jan,JetBlue,DEN,PHX,21.5,11.1,2024
4,Apr,American,LAS,ATL,34.9,153.8,2024
1,Jan,United,BOS,ATL,28.7,43.1,2024
5,May,American,PHX,MCO,12.9,11.8,2024
4,Apr,Spirit,SLC,CLT,34.5,28.5,2024
8,Aug,Frontier,DEN,ATL,27.4,29.1,2024
8,Aug,Spirit,DEN,LAS,42.5,37.2,2024
7,Jul,JetBlue,LAS,SFO,13.4,15.0,2024
3,Mar,Alaska,MCO,EWR,30.1,20.1,2024
1,Jan,Frontier,LGA,EWR,31.5,44.8,2024
1,Jan,JetBlue,PHX,MSP,32.6,32.7,2024
12,Dec,Southwest,ATL,PHX,17.7,22.6,2024
11,Nov,Spirit,EWR,IAH,18.2,20.1,2024
3,Mar,American,CLT,LAS,25.5,17.7,2024
6,Jun,Delta,LGA,BOS,22.7,24.7,2024
7,Jul,JetBlue,MCO,MSP,24.4,41.4,2024
6,Jun,Southwest,MSP,MIA,38.1,40.3,2024
6,Jun,United,ATL,CLT,13.5,19.2,2024
6,Jun,Frontier,SEA,PHX,27.6,28.4,2024
3,Mar,American,DEN,PHX,35.5,27.4,2024
6,Jun,JetBlue,JFK,LAS,27.2,32.1,2024
8,Aug,Delta,MCO,ORD,15.9,19.4,2024
11,Nov,Frontier,DTW,EWR,6.7,19.6,2024
11,Nov,JetBlue,MIA,BOS,21.1,23.0,2024
2,Feb,Delta,JFK,LGA,21.4,26.7,2024
5,May,American,MIA,CLT,3.6,15.2,2024
1,Jan,Alaska,MSP,ORD,16.9,21.2,2024
12,Dec,Delta,BOS,DEN,12.4,144.7,2024
1,Jan,Delta,LAX,MSP,38.1,40.7,2024
5,May,Southwest,ORD,JFK,21.9,15.9,2024
12,Dec,Alaska,DFW,LAS,23.9,22.0,2024
3,Mar,American,LGA,SLC,5.8,16.8,2024
4,Apr,JetBlue,JFK,SFO,39.7,40.8,2024
3,Mar,Alaska,SFO,MSP,18.2,11.3,2024
1,Jan,United,CLT,DEN,13.6,20.5,2024
1,Jan,Frontier,MIA,EWR,26.3,30.4,2024
12,Dec,American,ORD,DFW,24.3,29.5,2024
12,Dec,Alaska,JFK,DEN,23.0,40.9,2024
5,May,American,LAX,MCO,36.3,32.2,2024
6,Jun,United,DTW,SLC,18.1,25.2,2024
3,Mar,JetBlue,LAS,JFK,27.1,36.0,2024
12,Dec,Spirit,IAH,DFW,57.1,61.0,2024
9,Sep,Southwest,SLC,ATL,6.4,10.2,2024
5,May,Alaska,BOS,LGA,49.5,51.6,2024
8,Aug,JetBlue,MSP,LAS,23.1,19.6,2024
1,Jan,United,BOS,EWR,16.2,25.8,2024
5,May,JetBlue,BOS,LAX,26.0,18.9,2024
3,Mar,American,IAH,MIA,11.8,12.9,2024
12,Dec,Southwest,LAS,DEN,18.4,29.1,2024
1,Jan,Delta,LGA,MSP,12.7,14.0,2024
4,Apr,Alaska,EWR,MCO,11.5,-0.5,2024
5,May,JetBlue,LGA,LGA,32.5,175.4,2024
7,Jul,Delta,SEA,CLT,4.5,15.9,2024
1,Jan,Southwest,MIA,BOS,8.4,23.1,2024
3,Mar,Spirit,LAX,JFK,24.4,10.7,2024
2,Feb,Delta,SEA,MCO,40.5,41.4,2024
9,Sep,JetBlue,BOS,MSP,35.8,47.4,2024
10,Oct,United,ATL,IAH,19.6,22.5,2024
6,Jun,Alaska,MSP,CLT,25.0,37.5,2024
10,Oct,American,LGA,CLT,30.8,18.2,2024
3,Mar,Spirit,DTW,SEA,18.7,12.8,2024
8,Aug,American,DTW,SLC,18.1,33.7,2024
8,Aug,Alaska,EWR,DTW,5.7,12.4,2024
2,Feb,Delta,LGA,SFO,20.2,30.1,2024
6,Jun,American,JFK,DTW,19.4,24.3,2024
7,Jul,Alaska,SFO,DEN,28.9,36.5,2024
2,Feb,Alaska,ATL,CLT,18.4,27.3,2024
11,Nov,American,CLT,CLT,24.5,17.3,2024
10,Oct,United,MCO,DFW,27.9,37.0,2024
2,Feb,Delta,IAH,ATL,15.7,31.5,2024
10,Oct,Frontier,MSP,LGA,14.7,10.1,2024
1,Jan,United,LAX,MCO,15.1,21.7,2024
8,Aug,United,SLC,ATL,19.7,25.9,2024
1,Jan,Southwest,CLT,EWR,17.2,35.2,2024
9,Sep,Delta,BOS,MSP,12.8,17.5,2024
11,Nov,Spirit,CLT,IAH,24.1,12.5,2024
6,Jun,United,IAH,PHX,18.5,23.5,2024
7,Jul,JetBlue,DTW,IAH,27.4,23.6,2024
10,Oct,American,JFK,LGA,48.8,44.6,2024
7,Jul,Delta,BOS,LAS,8.5,8.2,2024
10,Oct,Southwest,MCO,DTW,12.7,16.5,2024
3,Mar,United,JFK,MSP,33.3,33.1,2024
2,Feb,JetBlue,LAS,MCO,36.7,46.3,2024
9,Sep,American,DFW,MCO,16.0,24.2,2024
8,Aug,American,LGA,DTW,26.6,32.5,2024
12,Dec,Spirit,LAX,MIA,24.7,38.3,2024
10,Oct,Frontier,EWR,MSP,18.4,28.3,2024
7,Jul,JetBlue,DTW,LGA,16.9,16.9,2024
9,Sep,Delta,SEA,ORD,16.5,18.6,2024
4,Apr,American,DTW,ATL,11.8,0.6,2024
4,Apr,American,LAX,DEN,10.0,14.1,2024
1,Jan,American,EWR,MSP,38.0,36.9,2024
8,Aug,Frontier,DFW,DEN,24.2,26.2,2024
12,Dec,Frontier,ATL,DEN,15.0,11.6,2024
3,Mar,Alaska,MCO,BOS,22.1,183.9,2024
7,Jul,United,DTW,LAX,7.9,8.5,2024
12,Dec,United,SEA,EWR,15.7,28.5,2024
2,Feb,American,ORD,LGA,38.7,44.0,2024
2,Feb,Southwest,DEN,DEN,20.3,31.5,2024
7,Jul,Frontier,JFK,BOS,18.5,13.3,2024
6,Jun,Alaska,SEA,CLT,5.4,13.5,2024
3,Mar,American,JFK,JFK,20.2,19.1,2024
9,Sep,Delta,JFK,MSP,11.0,6.7,2024
10,Oct,Spirit,DFW,MIA,33.5,43.0,2024
6,Jun,Spirit,SFO,LGA,18.2,10.3,2024
10,Oct,Alaska,SLC,LAS,43.8,45.2,2024
10,Oct,Southwest,SFO,EWR,23.9,24.2,2024
6,Jun,Frontier,ORD,LGA,11.9,10.0,2024
1,Jan,Delta,SEA,MCO,10.9,25.9,2024
4,Apr,Frontier,ATL,IAH,37.0,33.5,2024
10,Oct,Frontier,ATL,MSP,23.4,16.1,2024
6,Jun,JetBlue,DTW,MIA,24.7,25.6,2024
6,Jun,JetBlue,JFK,MSP,17.9,11.9,2024
11,Nov,United,PHX,MSP,21.6,16.8,2024
12,Dec,Alaska,DTW,BOS,8.5,8.9,2024
5,May,United,DFW,DTW,10.6,20.9,2024
1,Jan,United,JFK,MSP,33.1,47.2,2024
8,Aug,Frontier,EWR,LAS,20.7,31.5,2024
5,May,Alaska,ATL,DTW,3.8,12.7,2024
12,Dec,Spirit,JFK,ATL,35.6,28.4,2024
12,Dec,JetBlue,LAS,LAS,31.9,40.8,2024
12,Dec,Alaska,CLT,DFW,7.2,25.3,2024
5,May,Delta,BOS,BOS,14.4,26.6,2024
7,Jul,Southwest,ORD,DTW,15.2,28.8,2024
4,Apr,United,MIA,LAS,32.1,27.0,2024
6,Jun,Spirit,CLT,ORD,46.6,32.9,2024
4,Apr,JetBlue,ORD,JFK,25.0,17.0,2024
3,Mar,United,DTW,ORD,18.0,12.9,2024
7,Jul,Spirit,LAX,ATL,20.0,18.6,2024
8,Aug,Frontier,DFW,ORD,22.9,27.1,2024
4,Apr,American,SLC,DTW,34.1,24.1,2024
2,Feb,Southwest,BOS,MCO,11.2,27.3,2024
12,Dec,Delta,LAX,LAX,15.7,32.3,2024
10,Oct,United,LGA,BOS,8.7,18.1,2024
3,Mar,American,ORD,PHX,18.1,34.8,2024
1,Jan,American,PHX,MSP,11.6,17.8,2024
8,Aug,Spirit,EWR,MCO,14.0,24.0,2024
3,Mar,Southwest,LAS,DFW,9.4,19.8,2024
12,Dec,JetBlue,MIA,SLC,28.0,35.8,2024
10,Oct,JetBlue,CLT,ATL,22.7,27.3,2024
7,Jul,United,ORD,MIA,1.7,16.7,2024
10,Oct,United,EWR,EWR,13.4,20.3,2024
5,May,JetBlue,BOS,SLC,33.8,33.6,2024
10,Oct,Delta,DEN,SLC,27.3,27.2,2025
5,May,Delta,SFO,BOS,17.4,8.9,2024
7,Jul,American,LAS,ORD,35.2,33.6,2024
9,Sep,Southwest,IAH,IAH,15.8,22.2,2024
12,Dec,Delta,SEA,LGA,17.6,21.8,2024
5,May,United,BOS,DEN,22.5,16.5,2024
1,Jan,Frontier,MCO,EWR,29.5,28.9,2024
10,Oct,Spirit,LAX,DTW,22.3,12.4,2024
10,Oct,Frontier,PHX,SLC,35.3,31.6,2024
1,Jan,Delta,SLC,JFK,18.1,22.8,2024
2,Feb,Southwest,LAS,ORD,32.7,35.5,2024
6,Jun,United,SEA,JFK,36.8,30.3,2024
9,Sep,Southwest,ATL,BOS,22.7,28.1,2024
8,Aug,JetBlue,JFK,MCO,34.3,34.4,2024
5,May,Southwest,BOS,MIA,35.4,30.4,2024
1,Jan,Southwest,SLC,SFO,11.1,28.2,2024
7,Jul,Southwest,LGA,ATL,26.4,27.1,2024
5,May,United,LAX,EWR,10.0,11.7,2024
6,Jun,Southwest,MIA,EWR,15.3,12.6,2024
7,Jul,Southwest,IAH,LGA,23.1,28.7,2024
3,Mar,Spirit,MIA,CLT,24.7,19.5,2024
12,Dec,Frontier,IAH,LAS,8.2,30.3,2024
10,Oct,Frontier,SEA,DEN,12.5,24.1,2024
3,Mar,Spirit,CLT,MCO,24.7,14.6,2024
5,May,Alaska,LAS,SEA,30.3,34.2,2024
6,Jun,Alaska,CLT,ATL,25.8,28.2,2024
9,Sep,Spirit,SFO,SFO,30.2,27.2,2024
12,Dec,American,MCO,MIA,28.9,48.1,2024
5,May,Frontier,MSP,MCO,23.7,31.7,2024
1,Jan,United,MSP,MSP,6.2,24.0,2024
4,Apr,Alaska,ATL,MSP,17.6,19.0,2024
5,May,Southwest,MCO,SFO,9.9,12.8,2024
12,Dec,Delta,DFW,MIA,8.7,26.5,2024
10,Oct,Southwest,DFW,IAH,29.4,19.7,2024
10,Oct,Delta,DFW,ATL,19.9,20.5,2024
5,May,Frontier,MSP,BOS,39.8,25.0,2024
7,Jul,Spirit,LAX,ORD,24.3,27.9,2024
4,Apr,Frontier,CLT,ATL,30.3,19.9,2024
1,Jan,Spirit,DFW,DFW,22.9,35.3,2024
5,May,JetBlue,JFK,JFK,15.4,296.6,2024
7,Jul,JetBlue,ORD,DEN,22.7,28.9,2024
10,Oct,Spirit,SFO,MIA,24.3,16.8,2024
10,Oct,Spirit,JFK,MCO,18.1,26.1,2024
6,Jun,United,ORD,MSP,9.0,26.6,2024
5,May,United,DFW,MIA,14.9,14.0,2024
4,Apr,Frontier,PHX,JFK,34.1,25.7,2024
2,Feb,Spirit,LAS,SLC,19.6,25.0,2024
4,Apr,JetBlue,JFK,CLT,56.9,49.7,2024
10,Oct,United,MCO,MSP,19.0,15.9,2024
10,Oct,Spirit,MIA,PHX,30.4,27.5,2024
3,Mar,Delta,SFO,ATL,12.0,16.7,2024
10,Oct,Delta,IAH,MSP,9.5,11.0,2024
1,Jan,American,DFW,JFK,21.4,40.2,2024
8,Aug,Frontier,DEN,MCO,45.6,46.3,2024
5,May,United,DFW,BOS,48.3,39.9,2024
4,Apr,United,DFW,LGA,8.2,16.8,2024
8,Aug,American,MSP,IAH,10.7,25.7,2024
7,Jul,Southwest,EWR,SEA,26.0,31.0,2024
2,Feb,Delta,DTW,DTW,16.9,28.7,2024
1,Jan,Southwest,MIA,DEN,12.9,17.7,2024
12,Dec,Alaska,LAX,LAX,21.1,25.9,2024
11,Nov,American,DTW,MIA,49.1,51.7,2024
4,Apr,Alaska,SFO,ORD,18.7,9.6,2024
8,Aug,Spirit,MIA,EWR,23.5,22.4,2024
12,Dec,Frontier,DFW,EWR,24.7,33.0,2024
2,Feb,Alaska,SFO,LAS,14.3,15.4,2024
3,Mar,Frontier,EWR,MSP,27.2,19.5,2024
12,Dec,United,JFK,PHX,20.3,20.3,2024
1,Jan,Southwest,JFK,LGA,16.7,31.7,2024
1,Jan,United,LAX,LGA,13.2,14.0,2024
3,Mar,Spirit,SEA,PHX,41.8,33.7,2024
11,Nov,Frontier,SFO,SEA,30.9,25.3,2024
5,May,Frontier,DTW,SFO,37.5,28.8,2024
12,Dec,American,LAS,DTW,22.0,17.8,2024
3,Mar,JetBlue,CLT,IAH,25.1,24.2,2024
1,Jan,United,IAH,SLC,29.2,41.1,2024
1,Jan,Alaska,BOS,IAH,18.9,24.4,2024
8,Aug,Spirit,SLC,DTW,36.9,34.1,2024
10,Oct,Alaska,MSP,PHX,64.0,55.7,2024
11,Nov,Southwest,SFO,ATL,43.7,27.6,2024
12,Dec,Southwest,PHX,LAS,39.4,46.0,2024
12,Dec,American,PHX,IAH,4.8,30.7,2024
2,Feb,Southwest,LAX,MSP,3.8,19.4,2024
3,Mar,Delta,DTW,LGA,12.0,8.4,2024
2,Feb,United,MSP,EWR,5.7,18.6,2024
3,Mar,Spirit,JFK,MIA,58.9,45.9,2024
7,Jul,Spirit,LAS,LAS,13.5,8.6,2024
1,Jan,Alaska,MSP,SFO,8.5,22.7,2024
10,Oct,Delta,LAS,ATL,30.9,25.5,2024
8,Aug,American,MSP,LAS,4.6,5.8,2024
10,Oct,Alaska,DEN,PHX,31.6,32.4,2024
10,Oct,Delta,DTW,EWR,4.5,4.6,2024
10,Oct,Spirit,DEN,IAH,39.1,38.7,2024
2,Feb,Delta,LAS,DTW,40.4,44.7,2024
3,Mar,Spirit,SEA,MIA,22.0,30.1,2024
9,Sep,Alaska,SFO,DFW,36.2,29.3,2024
7,Jul,United,SEA,SLC,38.6,34.4,2024
4,Apr,United,ORD,MSP,31.2,22.6,2024
10,Oct,JetBlue,CLT,ATL,35.1,28.8,2024
5,May,Frontier,SEA,SLC,25.1,19.4,2024
2,Feb,Delta,ATL,CLT,34.3,52.0,2024
11,Nov,United,SFO,MCO,52.5,53.1,2024
8,Aug,Spirit,SLC,CLT,10.2,21.5,2024
4,Apr,Frontier,LAX,MIA,14.7,19.6,2024
9,Sep,Delta,DTW,DEN,8.3,12.7,2024
5,May,Delta,IAH,PHX,24.4,18.8,2024
9,Sep,American,CLT,IAH,31.1,27.1,2024
4,Apr,American,DTW,SFO,19.4,21.0,2024
10,Oct,Alaska,SLC,ATL,32.3,36.6,2024
5,May,Delta,SLC,ORD,17.8,9.0,2024
9,Sep,American,LGA,ATL,30.9,22.0,2024
8,Aug,Spirit,SLC,LGA,37.8,24.5,2024
3,Mar,Frontier,EWR,CLT,11.2,21.2,2024
1,Jan,Alaska,MCO,DEN,8.5,33.9,2024
3,Mar,United,SLC,EWR,12.2,10.7,2024
4,Apr,Delta,ATL,BOS,12.2,9.6,2024
2,Feb,American,SLC,SLC,9.8,27.8,2024
1,Jan,United,SFO,DTW,42.3,53.0,2024
7,Jul,Delta,MIA,ORD,14.4,30.8,2024
8,Aug,Alaska,DEN,SLC,6.7,16.2,2024
7,Jul,Delta,LGA,ATL,25.1,33.6,2024
5,May,American,MIA,ATL,1.8,10.1,2024
12,Dec,United,SEA,PHX,26.1,38.4,2024
1,Jan,Delta,PHX,ORD,36.1,45.8,2024
7,Jul,Delta,BOS,MSP,15.0,23.8,2024
7,Jul,Spirit,PHX,JFK,48.7,42.9,2024
9,Sep,Alaska,MSP,MIA,16.5,14.0,2024
3,Mar,JetBlue,IAH,JFK,8.9,5.7,2024
9,Sep,Delta,PHX,ORD,19.5,25.7,2024
1,Jan,JetBlue,SLC,EWR,37.0,39.9,2024
1,Jan,JetBlue,MCO,LAS,28.8,35.7,2024
4,Apr,United,LGA,SEA,18.4,16.8,2024
9,Sep,Southwest,MCO,ORD,19.1,19.2,2024
6,Jun,Alaska,EWR,DEN,-1.5,8.1,2024
11,Nov,JetBlue,DEN,DTW,15.3,34.5,2024
3,Mar,United,ORD,DEN,25.3,25.6,2024
1,Jan,Alaska,CLT,SLC,20.5,22.1,2024
4,Apr,Spirit,LAX,DEN,28.0,29.5,2024
12,Dec,American,MSP,MCO,17.4,21.7,2024
9,Sep,JetBlue,SEA,MCO,35.0,26.3,2024
3,Mar,Southwest,LGA,LAX,17.1,97.4,2024
12,Dec,American,DFW,SFO,7.1,18.6,2024
9,Sep,Alaska,SLC,ATL,32.5,36.4,2024
7,Jul,JetBlue,LAS,IAH,14.7,9.6,2024
12,Dec,Frontier,CLT,PHX,24.5,30.3,2024
4,Apr,Spirit,LAS,JFK,35.7,24.0,2024
3,Mar,JetBlue,LAS,SFO,43.2,30.9,2024
10,Oct,Southwest,DTW,BOS,10.9,17.9,2024
5,May,Delta,EWR,IAH,16.1,24.2,2024
5,May,Southwest,LGA,MIA,16.5,12.2,2024
3,Mar,Spirit,MSP,SLC,25.3,15.7,2024
12,Dec,United,LAS,DFW,33.8,35.6,2024
9,Sep,United,CLT,SLC,5.7,4.9,2024
4,Apr,Spirit,SFO,MSP,32.4,28.8,2024
11,Nov,Spirit,ATL,SLC,21.2,21.3,2024
5,May,Spirit,ATL,LAX,38.5,40.3,2024
4,Apr,Southwest,DEN,LAS,13.7,20.4,2024
5,May,Southwest,LAS,SEA,16.7,11.5,2024
7,Jul,Frontier,BOS,DTW,32.0,31.8,2024
9,Sep,Frontier,JFK,LAS,15.4,3.4,2024
7,Jul,Southwest,MSP,MSP,9.6,53.8,2024
5,May,Frontier,SEA,IAH,26.5,28.7,2024
10,Oct,Southwest,CLT,JFK,5.2,4.5,2024
10,Oct,Spirit,JFK,ORD,21.6,23.7,2024
7,Jul,Southwest,JFK,PHX,23.9,32.8,2024
10,Oct,JetBlue,DFW,PHX,41.7,41.1,2024
5,May,Frontier,MIA,PHX,16.9,24.8,2024
3,Mar,Alaska,IAH,LAS,30.1,29.8,2024
7,Jul,Alaska,ORD,BOS,5.9,12.4,2024
11,Nov,American,ORD,SEA,25.1,20.6,2024
11,Nov,United,BOS,LAS,10.0,3.2,2024
2,Feb,United,JFK,LGA,13.8,20.4,2024
12,Dec,Alaska,JFK,SEA,10.0,29.3,2024
9,Sep,Spirit,SEA,IAH,8.9,14.2,2024
10,Oct,Spirit,CLT,MCO,25.6,43.9,2024
10,Oct,Frontier,IAH,LGA,24.1,20.2,2024
12,Dec,Alaska,MCO,JFK,21.2,32.8,2024
1,Jan,Frontier,EWR,PHX,16.6,24.6,2024
6,Jun,American,JFK,ATL,32.3,31.4,2024
7,Jul,Frontier,LGA,ATL,25.8,35.8,2024
8,Aug,Southwest,LAS,LAS,15.8,20.9,2024
10,Oct,Alaska,SLC,MCO,9.4,10.6,2024
9,Sep,Spirit,IAH,ORD,4.0,326.1,2024
2,Feb,Alaska,DEN,JFK,12.7,25.5,2024
11,Nov,Frontier,JFK,SFO,19.2,17.6,2024
10,Oct,American,BOS,LAS,17.6,25.3,2024
2,Feb,Southwest,MIA,DEN,43.7,47.5,2024
5,May,Frontier,EWR,EWR,9.2,4.7,2024
5,May,United,MCO,LAX,14.8,12.6,2024
6,Jun,Spirit,LGA,ORD,19.6,20.7,2024
3,Mar,Spirit,MCO,ORD,14.2,15.1,2024
8,Aug,Alaska,LAS,MCO,26.3,20.7,2024
1,Jan,Delta,ATL,PHX,24.2,31.7,2024
6,Jun,United,ORD,ORD,26.0,35.8,2024
4,Apr,United,LAS,CLT,24.4,16.9,2024
1,Jan,Delta,SLC,DTW,16.5,26.0,2024
7,Jul,American,MSP,DFW,2.8,17.9,2024
9,Sep,JetBlue,DTW,PHX,41.0,32.5,2024
4,Apr,Southwest,MCO,MIA,14.1,14.1,2024
4,Apr,Southwest,SLC,MIA,12.0,14.3,2024
6,Jun,United,SFO,SEA,10.3,19.9,2024
12,Dec,Frontier,DFW,LAS,23.3,27.0,2024
3,Mar,Delta,BOS,SEA,14.4,14.1,2024
12,Dec,Frontier,DTW,BOS,11.8,20.5,2024
6,Jun,Spirit,LAX,LGA,44.3,52.8,2024
7,Jul,United,ATL,CLT,10.6,12.2,2024
11,Nov,United,IAH,SLC,17.3,9.5,2024
10,Oct,Spirit,MCO,MCO,32.5,23.6,2024
10,Oct,Spirit,SEA,JFK,27.1,20.0,2024
3,Mar,Alaska,ORD,DEN,13.2,13.6,2024
7,Jul,American,JFK,SEA,17.6,9.8,2024
3,Mar,Frontier,MSP,IAH,42.8,47.1,2024
2,Feb,Frontier,LAS,CLT,24.2,36.1,2024
12,Dec,Frontier,LAS,ORD,18.9,24.6,2024
10,Oct,Southwest,MCO,DTW,21.8,33.5,2024
4,Apr,JetBlue,LAS,CLT,36.8,24.7,2024
12,Dec,Delta,CLT,MSP,30.3,43.5,2024
8,Aug,JetBlue,MSP,MCO,36.9,24.5,2024
9,Sep,Delta,EWR,LAS,3.3,10.2,2024
7,Jul,Southwest,LAX,LGA,7.5,12.2,2024
1,Jan,Frontier,DTW,SLC,35.2,49.8,2024
3,Mar,American,JFK,DFW,30.5,37.3,2024
12,Dec,JetBlue,LAX,MCO,12.8,33.9,2024
9,Sep,Delta,SEA,PHX,25.2,17.5,2024
12,Dec,United,DFW,ORD,29.2,36.4,2024
1,Jan,Spirit,DTW,SLC,27.9,29.8,2024
9,Sep,Southwest,MIA,LAS,76.8,75.6,2024
8,Aug,American,DTW,DEN,23.2,37.7,2024
1,Jan,Spirit,BOS,DTW,31.0,43.6,2024
6,Jun,Alaska,EWR,SFO,20.7,25.9,2024
5,May,United,JFK,JFK,24.3,15.6,2024
6,Jun,American,MCO,SEA,21.5,21.1,2024
10,Oct,Delta,ATL,LAX,30.7,35.2,2024
12,Dec,Frontier,BOS,DTW,15.2,24.5,2024
5,May,United,SFO,SFO,36.8,26.0,2024
6,Jun,Alaska,SEA,ORD,12.9,14.0,2024
5,May,Frontier,LAS,MCO,37.7,28.4,2024
11,Nov,Alaska,LAX,JFK,9.4,8.0,2024
12,Dec,American,LGA,DTW,18.6,17.6,2024
5,May,Southwest,MCO,BOS,10.7,10.8,2024
4,Apr,JetBlue,MSP,IAH,1.8,14.1,2024
3,Mar,Alaska,DEN,BOS,16.7,14.3,2024
3,Mar,Alaska,PHX,SFO,1.8,2.4,2024
4,Apr,Spirit,BOS,DEN,19.4,17.9,2024
9,Sep,JetBlue,LGA,BOS,33.9,36.1,2024
2,Feb,United,JFK,LAS,16.5,28.2,2024
9,Sep,Southwest,ORD,MIA,25.1,32.1,2024
1,Jan,Southwest,CLT,DFW,48.7,53.1,2024
1,Jan,Spirit,SFO,DTW,16.7,15.3,2024
5,May,American,JFK,BOS,19.9,20.4,2024
6,Jun,United,DFW,IAH,20.5,23.5,2024
6,Jun,Spirit,SLC,SFO,23.4,18.5,2024
3,Mar,Southwest,DEN,ATL,35.6,23.9,2024
7,Jul,American,ORD,MSP,41.8,44.3,2024
9,Sep,Southwest,LAS,EWR,8.1,9.5,2024
11,Nov,United,JFK,DEN,19.9,22.2,2024
12,Dec,Southwest,MSP,SLC,11.9,28.6,2024
10,Oct,Spirit,MCO,LAS,14.4,14.2,2024
8,Aug,Southwest,DFW,LAS,14.0,22.5,2024
6,Jun,Southwest,LAX,BOS,11.4,20.2,2024
12,Dec,JetBlue,DFW,IAH,49.0,53.5,2024
8,Aug,Delta,SEA,PHX,29.7,35.9,2024
12,Dec,United,MSP,LGA,7.0,21.2,2024
5,May,Frontier,PHX,SLC,45.7,47.0,2024
8,Aug,Frontier,IAH,MIA,17.5,27.4,2024
10,Oct,Frontier,LAS,EWR,24.5,22.8,2024
12,Dec,JetBlue,ATL,SEA,10.8,22.6,2024
4,Apr,Frontier,MSP,CLT,28.8,15.4,2024
10,Oct,Delta,IAH,MIA,38.3,31.1,2024
8,Aug,Alaska,CLT,SFO,4.3,22.4,2024
10,Oct,Southwest,LAX,LAX,25.0,28.8,2024
12,Dec,Southwest,MIA,SLC,22.3,34.6,2024
2,Feb,Spirit,DTW,LAS,18.3,29.6,2024
12,Dec,JetBlue,CLT,IAH,29.3,36.2,2024
12,Dec,American,DTW,MSP,24.0,31.9,2024
5,May,United,EWR,ATL,5.0,10.3,2024
9,Sep,Delta,CLT,SLC,11.6,20.1,2024
4,Apr,Frontier,SLC,MSP,32.2,30.4,2024
11,Nov,Southwest,LAS,DTW,12.5,16.3,2024
6,Jun,Frontier,DEN,LGA,23.7,25.7,2024
1,Jan,Frontier,DEN,MCO,22.0,30.9,2024
9,Sep,United,MIA,ATL,9.6,10.9,2024
1,Jan,Southwest,MCO,DEN,17.6,33.0,2024
5,May,Southwest,DFW,MCO,30.7,30.0,2024
4,Apr,Southwest,MCO,DTW,41.6,49.3,2024
12,Dec,Spirit,IAH,IAH,26.8,39.5,2024
3,Mar,United,ORD,MSP,29.8,29.2,2024
6,Jun,JetBlue,DFW,BOS,29.6,41.6,2024
2,Feb,United,DTW,CLT,6.5,12.9,2024
3,Mar,United,SFO,DFW,11.3,8.8,2024
5,May,Alaska,SEA,LAS,17.7,13.8,2024
9,Sep,Frontier,EWR,ORD,17.5,23.2,2024
2,Feb,American,MCO,MIA,11.0,24.5,2024
10,Oct,Spirit,CLT,CLT,28.7,21.0,2024
8,Aug,American,SFO,EWR,10.4,22.8,2024
2,Feb,Spirit,LGA,SFO,18.1,25.5,2024
11,Nov,JetBlue,BOS,SFO,42.9,48.1,2024
5,May,American,IAH,LAS,19.5,23.7,2024
7,Jul,Frontier,DTW,LGA,36.7,296.3,2024
8,Aug,Frontier,CLT,MSP,15.4,14.4,2024
1,Jan,Spirit,CLT,LAS,10.5,22.4,2024
6,Jun,JetBlue,DEN,LAS,23.8,28.0,2024
1,Jan,Spirit,EWR,MCO,47.4,387.0,2024
2,Feb,Southwest,DEN,BOS,23.7,36.1,2024
1,Jan,Southwest,LAX,SLC,27.5,43.1,2024
11,Nov,Frontier,MCO,CLT,22.4,20.2,2024
5,May,United,LAS,IAH,36.2,149.4,2024
10,Oct,Southwest,LAS,SEA,23.1,16.7,2024
9,Sep,American,DFW,JFK,15.9,6.5,2024
6,Jun,Frontier,CLT,JFK,30.7,30.4,2024
11,Nov,Delta,MIA,ORD,15.0,14.7,2024
11,Nov,United,ATL,ORD,20.6,22.1,2024
1,Jan,JetBlue,IAH,LAX,15.6,28.5,2024
1,Jan,Southwest,ATL,DEN,13.0,31.0,2024
2,Feb,United,SEA,MCO,21.0,25.6,2024
9,Sep,United,EWR,BOS,30.2,12.4,2024
3,Mar,United,IAH,JFK,20.1,13.7,2024
1,Jan,Southwest,LAS,EWR,119.7,120.6,2024
5,May,JetBlue,BOS,DEN,21.0,6.7,2024
7,Jul,Frontier,SLC,JFK,33.9,38.4,2024
6,Jun,United,IAH,DFW,2.8,4.8,2024
12,Dec,Frontier,DEN,DTW,31.5,27.5,2024
1,Jan,United,LAX,ORD,7.0,14.4,2024
5,May,United,SFO,LGA,25.5,18.5,2024
5,May,Alaska,PHX,DEN,9.1,12.2,2024
6,Jun,Frontier,CLT,JFK,7.8,12.4,2024
3,Mar,Southwest,SFO,MCO,11.7,19.8,2024
5,May,Alaska,DEN,DFW,4.9,108.0,2024
7,Jul,American,CLT,MSP,8.5,21.8,2024
5,May,JetBlue,MCO,SEA,16.8,24.7,2024
5,May,United,MCO,MIA,16.6,10.5,2024
5,May,Alaska,CLT,SLC,34.4,34.0,2024
10,Oct,United,PHX,DEN,64.1,62.4,2024
10,Oct,Alaska,DTW,DEN,13.0,20.4,2024
3,Mar,United,PHX,ORD,29.7,32.7,2024
1,Jan,Spirit,LGA,LAX,18.6,31.9,2024
5,May,Southwest,DTW,ORD,39.0,37.8,2024
9,Sep,American,LAX,CLT,17.3,13.4,2024
1,Jan,United,EWR,SFO,22.8,25.7,2024
3,Mar,Alaska,MSP,ORD,5.5,20.2,2024
4,Apr,United,LAS,CLT,38.8,40.0,2024
1,Jan,Southwest,SFO,MIA,3.2,11.7,2024
1,Jan,JetBlue,EWR,EWR,15.6,22.1,2024
8,Aug,JetBlue,PHX,MSP,21.6,39.5,2024
2,Feb,American,LAS,LAX,19.1,30.3,2024
12,Dec,Spirit,SFO,MCO,23.8,38.7,2024
8,Aug,JetBlue,EWR,BOS,17.3,17.3,2024
7,Jul,United,LAS,SFO,25.7,18.3,2024
10,Oct,Southwest,LGA,ATL,9.9,3.5,2024
10,Oct,Spirit,MCO,DTW,44.1,34.8,2024
2,Feb,Frontier,SFO,PHX,22.3,18.1,2024
6,Jun,United,MIA,ORD,15.8,15.7,2024
6,Jun,United,SEA,MIA,19.2,24.0,2024
3,Mar,American,SFO,MCO,36.3,30.7,2024
11,Nov,JetBlue,SLC,CLT,17.3,6.7,2024
2,Feb,JetBlue,MCO,JFK,17.6,37.2,2024
12,Dec,JetBlue,BOS,IAH,20.9,24.0,2024
1,Jan,Alaska,SFO,MSP,13.8,21.2,2024
6,Jun,United,SEA,CLT,8.4,11.7,2024
12,Dec,Southwest,SFO,ORD,36.3,43.3,2024
5,May,Southwest,JFK,CLT,21.3,29.6,2024
11,Nov,Frontier,LAS,ATL,7.6,12.4,2024
9,Sep,United,MSP,PHX,14.7,11.6,2024
1,Jan,Delta,SFO,IAH,58.7,49.5,2024
7,Jul,United,SEA,SEA,27.2,19.6,2024
5,May,Frontier,LGA,BOS,57.9,57.4,2024
5,May,Frontier,LGA,DEN,50.8,47.1,2024
2,Feb,Frontier,EWR,ATL,45.8,151.5,2024
11,Nov,Frontier,LAX,SEA,24.0,97.8,2024
3,Mar,Spirit,SEA,DEN,31.3,35.7,2024
7,Jul,Frontier,LGA,LGA,56.8,52.5,2024
6,Jun,Alaska,MSP,CLT,22.6,25.9,2024
12,Dec,Spirit,IAH,DFW,32.1,27.7,2024
2,Feb,JetBlue,PHX,MSP,19.9,24.7,2024
6,Jun,United,LAX,LGA,15.2,29.0,2024
2,Feb,Alaska,LAX,MSP,8.5,22.3,2024
2,Feb,Delta,DTW,LAX,11.4,21.2,2024
2,Feb,United,EWR,DFW,18.4,27.0,2024
11,Nov,Spirit,SFO,LAX,21.8,27.9,2024
3,Mar,JetBlue,BOS,BOS,1.4,15.7,2024
2,Feb,American,DTW,SLC,17.9,32.8,2024
4,Apr,Southwest,DFW,IAH,15.7,17.7,2024
9,Sep,Delta,DFW,PHX,24.7,14.9,2024
6,Jun,American,IAH,DEN,15.1,15.6,2024
1,Jan,Southwest,ORD,MIA,20.0,26.5,2024
8,Aug,American,ATL,ATL,8.6,7.0,2024
12,Dec,Spirit,LGA,ORD,29.0,32.5,2024
7,Jul,United,SFO,LGA,30.0,42.7,2024
10,Oct,Frontier,EWR,CLT,18.3,18.8,2024
3,Mar,United,DEN,DTW,22.9,38.6,2024
1,Jan,Southwest,SLC,CLT,11.8,23.1,2024
5,May,Southwest,SFO,EWR,15.9,12.1,2024
4,Apr,United,DTW,DFW,22.9,22.8,2024
10,Oct,United,LAX,SLC,18.3,8.9,2024
8,Aug,Alaska,ORD,SEA,20.9,31.3,2024
1,Jan,Southwest,LGA,JFK,14.8,24.6,2024
10,Oct,Southwest,EWR,EWR,5.6,17.3,2024
1,Jan,Frontier,SEA,ORD,21.5,24.0,2024
12,Dec,Frontier,IAH,SEA,13.2,21.0,2024
4,Apr,Frontier,CLT,DEN,14.1,14.0,2024
8,Aug,Frontier,SFO,DEN,30.7,30.1,2024
5,May,Spirit,LAS,BOS,41.2,41.4,2024
2,Feb,Alaska,JFK,ATL,19.5,22.2,2024
6,Jun,Southwest,IAH,SFO,8.7,10.1,2024
5,May,Spirit,IAH,MIA,57.7,46.2,2024
2,Feb,JetBlue,DTW,PHX,45.5,45.7,2024
11,Nov,Spirit,DTW,ORD,23.4,22.9,2024
11,Nov,Alaska,DTW,SEA,6.8,26.0,2024
11,Nov,JetBlue,DFW,ATL,26.0,39.2,2024
3,Mar,Frontier,DFW,SEA,35.5,25.8,2024
9,Sep,United,CLT,MCO,14.1,11.1,2024
7,Jul,JetBlue,CLT,MIA,6.5,20.2,2024
7,Jul,Spirit,IAH,SFO,35.5,38.0,2024
11,Nov,Delta,DTW,EWR,10.8,15.0,2024
6,Jun,United,ATL,SFO,33.9,37.8,2024
8,Aug,Delta,PHX,MSP,6.4,18.8,2024
4,Apr,American,MCO,PHX,2.9,14.1,2024
8,Aug,Delta,PHX,LGA,12.9,28.1,2024
4,Apr,American,PHX,ORD,-0.4,9.0,2024
8,Aug,Delta,LAX,SFO,37.4,38.3,2024
9,Sep,Spirit,SEA,MIA,55.7,44.7,2024
3,Mar,Spirit,ATL,MSP,20.6,11.4,2024
3,Mar,American,ATL,DEN,15.7,33.9,2024
11,Nov,Frontier,DFW,SLC,36.2,37.3,2024
2,Feb,American,SFO,CLT,26.2,24.2,2024
10,Oct,United,LAS,ATL,56.6,50.8,2024
3,Mar,Spirit,EWR,DEN,20.5,5.0,2024
3,Mar,Southwest,DEN,MSP,33.1,35.9,2024
5,May,Southwest,LAX,PHX,10.2,11.8,2024
5,May,United,MIA,DEN,13.9,6.2,2024
2,Feb,American,IAH,ATL,19.2,38.2,2024
12,Dec,Southwest,SLC,PHX,11.2,19.7,2024
10,Oct,Southwest,MSP,IAH,28.5,25.3,2024
6,Jun,Delta,MIA,SEA,15.7,38.5,2024
5,May,JetBlue,MCO,MCO,20.5,14.8,2024
6,Jun,United,SLC,ORD,8.3,16.6,2024
1,Jan,JetBlue,LGA,SLC,12.6,30.3,2024
5,May,American,DEN,SLC,12.4,11.0,2024
9,Sep,Delta,MSP,LAX,5.7,9.9,2024
12,Dec,Southwest,MCO,LGA,22.0,39.0,2024
10,Oct,Alaska,ATL,EWR,21.6,21.9,2024
2,Feb,Delta,PHX,PHX,9.7,16.7,2024
1,Jan,United,SEA,EWR,26.7,27.4,2024
10,Oct,Spirit,SEA,DEN,14.7,21.1,2024
11,Nov,American,SLC,MCO,19.7,22.9,2024
9,Sep,Delta,JFK,ORD,16.2,9.4,2024
10,Oct,Delta,BOS,ORD,11.0,20.0,2024
9,Sep,Delta,SFO,LAX,34.6,44.9,2024
9,Sep,Southwest,EWR,DFW,15.0,13.6,2024
6,Jun,American,LAS,IAH,27.6,26.8,2024
8,Aug,Southwest,PHX,LAX,27.1,89.9,2024
11,Nov,Delta,PHX,JFK,35.8,32.5,2024
1,Jan,Spirit,PHX,ORD,39.6,38.1,2024
10,Oct,Southwest,MCO,ORD,45.6,35.8,2024
4,Apr,Southwest,EWR,LAX,19.0,18.5,2024
1,Jan,United,ATL,ORD,18.6,12.1,2024
8,Aug,Frontier,LGA,LGA,19.1,24.4,2024
1,Jan,JetBlue,DTW,DTW,44.6,55.8,2024
3,Mar,JetBlue,SLC,SFO,39.2,36.0,2024
4,Apr,Frontier,LGA,JFK,30.4,22.4,2024
8,Aug,United,DTW,SEA,15.4,21.6,2024
6,Jun,United,SEA,SLC,43.9,46.2,2024
10,Oct,Alaska,LAS,SLC,-6.3,5.4,2024
12,Dec,Frontier,SEA,BOS,35.1,42.1,2024
7,Jul,Southwest,MSP,DEN,23.6,24.3,2024
8,Aug,Alaska,LGA,DEN,10.8,19.6,2024
2,Feb,Southwest,SLC,DTW,14.4,18.2,2024
10,Oct,American,SFO,LGA,19.2,23.1,2024
11,Nov,JetBlue,LGA,EWR,22.8,16.3,2024
8,Aug,Southwest,ATL,DFW,27.3,18.4,2024
3,Mar,American,DEN,SEA,6.0,2.5,2024
7,Jul,Frontier,JFK,ORD,56.4,62.7,2024
3,Mar,Spirit,LAX,DEN,51.1,41.4,2024
7,Jul,Alaska,EWR,SFO,6.9,13.6,2024
11,Nov,JetBlue,DEN,IAH,24.9,26.3,2024
12,Dec,Frontier,DEN,SEA,41.9,58.0,2024
2,Feb,American,BOS,MIA,6.4,34.5,2024
10,Oct,American,ORD,DTW,22.9,30.3,2024
6,Jun,United,EWR,IAH,25.5,38.7,2024
3,Mar,Delta,JFK,MSP,30.7,274.0,2024
3,Mar,Delta,CLT,JFK,17.2,17.9,2024
9,Sep,Delta,CLT,MSP,8.3,17.5,2024
7,Jul,American,EWR,ATL,17.2,25.2,2024
5,May,Southwest,MCO,MIA,38.7,48.9,2024
12,Dec,Frontier,MSP,SFO,28.0,35.8,2024
10,Oct,Alaska,BOS,PHX,11.8,23.6,2024
7,Jul,Delta,PHX,LAX,9.2,13.5,2024
9,Sep,Southwest,DTW,EWR,24.9,24.8,2024
1,Jan,Spirit,LAX,DEN,26.2,36.8,2024
7,Jul,Spirit,ORD,EWR,26.1,31.8,2024
6,Jun,JetBlue,LAS,EWR,26.4,28.1,2024
10,Oct,Alaska,MIA,CLT,31.7,31.1,2024
12,Dec,Alaska,MIA,LAS,35.0,44.9,2024
9,Sep,Delta,PHX,ATL,19.6,26.1,2024
1,Jan,American,DTW,LAS,27.1,22.2,2024
4,Apr,United,LAS,MIA,10.3,8.4,2024
9,Sep,Spirit,MCO,DEN,26.3,12.6,2024
4,Apr,American,PHX,JFK,8.0,6.5,2024
10,Oct,Frontier,LAS,SEA,23.4,4.0,2024
3,Mar,Alaska,DEN,CLT,43.1,35.0,2024
9,Sep,Spirit,SEA,EWR,34.9,27.0,2024
2,Feb,Southwest,MIA,IAH,30.1,39.6,2024
4,Apr,Spirit,ATL,BOS,16.7,19.3,2024
6,Jun,JetBlue,PHX,DFW,30.2,33.1,2024
2,Feb,Alaska,ATL,EWR,5.1,17.5,2024
8,Aug,American,SFO,MIA,45.7,47.3,2024
8,Aug,Alaska,DTW,SFO,21.4,143.3,2024
1,Jan,Frontier,DEN,CLT,63.0,66.9,2024
12,Dec,United,LGA,LGA,31.3,37.9,2024
3,Mar,Spirit,JFK,CLT,34.9,21.3,2024
10,Oct,United,EWR,PHX,15.1,15.5,2024
9,Sep,JetBlue,MIA,DFW,21.2,27.5,2024
5,May,Delta,PHX,LGA,10.1,3.2,2024
6,Jun,Frontier,CLT,DFW,19.2,14.4,2024
4,Apr,American,SFO,MIA,50.2,44.8,2024
10,Oct,Alaska,LAX,DFW,21.3,67.2,2024
2,Feb,Frontier,BOS,BOS,18.2,36.7,2024
11,Nov,Frontier,SLC,PHX,14.8,20.0,2024
8,Aug,American,BOS,DTW,20.2,29.9,2024
11,Nov,United,EWR,IAH,37.7,34.6,2024
6,Jun,Southwest,JFK,JFK,16.7,24.6,2024
5,May,Frontier,ORD,DEN,29.0,33.3,2024
9,Sep,American,LAX,LAX,40.0,47.7,2024
1,Jan,Spirit,MCO,MSP,23.0,29.0,2024
5,May,Frontier,DEN,DTW,33.5,33.4,2024
6,Jun,United,MIA,ORD,33.8,34.9,2024
5,May,Southwest,ORD,MIA,15.1,12.6,2024
6,Jun,Delta,ORD,DFW,-3.5,14.4,2024
6,Jun,Spirit,DEN,MSP,29.3,40.5,2024
7,Jul,Delta,MIA,SEA,21.7,25.0,2024
4,Apr,United,ORD,SEA,11.9,9.7,2024
11,Nov,Spirit,MSP,MSP,22.7,19.2,2024
8,Aug,United,SEA,PHX,11.3,25.4,2024
7,Jul,Delta,MCO,MSP,6.3,15.7,2024
9,Sep,United,PHX,MSP,32.6,36.6,2024
7,Jul,Spirit,LAX,LGA,18.9,11.2,2024
3,Mar,JetBlue,DFW,JFK,49.0,35.9,2024
3,Mar,American,IAH,LAX,25.9,26.5,2024
8,Aug,JetBlue,SLC,LGA,19.0,5.5,2024
5,May,Southwest,DFW,BOS,15.9,13.4,2024
4,Apr,United,MCO,JFK,42.8,40.4,2024
8,Aug,United,LAS,DEN,22.3,23.1,2024
6,Jun,Spirit,EWR,DEN,34.6,23.7,2024
2,Feb,Southwest,JFK,LAS,19.5,25.2,2024
4,Apr,Spirit,DFW,ORD,22.6,15.6,2024
12,Dec,American,LAS,MCO,10.6,16.3,2024
11,Nov,Delta,MSP,DEN,24.9,27.8,2024
4,Apr,Frontier,LAS,SFO,42.8,42.1,2024
6,Jun,JetBlue,JFK,BOS,6.5,17.6,2024
6,Jun,American,SLC,SFO,19.2,22.0,2024
1,Jan,Delta,DTW,PHX,26.7,31.3,2024
8,Aug,Delta,CLT,SEA,45.5,58.8,2024
6,Jun,United,ORD,LGA,23.0,38.5,2024
3,Mar,Southwest,DEN,DEN,48.1,43.0,2024
9,Sep,Alaska,IAH,CLT,11.3,16.6,2024
2,Feb,Frontier,DTW,LAS,7.8,14.8,2024
11,Nov,United,EWR,MIA,11.2,-2.8,2024
8,Aug,Spirit,DTW,MSP,20.6,23.0,2024
10,Oct,Alaska,LAS,IAH,22.7,24.3,2024
3,Mar,Frontier,CLT,LGA,22.5,22.2,2024
12,Dec,Southwest,SFO,LAS,12.1,23.7,2024
5,May,Frontier,DTW,PHX,34.1,25.2,2024
6,Jun,United,JFK,DEN,45.8,45.6,2024
10,Oct,JetBlue,CLT,MIA,50.1,39.5,2024
6,Jun,United,MCO,CLT,15.6,14.6,2024
4,Apr,JetBlue,SEA,LAX,9.3,1.6,2024
3,Mar,Alaska,LAX,MCO,11.6,11.4,2024
4,Apr,American,SEA,DTW,27.4,37.4,2024
1,Jan,American,ATL,DEN,14.3,21.7,2024
4,Apr,Alaska,LGA,JFK,13.9,4.3,2024
1,Jan,Alaska,SLC,CLT,19.7,27.2,2024
12,Dec,United,DEN,DFW,32.0,32.6,2024
1,Jan,American,MCO,PHX,25.1,41.6,2024
10,Oct,Delta,EWR,SLC,21.8,22.2,2024
6,Jun,Frontier,SFO,LAS,9.4,14.1,2024
5,May,JetBlue,SFO,PHX,43.5,46.1,2024
11,Nov,Alaska,IAH,DFW,21.3,13.7,2024
4,Apr,Spirit,IAH,DFW,28.5,21.1,2024
11,Nov,Southwest,LAX,JFK,10.9,12.3,2024
3,Mar,JetBlue,CLT,SEA,17.8,14.5,2024
1,Jan,United,DTW,EWR,23.2,103.9,2024
6,Jun,American,IAH,SEA,31.0,30.4,2024
2,Feb,American,LAS,EWR,41.8,44.2,2024
8,Aug,Frontier,DTW,JFK,22.3,22.3,2024
10,Oct,Delta,DEN,LGA,-8.0,9.2,2024
5,May,American,MIA,ATL,13.2,18.4,2024
7,Jul,United,SEA,SLC,24.6,25.3,2024
10,Oct,United,DEN,IAH,17.3,18.6,2024
12,Dec,Southwest,MIA,LGA,10.2,26.2,2024
2,Feb,JetBlue,DEN,LGA,26.3,32.3,2024
8,Aug,Spirit,LGA,BOS,26.3,25.4,2024
2,Feb,Frontier,DFW,BOS,14.1,30.1,2024
4,Apr,JetBlue,CLT,JFK,5.8,13.5,2024
1,Jan,JetBlue,SLC,SFO,15.8,35.6,2024
5,May,Spirit,LAX,SEA,22.8,26.3,2024
9,Sep,Frontier,LGA,ORD,37.7,36.1,2024
1,Jan,Southwest,BOS,LGA,12.8,17.4,2024
9,Sep,Southwest,LGA,SEA,28.6,26.6,2024
11,Nov,Southwest,PHX,MIA,30.8,37.9,2024
8,Aug,Delta,IAH,MCO,22.9,23.6,2024
6,Jun,Southwest,SLC,IAH,12.6,25.8,2024
7,Jul,Frontier,IAH,EWR,41.8,40.7,2024
3,Mar,American,MSP,MSP,21.3,16.5,2024
1,Jan,Alaska,DTW,LAS,24.3,27.2,2024
5,May,Delta,EWR,SLC,10.4,9.8,2024
12,Dec,Spirit,IAH,SFO,16.7,34.6,2024
12,Dec,American,IAH,LGA,7.1,35.4,2024
2,Feb,Spirit,EWR,SEA,33.8,42.2,2024
5,May,JetBlue,LGA,SEA,16.9,6.2,2024
8,Aug,United,SFO,ORD,20.4,16.4,2024
11,Nov,JetBlue,BOS,EWR,8.4,5.7,2024
9,Sep,Southwest,LAX,BOS,20.7,169.9,2024
2,Feb,United,PHX,CLT,33.6,33.6,2024
12,Dec,JetBlue,DEN,DFW,31.3,46.4,2024
3,Mar,Delta,ORD,SFO,32.3,35.9,2024
3,Mar,Southwest,SLC,MIA,45.9,47.6,2024
1,Jan,JetBlue,MSP,DEN,34.5,35.4,2024
8,Aug,United,BOS,MSP,54.6,54.9,2024
6,Jun,American,ORD,MIA,28.1,28.6,2024
12,Dec,JetBlue,JFK,DEN,29.4,40.3,2024
8,Aug,Delta,DTW,SEA,14.9,25.5,2024
11,Nov,United,DFW,LGA,22.6,20.5,2024
9,Sep,JetBlue,MSP,MIA,26.3,17.3,2024
5,May,American,SLC,SLC,19.1,10.7,2024
12,Dec,Southwest,IAH,IAH,15.2,21.8,2024
3,Mar,Frontier,ORD,PHX,21.0,22.5,2024
5,May,Southwest,MCO,DEN,8.3,5.8,2024
5,May,Spirit,JFK,ATL,14.1,19.5,2024
5,May,Southwest,EWR,LGA,18.6,20.8,2024
3,Mar,Alaska,MCO,LGA,9.1,8.5,2024
11,Nov,United,ORD,ATL,11.0,5.6,2024
10,Oct,Spirit,BOS,ATL,20.9,23.6,2024
4,Apr,Spirit,SLC,LAS,35.9,32.4,2024
9,Sep,Spirit,SLC,DFW,22.6,18.5,2024
10,Oct,Alaska,DFW,LAS,18.1,13.6,2024
9,Sep,Spirit,ATL,DTW,24.8,18.4,2024
2,Feb,American,LAX,CLT,24.6,214.4,2024
8,Aug,Frontier,MSP,EWR,20.9,21.6,2024
8,Aug,American,MSP,EWR,25.2,29.1,2024
7,Jul,JetBlue,LAX,MSP,18.2,18.9,2024
8,Aug,Southwest,SLC,DTW,13.6,19.6,2024
3,Mar,United,EWR,LAS,20.1,25.3,2024
6,Jun,Alaska,BOS,LAS,24.1,25.9,2024
1,Jan,Alaska,ATL,DFW,11.1,87.0,2024
7,Jul,Southwest,LAS,PHX,8.0,9.3,2024
1,Jan,Alaska,LGA,ORD,36.0,39.9,2024
9,Sep,Southwest,PHX,LAS,27.5,24.8,2024
1,Jan,Frontier,IAH,SLC,31.2,39.9,2024
1,Jan,JetBlue,SLC,EWR,18.8,22.3,2024
7,Jul,JetBlue,SFO,EWR,46.2,59.8,2024
2,Feb,JetBlue,SLC,LGA,19.7,13.7,2024
5,May,Delta,CLT,IAH,12.1,16.7,2024
8,Aug,Delta,LAS,PHX,5.5,15.8,2024
8,Aug,Alaska,PHX,SLC,23.1,21.8,2024
3,Mar,United,MCO,CLT,24.7,14.4,2024
7,Jul,United,MCO,CLT,12.2,12.9,2024
3,Mar,JetBlue,DFW,MIA,11.6,7.9,2024
6,Jun,American,JFK,SEA,13.1,13.9,2024
6,Jun,United,DFW,EWR,28.2,22.3,2024
3,Mar,Alaska,DEN,PHX,15.2,23.1,2024
7,Jul,Spirit,LAS,LAS,49.8,51.4,2024
3,Mar,Delta,BOS,CLT,10.5,10.4,2024
8,Aug,Frontier,SEA,DEN,49.7,50.7,2024
10,Oct,Spirit,DEN,MCO,22.1,14.3,2024
4,Apr,Spirit,MIA,LAX,37.7,37.6,2024
1,Jan,Alaska,MIA,EWR,15.2,25.3,2024
4,Apr,Alaska,MSP,IAH,11.7,4.3,2024
7,Jul,Delta,DTW,EWR,32.5,31.5,2024
11,Nov,Frontier,SEA,DEN,15.5,26.8,2024
4,Apr,Southwest,IAH,ATL,12.8,28.4,2024
6,Jun,Spirit,SLC,SLC,53.5,40.6,2024
9,Sep,JetBlue,BOS,PHX,16.1,12.7,2024
1,Jan,Frontier,BOS,MSP,22.8,27.5,2024
5,May,Spirit,IAH,MIA,32.1,23.3,2024
11,Nov,Alaska,PHX,CLT,11.3,12.6,2024
7,Jul,Frontier,SFO,LAX,12.9,16.9,2024
1,Jan,American,IAH,JFK,30.1,40.8,2024
4,Apr,Frontier,BOS,MIA,49.7,67.0,2024
6,Jun,JetBlue,DTW,CLT,44.8,38.0,2024
2,Feb,Spirit,CLT,LAS,22.4,20.8,2024
10,Oct,Delta,EWR,BOS,29.2,30.7,2024
5,May,American,LAX,DFW,20.4,160.1,2024
11,Nov,United,IAH,DTW,10.1,7.9,2024
10,Oct,Southwest,BOS,ORD,10.3,7.2,2024
1,Jan,Alaska,EWR,LGA,5.6,21.8,2024
6,Jun,Delta,MSP,MSP,13.1,19.3,2024
6,Jun,Southwest,MCO,SEA,38.2,39.2,2024
4,Apr,Alaska,LGA,BOS,3.4,8.3,2024
8,Aug,Spirit,IAH,BOS,29.7,29.4,2024
4,Apr,Spirit,ORD,BOS,28.7,20.0,2024
8,Aug,Alaska,PHX,LAX,18.8,33.2,2024
8,Aug,Frontier,ATL,PHX,23.4,170.1,2024
5,May,JetBlue,JFK,LAS,49.0,53.0,2024
4,Apr,American,ORD,ATL,27.6,23.2,2024
12,Dec,JetBlue,SLC,DFW,14.5,33.7,2024
2,Feb,Frontier,DFW,DTW,49.8,49.3,2024
11,Nov,Southwest,MCO,EWR,23.2,15.5,2024
3,Mar,Spirit,ORD,IAH,22.1,16.5,2024
3,Mar,Delta,SEA,LAX,33.0,38.4,2024
4,Apr,Southwest,SEA,JFK,9.1,3.6,2024
4,Apr,Delta,SFO,ORD,13.4,14.0,2024
10,Oct,Spirit,LAX,MCO,24.5,27.6,2024
11,Nov,Spirit,JFK,SLC,30.3,9.5,2024
11,Nov,Southwest,EWR,MSP,10.5,10.6,2024
5,May,Frontier,PHX,LGA,25.7,29.7,2024
4,Apr,JetBlue,DFW,DTW,21.7,31.1,2024
11,Nov,Frontier,MSP,MIA,30.0,24.2,2024
10,Oct,Spirit,PHX,EWR,23.5,23.8,2024
8,Aug,Southwest,DTW,MIA,16.3,15.3,2024
6,Jun,United,LAS,IAH,19.6,21.1,2024
6,Jun,Spirit,MIA,LAX,36.5,38.9,2024
8,Aug,JetBlue,IAH,SEA,48.2,53.5,2024
7,Jul,Southwest,MIA,DTW,9.9,17.7,2024
10,Oct,Southwest,LGA,LAX,43.1,28.9,2024
11,Nov,American,LAX,MSP,15.6,19.9,2024
12,Dec,Spirit,ORD,PHX,18.4,37.7,2024
10,Oct,JetBlue,MIA,SEA,40.4,30.5,2024
8,Aug,American,IAH,SFO,50.3,43.6,2024
2,Feb,JetBlue,ORD,MSP,15.0,28.0,2024
9,Sep,Frontier,CLT,SLC,23.1,27.6,2024
1,Jan,Delta,MIA,CLT,26.1,48.1,2024
8,Aug,JetBlue,MIA,LAX,11.4,14.4,2024
12,Dec,JetBlue,MCO,DEN,49.8,56.1,2024
11,Nov,Southwest,MIA,SLC,17.0,17.5,2024
12,Dec,United,SLC,ATL,20.7,23.4,2024
12,Dec,Alaska,ATL,SFO,40.5,44.3,2024
4,Apr,JetBlue,DEN,IAH,33.5,37.8,2024
4,Apr,American,PHX,ATL,32.0,25.5,2024
5,May,United,PHX,ATL,18.8,22.9,2024
8,Aug,Frontier,DTW,SFO,12.4,6.7,2024
5,May,JetBlue,LAX,LGA,35.0,25.6,2024
8,Aug,United,DFW,JFK,21.2,19.6,2024
10,Oct,Frontier,LAX,MCO,24.3,20.3,2024
1,Jan,Delta,IAH,BOS,48.6,59.1,2024
12,Dec,United,MSP,MCO,11.1,13.7,2024
10,Oct,Delta,SLC,CLT,3.7,9.7,2024
9,Sep,United,DEN,MSP,33.4,22.4,2024
6,Jun,United,MCO,BOS,58.2,58.3,2024
3,Mar,American,LAX,LAX,31.3,30.1,2024
8,Aug,Alaska,MIA,IAH,22.0,29.6,2024
9,Sep,American,IAH,DFW,13.3,19.9,2024
6,Jun,Southwest,JFK,PHX,25.1,33.7,2024
11,Nov,United,PHX,MIA,15.0,18.8,2024
7,Jul,Delta,LGA,JFK,3.9,137.4,2024
1,Jan,Spirit,MIA,JFK,36.4,46.8,2024
5,May,United,SLC,LAS,6.2,6.6,2024
5,May,Spirit,LGA,MCO,20.0,9.8,2024
10,Oct,JetBlue,DFW,MSP,17.3,194.0,2024
4,Apr,Delta,DTW,DEN,45.9,52.5,2024
6,Jun,JetBlue,MCO,JFK,16.4,30.7,2024
7,Jul,Southwest,DFW,DFW,33.1,42.6,2024
9,Sep,Frontier,DTW,JFK,57.1,49.1,2024
1,Jan,JetBlue,DFW,IAH,26.5,34.7,2024
6,Jun,Frontier,JFK,MSP,49.7,45.7,2024
7,Jul,Frontier,LAS,ORD,67.5,285.1,2024
3,Mar,Southwest,BOS,PHX,10.4,5.8,2024
8,Aug,Southwest,SEA,DFW,15.1,18.6,2024
5,May,Southwest,DFW,CLT,20.5,16.1,2024
9,Sep,Frontier,DEN,BOS,25.8,21.1,2024
5,May,JetBlue,JFK,CLT,11.7,17.8,2024
9,Sep,Southwest,DEN,PHX,16.4,-1.1,2024
10,Oct,Southwest,SLC,BOS,6.3,8.6,2024
4,Apr,American,SEA,SEA,44.3,45.6,2024
9,Sep,Spirit,LAS,ORD,10.8,18.0,2024
5,May,Frontier,CLT,SFO,20.9,30.8,2024
10,Oct,Alaska,DFW,IAH,11.9,18.4,2024
9,Sep,United,LAS,ORD,45.4,47.7,2024
3,Mar,Southwest,SFO,CLT,13.0,11.1,2024
4,Apr,Delta,SEA,LAX,43.8,40.6,2024
9,Sep,Delta,CLT,CLT,7.4,9.8,2024
10,Oct,American,SLC,MSP,21.4,16.7,2024
11,Nov,JetBlue,CLT,MCO,9.3,6.8,2024
6,Jun,JetBlue,DEN,PHX,25.8,35.6,2024
2,Feb,JetBlue,SLC,SEA,15.7,26.4,2024
7,Jul,Frontier,SFO,EWR,31.4,34.9,2024
2,Feb,Southwest,JFK,EWR,19.9,27.3,2024
11,Nov,Alaska,SLC,LAX,42.0,43.7,2024
2,Feb,Spirit,LGA,LAS,36.7,49.5,2024
11,Nov,Alaska,PHX,SEA,28.5,33.1,2024
1,Jan,JetBlue,SLC,MIA,29.5,27.6,2024
11,Nov,JetBlue,MIA,ATL,25.2,13.3,2024
11,Nov,United,CLT,MIA,15.8,13.0,2024
12,Dec,Alaska,PHX,IAH,10.7,22.3,2024
11,Nov,Southwest,MIA,CLT,11.8,17.2,2024
3,Mar,Southwest,ORD,LAS,12.1,15.1,2024
6,Jun,Spirit,ORD,LAS,20.4,24.4,2024
8,Aug,Frontier,IAH,ATL,12.3,209.0,2024
9,Sep,Delta,MIA,SFO,12.0,13.1,2024
7,Jul,Delta,MCO,BOS,20.8,30.5,2024
4,Apr,United,IAH,PHX,22.1,27.5,2024
6,Jun,American,CLT,SLC,19.1,33.2,2024
5,May,Southwest,SFO,EWR,13.9,5.4,2024
8,Aug,Spirit,PHX,JFK,18.1,25.0,2024
1,Jan,Delta,MCO,MIA,2.4,22.8,2024
1,Jan,JetBlue,PHX,SLC,3.6,21.8,2024
11,Nov,Southwest,MSP,SLC,27.4,23.8,2024
6,Jun,Southwest,CLT,IAH,17.4,36.3,2024
10,Oct,Southwest,IAH,CLT,15.5,10.0,2024
12,Dec,Alaska,DFW,EWR,16.4,31.6,2024
2,Feb,Delta,MCO,DTW,26.5,33.4,2024
5,May,United,LGA,SEA,21.8,18.7,2024
1,Jan,Delta,ORD,SEA,35.7,44.7,2024
7,Jul,Frontier,LAX,LAX,21.1,17.8,2024
1,Jan,JetBlue,DFW,JFK,17.7,19.0,2024
4,Apr,JetBlue,ATL,MSP,17.3,20.3,2024
9,Sep,American,CLT,MSP,31.9,23.1,2024
1,Jan,Delta,ATL,BOS,1.7,17.2,2024
4,Apr,Delta,JFK,LAX,27.0,23.1,2024
6,Jun,American,SFO,MCO,11.7,26.7,2024
6,Jun,Frontier,SLC,BOS,23.1,116.6,2024
12,Dec,American,BOS,LGA,37.3,57.6,2024
8,Aug,Southwest,ATL,JFK,9.7,231.9,2024
1,Jan,Southwest,SFO,SFO,32.8,54.2,2024
7,Jul,Frontier,SLC,JFK,21.3,17.4,2024
1,Jan,JetBlue,MSP,DFW,11.7,15.9,2024
7,Jul,Spirit,BOS,LAS,22.9,18.5,2024
3,Mar,Spirit,BOS,DEN,25.5,29.4,2024
11,Nov,Spirit,MSP,PHX,38.1,27.9,2024
8,Aug,Spirit,DTW,CLT,25.2,30.7,2024
3,Mar,United,BOS,SEA,9.5,11.4,2024
1,Jan,JetBlue,MCO,DFW,21.2,23.7,2024
8,Aug,Alaska,BOS,DEN,20.2,26.1,2024
3,Mar,Delta,JFK,SFO,-3.4,11.1,2024
2,Feb,Spirit,PHX,JFK,48.3,48.1,2024
1,Jan,United,MCO,MSP,20.2,32.4,2024
3,Mar,Southwest,LAS,SLC,6.0,11.7,2024
2,Feb,American,LAX,PHX,10.5,37.8,2024
2,Feb,American,SFO,CLT,16.8,26.3,2024
6,Jun,Frontier,LAS,ORD,41.8,222.6,2024
12,Dec,Spirit,BOS,IAH,29.0,32.8,2024
1,Jan,JetBlue,DEN,DTW,28.4,32.3,2024
2,Feb,Spirit,ATL,ORD,23.2,28.2,2024
6,Jun,Delta,CLT,MIA,10.7,17.2,2024
3,Mar,Delta,SEA,PHX,18.4,21.2,2024
4,Apr,American,ATL,LGA,12.9,16.6,2024
1,Jan,Frontier,IAH,MSP,37.8,47.7,2024
8,Aug,JetBlue,MSP,LAX,33.5,46.3,2024
7,Jul,Alaska,ATL,MSP,1.6,16.2,2024
7,Jul,JetBlue,DEN,SLC,34.0,38.5,2024
3,Mar,Southwest,IAH,DEN,13.3,0.5,2024
10,Oct,Spirit,EWR,EWR,13.4,15.6,2024
10,Oct,Southwest,PHX,PHX,7.6,16.8,2024
3,Mar,Southwest,DFW,BOS,14.0,11.1,2024
2,Feb,Spirit,ATL,MCO,19.4,18.4,2024
12,Dec,Alaska,SEA,MSP,16.0,20.1,2024
1,Jan,United,DEN,EWR,27.5,35.9,2024
7,Jul,JetBlue,LAX,ATL,35.2,48.6,2024
7,Jul,JetBlue,LGA,LAS,21.0,25.0,2024
12,Dec,Alaska,SFO,EWR,6.3,21.4,2024
2,Feb,Spirit,LGA,SLC,41.3,43.0,2024
7,Jul,Southwest,JFK,CLT,21.2,20.9,2024
8,Aug,American,CLT,IAH,22.4,203.1,2024
1,Jan,Frontier,DEN,BOS,19.1,30.1,2024
9,Sep,Southwest,CLT,DTW,23.4,19.9,2024
7,Jul,United,IAH,ORD,19.7,23.3,2024
3,Mar,Alaska,IAH,DFW,12.6,21.3,2024
8,Aug,Spirit,JFK,JFK,35.2,29.2,2024
7,Jul,Frontier,LAX,EWR,10.5,11.9,2024
11,Nov,American,LGA,MSP,18.8,13.9,2024
8,Aug,JetBlue,DFW,BOS,18.5,22.5,2024
6,Jun,United,BOS,BOS,27.4,22.5,2024
9,Sep,United,SLC,LAX,28.0,28.1,2024
5,May,Frontier,LAX,MSP,18.6,18.4,2024
3,Mar,Alaska,LAX,ORD,16.4,22.8,2024
3,Mar,American,DTW,MSP,2.5,16.9,2024
1,Jan,Southwest,CLT,LAX,14.2,20.9,2024
12,Dec,Southwest,MCO,SLC,16.4,27.3,2024
8,Aug,Delta,LAX,LAS,30.2,33.4,2024
2,Feb,American,DFW,MCO,19.8,38.0,2024
3,Mar,Southwest,SLC,ATL,26.2,20.3,2024
8,Aug,United,LAS,MSP,8.6,15.6,2024
8,Aug,Alaska,SFO,LAX,10.9,18.3,2024
11,Nov,Southwest,MSP,CLT,18.1,19.9,2024
4,Apr,Alaska,BOS,SLC,2.5,15.0,2024
4,Apr,Frontier,ORD,EWR,20.4,17.2,2024
5,May,Frontier,MSP,MIA,48.4,37.1,2024
6,Jun,Southwest,CLT,CLT,25.1,20.2,2024
5,May,Alaska,DTW,JFK,18.5,17.4,2024
7,Jul,United,LAS,DTW,15.9,19.5,2024
2,Feb,American,MSP,JFK,32.2,53.9,2024
7,Jul,Delta,DFW,SLC,27.6,24.6,2024
10,Oct,Alaska,SEA,DEN,17.4,25.1,2024
7,Jul,Southwest,ORD,MIA,10.8,27.7,2024
1,Jan,Alaska,LAX,DFW,11.4,18.9,2024
7,Jul,Alaska,SLC,LAS,9.1,19.6,2024
5,May,Southwest,SEA,LAS,34.5,32.2,2024
3,Mar,Spirit,LGA,LGA,20.0,21.4,2024
3,Mar,Southwest,MSP,SEA,26.7,17.0,2024
4,Apr,American,SFO,CLT,16.1,15.5,2024
12,Dec,United,LAS,LAS,24.1,25.1,2024
2,Feb,Frontier,BOS,DEN,37.1,46.5,2024
2,Feb,United,DTW,DFW,19.9,12.3,2024
1,Jan,Frontier,DTW,MCO,22.3,19.2,2024
5,May,United,CLT,IAH,14.7,3.6,2024
4,Apr,United,ORD,LAS,18.8,14.7,2024
11,Nov,United,CLT,ORD,17.6,25.0,2024
10,Oct,Frontier,SLC,LAS,2.6,14.9,2024
2,Feb,Spirit,MCO,LAS,17.2,20.2,2024
3,Mar,United,DTW,DFW,25.0,24.3,2024
7,Jul,Southwest,SEA,SFO,53.7,53.8,2024
7,Jul,Southwest,DEN,SFO,30.1,36.6,2024
12,Dec,United,SLC,SEA,16.9,25.7,2024
4,Apr,United,DFW,ATL,4.9,7.6,2024
5,May,American,DTW,LAS,31.2,35.5,2024
5,May,Alaska,EWR,BOS,16.4,14.3,2024
6,Jun,American,MCO,JFK,3.7,14.5,2024
9,Sep,JetBlue,JFK,MSP,38.4,19.4,2024
2,Feb,Southwest,JFK,DEN,23.2,29.0,2024
5,May,Spirit,ORD,SLC,22.2,20.5,2024
12,Dec,United,CLT,ATL,18.4,27.7,2024
3,Mar,Spirit,ORD,IAH,21.2,15.0,2024
4,Apr,Alaska,MIA,SEA,36.9,52.0,2024
10,Oct,Spirit,ORD,SEA,26.1,11.3,2024
6,Jun,Southwest,PHX,CLT,54.2,57.9,2024
12,Dec,Spirit,IAH,SLC,26.1,44.0,2024
8,Aug,JetBlue,ATL,PHX,31.0,28.4,2024
1,Jan,Frontier,EWR,EWR,20.2,49.9,2024
10,Oct,American,EWR,MIA,23.9,19.6,2024
8,Aug,JetBlue,PHX,BOS,17.2,18.4,2024
11,Nov,Delta,ATL,EWR,29.8,28.0,2024
7,Jul,Spirit,DFW,EWR,56.4,49.5,2024
1,Jan,Frontier,ORD,MCO,32.9,34.4,2024
2,Feb,American,DEN,ORD,25.2,32.9,2024
3,Mar,Frontier,BOS,LAS,18.3,27.2,2024
1,Jan,Southwest,BOS,SEA,15.2,30.6,2024
9,Sep,American,MSP,PHX,18.4,12.0,2024
8,Aug,JetBlue,BOS,MSP,27.4,29.6,2024
2,Feb,Frontier,EWR,IAH,54.2,54.6,2024
9,Sep,United,MSP,MSP,4.9,12.8,2024
7,Jul,Alaska,DEN,MSP,35.2,40.3,2024
9,Sep,JetBlue,DFW,CLT,13.5,-3.0,2024
6,Jun,JetBlue,CLT,MSP,12.4,9.8,2024
6,Jun,Spirit,BOS,EWR,34.3,33.6,2024
11,Nov,Frontier,SLC,SEA,37.1,30.2,2024
4,Apr,Spirit,SLC,SLC,34.0,24.7,2024
10,Oct,United,MIA,PHX,29.9,35.1,2024
10,Oct,Alaska,JFK,BOS,23.5,24.0,2024
2,Feb,Frontier,LAS,DTW,21.3,28.7,2024
7,Jul,Southwest,ATL,JFK,33.4,39.8,2024
5,May,Alaska,BOS,LAS,16.8,24.1,2024
11,Nov,Spirit,DTW,SFO,26.1,19.4,2024
6,Jun,Southwest,JFK,JFK,8.3,8.4,2024
2,Feb,American,ATL,ATL,25.2,23.1,2024
5,May,Frontier,LAX,DTW,27.4,32.8,2024
10,Oct,JetBlue,MIA,JFK,31.0,38.0,2024
4,Apr,American,ORD,BOS,28.9,30.9,2024
9,Sep,United,PHX,LGA,21.4,13.2,2024
6,Jun,Delta,JFK,DEN,15.8,30.9,2024
2,Feb,Spirit,JFK,MIA,20.5,32.4,2024
1,Jan,Southwest,MCO,DEN,16.7,19.2,2024
5,May,United,LAX,BOS,16.0,16.3,2024
9,Sep,Southwest,PHX,ORD,13.8,23.3,2024
6,Jun,American,JFK,LAS,18.5,30.7,2024
10,Oct,Delta,LGA,JFK,4.1,-6.4,2024
12,Dec,Spirit,DTW,LAX,26.9,31.7,2024
7,Jul,Alaska,DEN,LAX,20.7,20.4,2024
5,May,JetBlue,LGA,BOS,23.6,29.3,2024
10,Oct,Alaska,LAX,SEA,15.2,14.4,2024
6,Jun,Southwest,LAS,LAX,7.6,12.4,2024
5,May,JetBlue,BOS,LAS,33.3,26.2,2024
11,Nov,Spirit,SLC,EWR,22.5,17.0,2024
9,Sep,Frontier,SFO,CLT,15.0,27.9,2024
6,Jun,Frontier,LAS,DTW,49.4,51.7,2024
11,Nov,American,EWR,MCO,6.2,7.6,2024
8,Aug,Southwest,MCO,DFW,9.6,13.9,2024
2,Feb,Alaska,MIA,DFW,10.7,30.7,2024
12,Dec,American,BOS,MIA,24.3,29.2,2024
9,Sep,Frontier,CLT,IAH,27.5,22.5,2024
5,May,JetBlue,IAH,DEN,49.5,43.0,2024
7,Jul,American,SLC,LAX,15.9,23.1,2024
10,Oct,Spirit,EWR,CLT,18.5,7.5,2024
1,Jan,Frontier,CLT,MIA,20.2,21.7,2024
10,Oct,Spirit,DEN,LGA,14.2,17.4,2024
5,May,Spirit,MIA,EWR,32.1,32.4,2024
12,Dec,Spirit,CLT,CLT,38.2,47.5,2024
10,Oct,Spirit,IAH,ORD,25.1,23.7,2024
2,Feb,American,MSP,MCO,60.9,76.2,2024
12,Dec,American,DFW,CLT,28.6,30.6,2024
6,Jun,United,LGA,SLC,15.0,19.1,2024
11,Nov,Frontier,DFW,MSP,22.1,11.8,2024
1,Jan,United,EWR,EWR,15.1,32.5,2024
3,Mar,Southwest,CLT,BOS,1.6,16.8,2024
5,May,American,DTW,LGA,20.5,17.5,2024
4,Apr,Frontier,BOS,EWR,12.1,17.5,2024
3,Mar,Alaska,ORD,LAS,34.3,34.4,2024
10,Oct,Frontier,PHX,JFK,26.5,22.4,2024
5,May,American,SEA,SLC,29.6,21.1,2024
11,Nov,Spirit,JFK,MSP,32.2,27.3,2024
8,Aug,American,DTW,SEA,43.7,43.7,2024
11,Nov,United,LGA,BOS,4.4,13.5,2024
4,Apr,JetBlue,SLC,LAS,12.0,16.7,2024
1,Jan,American,EWR,DFW,28.5,33.4,2024
11,Nov,Spirit,CLT,MSP,22.9,20.9,2024
7,Jul,Frontier,CLT,LAX,22.5,19.3,2024
8,Aug,Delta,ATL,ORD,19.2,18.7,2024
3,Mar,Southwest,BOS,DEN,14.0,14.5,2024
6,Jun,United,PHX,IAH,13.4,14.3,2024
2,Feb,JetBlue,DTW,DTW,44.3,58.5,2024
7,Jul,Spirit,PHX,LAX,36.0,30.1,2024
8,Aug,Delta,PHX,CLT,26.4,24.8,2024
6,Jun,American,MCO,SEA,-2.5,15.2,2024
6,Jun,Alaska,MIA,EWR,1.2,15.3,2024
5,May,Frontier,EWR,ORD,17.9,8.4,2024
8,Aug,Alaska,LAS,MCO,21.5,27.3,2024
1,Jan,United,CLT,MCO,45.5,50.1,2024
10,Oct,American,DTW,DEN,13.2,12.5,2024
4,Apr,Southwest,SLC,DFW,16.1,11.9,2024
4,Apr,United,LAS,BOS,16.2,19.0,2024
3,Mar,Delta,DFW,SLC,11.5,9.5,2024
3,Mar,Alaska,SFO,CLT,-6.6,5.4,2024
4,Apr,Spirit,SEA,MSP,20.9,24.4,2024
11,Nov,JetBlue,SEA,DEN,26.6,15.4,2024
1,Jan,JetBlue,SLC,BOS,26.1,18.9,2024
11,Nov,Southwest,CLT,SLC,39.9,37.4,2024
11,Nov,JetBlue,EWR,LAX,32.3,27.8,2024
2,Feb,JetBlue,LAS,SFO,15.2,27.6,2024
9,Sep,Spirit,BOS,DEN,62.4,66.0,2024
10,Oct,Southwest,EWR,MCO,10.0,9.6,2024
2,Feb,Alaska,DFW,MIA,-0.7,13.3,2024
5,May,Delta,DEN,IAH,14.8,19.7,2024
9,Sep,United,SEA,IAH,24.7,27.1,2024
9,Sep,Alaska,ATL,SFO,14.7,19.4,2024
8,Aug,United,JFK,PHX,5.9,12.0,2024
1,Jan,Southwest,CLT,MCO,15.8,39.0,2024
1,Jan,Alaska,DFW,DTW,16.9,28.1,2024
9,Sep,American,MIA,MCO,27.4,13.3,2024
11,Nov,Southwest,DEN,MCO,36.8,38.7,2024
8,Aug,Southwest,IAH,MIA,7.2,15.4,2024
10,Oct,Southwest,CLT,LAX,17.2,22.1,2024
9,Sep,Southwest,IAH,MSP,16.1,21.8,2024
7,Jul,JetBlue,MCO,MSP,20.3,18.9,2024
3,Mar,JetBlue,MSP,LAS,10.2,18.7,2024
3,Mar,Alaska,DEN,LGA,-0.0,14.2,2024
2,Feb,Delta,ATL,CLT,20.4,41.4,2024
5,May,Southwest,IAH,EWR,0.9,4.9,2024
12,Dec,United,DTW,PHX,4.5,18.2,2024
12,Dec,American,DEN,MCO,21.9,36.0,2024
3,Mar,JetBlue,JFK,BOS,36.2,30.3,2024
6,Jun,Frontier,EWR,DEN,27.9,24.5,2024
2,Feb,United,BOS,MCO,35.6,40.0,2024
12,Dec,JetBlue,MCO,LGA,12.0,24.5,2024
3,Mar,Frontier,IAH,PHX,41.3,34.4,2024
5,May,Alaska,LAX,JFK,21.9,16.1,2024
12,Dec,Delta,MSP,MCO,10.5,30.3,2024
11,Nov,American,LGA,JFK,23.9,18.2,2024
11,Nov,JetBlue,LGA,BOS,19.8,15.5,2024
1,Jan,Frontier,EWR,SLC,17.7,20.2,2024
1,Jan,Frontier,IAH,LAX,50.4,46.9,2024
10,Oct,American,SEA,MSP,11.0,19.2,2024
9,Sep,American,ORD,MCO,27.9,17.7,2024
7,Jul,Alaska,LGA,MIA,10.1,8.7,2024
1,Jan,United,IAH,CLT,28.6,33.0,2024
12,Dec,Frontier,JFK,MSP,28.3,30.4,2024
8,Aug,JetBlue,SEA,ORD,15.1,34.0,2024
3,Mar,American,MSP,DTW,58.6,49.6,2024
8,Aug,Alaska,SEA,SEA,22.8,41.0,2024
5,May,Frontier,SLC,LAS,28.9,22.0,2024
1,Jan,Southwest,JFK,CLT,22.4,30.4,2024
7,Jul,Frontier,CLT,IAH,26.4,29.7,2024
5,May,Spirit,PHX,SEA,40.7,14.1,2024
6,Jun,American,LGA,MIA,6.3,10.2,2024
6,Jun,American,ATL,DEN,28.7,33.2,2024
8,Aug,JetBlue,SFO,CLT,24.1,25.9,2024
9,Sep,Spirit,MSP,CLT,28.1,21.3,2024
2,Feb,Southwest,ORD,SFO,40.1,39.2,2024
9,Sep,American,SLC,IAH,38.2,38.3,2024
12,Dec,JetBlue,CLT,BOS,5.6,14.2,2024
11,Nov,JetBlue,DEN,BOS,21.6,24.8,2024
10,Oct,Frontier,MIA,DFW,48.2,43.0,2024
9,Sep,Alaska,IAH,MIA,17.8,16.0,2024
10,Oct,Spirit,ORD,JFK,32.5,31.4,2024
10,Oct,American,JFK,PHX,39.3,34.9,2024
7,Jul,Delta,ORD,CLT,14.0,27.0,2024
1,Jan,Delta,DEN,ATL,30.8,32.6,2024
7,Jul,United,LAS,LGA,40.3,39.9,2024
10,Oct,Delta,SLC,ORD,18.6,16.1,2024
5,May,Delta,MSP,MIA,19.3,16.2,2024
6,Jun,JetBlue,JFK,IAH,26.0,28.3,2024
10,Oct,JetBlue,MIA,PHX,3.5,13.7,2024
7,Jul,Alaska,DTW,LAS,27.4,26.9,2024
5,May,Spirit,JFK,SFO,37.1,24.3,2024
7,Jul,American,JFK,MIA,40.0,34.9,2024
9,Sep,Spirit,LGA,SEA,24.1,18.5,2024
3,Mar,Spirit,MIA,LAX,34.0,32.6,2024
8,Aug,American,CLT,DEN,39.5,45.3,2024
2,Feb,Frontier,LAS,LAS,42.0,62.1,2024
11,Nov,Frontier,LGA,ATL,32.6,25.1,2024
7,Jul,JetBlue,SFO,LGA,19.4,21.9,2024
2,Feb,Frontier,SFO,PHX,23.0,23.2,2024
4,Apr,American,ATL,SEA,16.0,16.2,2024
7,Jul,JetBlue,SEA,IAH,26.5,32.5,2024
3,Mar,Spirit,DEN,PHX,22.6,30.9,2024
2,Feb,Spirit,SLC,LAS,13.1,29.6,2024
11,Nov,Delta,SEA,DFW,-6.3,16.6,2024
10,Oct,American,LGA,LAX,34.7,27.7,2024
7,Jul,Frontier,SLC,SLC,20.2,32.0,2024
1,Jan,Delta,BOS,PHX,8.5,32.6,2024
8,Aug,United,CLT,LGA,7.1,21.2,2024
3,Mar,Alaska,DFW,ORD,9.4,17.1,2024
12,Dec,Alaska,BOS,SLC,17.2,32.6,2024
12,Dec,Spirit,MSP,SLC,18.6,29.3,2024
2,Feb,Spirit,DTW,SLC,30.9,113.3,2024
3,Mar,American,DEN,SLC,47.6,44.2,2024
5,May,Spirit,EWR,CLT,24.3,9.2,2024
11,Nov,JetBlue,SFO,IAH,22.5,20.4,2024
8,Aug,Alaska,CLT,LGA,27.2,33.1,2024
10,Oct,Frontier,MSP,PHX,21.3,26.1,2024
7,Jul,JetBlue,EWR,DTW,21.5,25.9,2024
7,Jul,Alaska,BOS,SLC,48.3,52.3,2024
12,Dec,United,SFO,IAH,0.4,20.3,2024
7,Jul,JetBlue,EWR,MIA,22.2,33.4,2024
8,Aug,Delta,MSP,MIA,19.0,37.1,2024
1,Jan,JetBlue,ORD,BOS,23.6,25.1,2024
4,Apr,Frontier,CLT,SEA,21.3,6.3,2024
6,Jun,United,ORD,EWR,25.7,32.7,2024
9,Sep,Southwest,SFO,SEA,13.5,22.8,2024
2,Feb,Frontier,IAH,DTW,34.4,41.3,2024
1,Jan,Frontier,DTW,IAH,55.1,53.9,2024
10,Oct,Southwest,IAH,DFW,23.0,28.8,2024
12,Dec,Frontier,SLC,LGA,18.8,21.6,2024
2,Feb,Delta,DTW,MSP,20.8,18.2,2024
7,Jul,Southwest,MCO,DEN,8.8,15.9,2024
3,Mar,Spirit,JFK,ORD,53.4,57.9,2024
10,Oct,JetBlue,SEA,LAS,66.7,62.6,2024
2,Feb,United,SFO,MCO,9.7,27.1,2024
11,Nov,Alaska,MCO,IAH,22.6,27.8,2024
7,Jul,Delta,IAH,MCO,28.7,33.6,2024
2,Feb,Southwest,IAH,SLC,15.2,24.2,2024
3,Mar,JetBlue,CLT,SLC,24.9,16.1,2024
11,Nov,Alaska,MCO,EWR,38.2,30.3,2024
7,Jul,Alaska,SLC,ATL,9.8,17.2,2024
4,Apr,JetBlue,LAX,DEN,15.3,16.2,2024
1,Jan,American,SEA,CLT,6.1,26.1,2024
5,May,American,MIA,BOS,57.9,59.0,2024
12,Dec,Spirit,IAH,ATL,12.8,20.5,2024
9,Sep,United,MSP,DTW,18.8,20.5,2024
8,Aug,Spirit,LAS,IAH,21.3,24.3,2024
12,Dec,Spirit,LAS,IAH,21.4,20.2,2024
9,Sep,Delta,LGA,JFK,13.1,149.3,2024
10,Oct,Southwest,SFO,ATL,23.8,29.1,2024
9,Sep,Southwest,LAS,LGA,25.7,28.4,2024
7,Jul,JetBlue,ATL,IAH,19.8,37.5,2024
4,Apr,Southwest,LAX,CLT,19.3,15.7,2024
5,May,Spirit,DFW,BOS,21.5,8.7,2024
1,Jan,United,DTW,MSP,26.2,23.6,2024
1,Jan,American,DFW,MCO,24.5,46.4,2024
3,Mar,JetBlue,LAX,LAX,10.2,14.6,2024
8,Aug,Frontier,SEA,DFW,49.9,73.6,2024
2,Feb,Delta,IAH,ORD,29.0,41.5,2024
4,Apr,JetBlue,SLC,SLC,8.5,9.5,2024
2,Feb,Spirit,DTW,SEA,41.8,41.6,2024
5,May,Southwest,MCO,BOS,45.8,35.8,2024
9,Sep,United,PHX,BOS,14.6,25.1,2024
1,Jan,Spirit,LGA,PHX,44.2,51.5,2024
5,May,Delta,SEA,ATL,6.9,19.7,2024
9,Sep,JetBlue,DTW,DEN,24.7,24.3,2024
1,Jan,Southwest,SEA,MCO,20.5,26.1,2024
9,Sep,JetBlue,DEN,MIA,43.1,48.0,2024
8,Aug,Delta,EWR,LAS,20.7,27.0,2024
4,Apr,Spirit,SEA,DTW,46.2,30.1,2024
12,Dec,Southwest,PHX,ORD,37.5,52.2,2024
11,Nov,American,SEA,DEN,29.1,24.9,2024
10,Oct,Alaska,LAS,LAS,22.3,27.0,2024
5,May,Delta,IAH,IAH,19.2,16.3,2024
5,May,American,ORD,JFK,6.0,3.0,2024
11,Nov,American,LGA,SFO,17.3,9.8,2024
12,Dec,Southwest,MCO,EWR,14.0,25.9,2024
6,Jun,JetBlue,CLT,SEA,50.6,44.2,2024
7,Jul,Spirit,LGA,PHX,21.1,30.3,2024
8,Aug,JetBlue,SEA,DEN,47.6,43.1,2024
8,Aug,United,LAX,MIA,43.2,50.4,2024
11,Nov,Delta,LGA,MSP,6.8,-4.4,2024
2,Feb,Delta,IAH,MCO,27.5,38.4,2024
9,Sep,Spirit,DEN,LAX,38.4,34.6,2024
7,Jul,Frontier,LAS,DTW,45.3,42.5,2024
4,Apr,Southwest,LAS,LAS,26.9,19.7,2024
4,Apr,Southwest,LAX,PHX,21.8,22.2,2024
11,Nov,United,LAX,PHX,16.7,8.2,2024
8,Aug,United,SLC,PHX,12.5,9.7,2024
4,Apr,American,ORD,SLC,6.1,7.6,2024
6,Jun,Frontier,LGA,MIA,7.8,16.7,2024
5,May,Alaska,DTW,MIA,28.0,37.5,2024
3,Mar,Frontier,DTW,ORD,15.2,7.6,2024
10,Oct,Frontier,DTW,SLC,27.1,23.2,2024
11,Nov,United,JFK,ATL,0.7,9.3,2024
2,Feb,Frontier,ORD,BOS,15.0,34.3,2024
9,Sep,JetBlue,ATL,CLT,22.3,17.1,2024
10,Oct,American,EWR,DTW,28.1,28.4,2024
9,Sep,Alaska,DFW,ORD,35.7,39.9,2024
1,Jan,United,ATL,MCO,31.3,42.9,2024
10,Oct,Frontier,LGA,MSP,37.6,40.9,2024
3,Mar,Alaska,IAH,IAH,54.9,52.3,2024
8,Aug,JetBlue,SEA,EWR,11.2,17.3,2024
6,Jun,Frontier,LAX,JFK,11.9,16.8,2024
5,May,JetBlue,IAH,PHX,30.3,35.7,2024
5,May,American,EWR,LGA,7.6,12.5,2024
6,Jun,American,PHX,LGA,16.7,39.7,2024
7,Jul,JetBlue,SEA,SEA,28.8,15.9,2024
1,Jan,Southwest,BOS,DFW,10.4,20.4,2024
9,Sep,Spirit,EWR,CLT,19.8,17.9,2024
3,Mar,Frontier,BOS,ATL,31.3,26.3,2024
4,Apr,Frontier,MIA,SFO,24.0,14.9,2024
10,Oct,American,MCO,PHX,10.6,13.7,2024
1,Jan,Spirit,SLC,SFO,23.6,21.6,2024
11,Nov,Delta,ATL,ATL,22.3,7.2,2024
10,Oct,Southwest,ORD,LGA,18.0,21.0,2024
3,Mar,Delta,BOS,BOS,16.2,23.6,2024
2,Feb,Alaska,LAS,LGA,20.1,40.3,2024
2,Feb,Alaska,DEN,CLT,20.4,34.5,2024
1,Jan,Alaska,ATL,EWR,10.4,17.0,2024
8,Aug,United,PHX,DTW,53.4,54.0,2024
3,Mar,American,LGA,ORD,30.8,28.4,2024
3,Mar,American,DFW,SLC,21.0,35.0,2024
6,Jun,JetBlue,CLT,BOS,23.8,28.9,2024
8,Aug,Spirit,SLC,SLC,12.3,20.1,2024
9,Sep,American,SEA,IAH,4.9,16.2,2024
9,Sep,Spirit,CLT,DTW,17.6,18.8,2024
4,Apr,Alaska,SFO,MCO,23.3,23.3,2024
5,May,Delta,CLT,LAS,14.7,24.5,2024
2,Feb,Frontier,SEA,ORD,40.7,49.0,2024
11,Nov,Southwest,PHX,BOS,32.5,24.5,2024
9,Sep,Frontier,IAH,MCO,20.1,13.1,2024
8,Aug,United,DFW,LGA,1.1,20.5,2024
3,Mar,Spirit,CLT,DEN,17.3,-0.7,2024
11,Nov,Spirit,MIA,SEA,20.8,15.3,2024
12,Dec,Southwest,ORD,SLC,27.8,38.3,2024
9,Sep,Frontier,CLT,DFW,8.5,22.9,2024
3,Mar,Delta,ORD,CLT,25.4,25.7,2024
9,Sep,United,CLT,SLC,19.0,8.5,2024
2,Feb,Spirit,JFK,CLT,32.9,39.0,2024
12,Dec,Frontier,ATL,DTW,18.8,18.8,2024
10,Oct,Frontier,DTW,EWR,14.2,15.3,2024
9,Sep,JetBlue,EWR,PHX,61.2,54.2,2024
8,Aug,American,ATL,DTW,20.6,22.2,2024
9,Sep,American,LGA,MCO,20.8,7.6,2024
5,May,JetBlue,SEA,MIA,21.2,32.0,2024
11,Nov,Delta,IAH,LAX,14.2,7.4,2024
11,Nov,Spirit,EWR,SLC,28.4,17.8,2024
2,Feb,JetBlue,JFK,ORD,20.7,27.0,2024
8,Aug,Frontier,PHX,DFW,17.9,17.6,2024
12,Dec,Spirit,PHX,MIA,40.4,38.5,2024
6,Jun,Alaska,DEN,MSP,35.5,43.7,2024
8,Aug,Spirit,BOS,IAH,18.9,24.6,2024
11,Nov,Delta,MCO,IAH,18.3,6.1,2024
5,May,United,LGA,SLC,42.0,34.3,2024
10,Oct,Southwest,DTW,BOS,17.9,29.7,2024
2,Feb,Southwest,DTW,ATL,-3.1,27.4,2024
6,Jun,Frontier,ORD,JFK,20.5,21.6,2024
5,May,JetBlue,BOS,ORD,63.8,68.5,2024
12,Dec,American,MCO,LGA,29.9,45.2,2024
12,Dec,JetBlue,IAH,ORD,22.0,36.9,2024
5,May,American,BOS,ATL,8.9,20.5,2024
1,Jan,JetBlue,LAX,ORD,32.4,35.9,2024
2,Feb,Frontier,LAX,DFW,38.8,56.1,2024
8,Aug,JetBlue,LGA,JFK,30.8,20.9,2024
3,Mar,Spirit,PHX,SFO,32.8,30.0,2024
10,Oct,Southwest,IAH,SEA,18.7,20.0,2024
3,Mar,Frontier,SLC,MSP,28.2,25.1,2024
8,Aug,Alaska,ATL,DFW,36.0,30.8,2024
8,Aug,American,DFW,JFK,2.7,12.1,2024
2,Feb,Alaska,DFW,MIA,8.2,21.4,2024
8,Aug,Alaska,LAX,ATL,16.9,23.6,2024
11,Nov,Alaska,SLC,SEA,24.3,29.7,2024
1,Jan,Southwest,BOS,LAX,18.7,21.3,2024
6,Jun,Alaska,PHX,SEA,10.9,30.7,2024
8,Aug,Spirit,MSP,MCO,20.0,32.0,2024
3,Mar,American,MCO,LAS,9.9,19.1,2024
8,Aug,United,CLT,DFW,15.2,17.5,2024
12,Dec,Alaska,ORD,LGA,14.1,26.7,2024
1,Jan,Alaska,MCO,SFO,9.9,8.2,2024
11,Nov,United,MSP,PHX,4.4,11.3,2024
11,Nov,Alaska,SEA,DEN,19.3,17.7,2024
9,Sep,United,SFO,PHX,16.9,0.7,2024
11,Nov,Delta,SEA,BOS,6.1,13.6,2024
9,Sep,Frontier,IAH,MCO,31.7,21.7,2024
5,May,Southwest,LAS,JFK,19.4,18.1,2024
10,Oct,Southwest,JFK,ATL,17.5,26.0,2024
4,Apr,United,DFW,ORD,19.3,22.1,2024
11,Nov,JetBlue,CLT,SFO,32.5,31.1,2024
6,Jun,Southwest,DEN,MIA,5.7,12.4,2024
12,Dec,American,DEN,BOS,45.0,56.5,2024
7,Jul,Southwest,SFO,LAS,10.6,16.2,2024
5,May,Southwest,LAS,ATL,20.1,139.9,2024
11,Nov,Frontier,SFO,DFW,22.6,20.6,2024
10,Oct,Frontier,LAS,LAX,82.2,73.5,2024
9,Sep,American,MCO,LAX,13.1,18.3,2024
3,Mar,United,PHX,LGA,21.9,33.5,2024
7,Jul,Spirit,DFW,LAX,16.3,20.6,2024
10,Oct,Spirit,JFK,DFW,20.5,20.7,2024
10,Oct,United,DTW,MIA,28.0,23.1,2024
11,Nov,American,LAS,SLC,16.0,17.0,2024
5,May,Spirit,ATL,MSP,27.5,23.3,2024
7,Jul,Frontier,LGA,IAH,45.1,40.9,2024
2,Feb,Southwest,MSP,SLC,27.7,40.2,2024
4,Apr,Alaska,SFO,CLT,8.6,19.7,2024
2,Feb,Southwest,LAS,BOS,31.1,31.7,2024
12,Dec,United,MIA,MIA,16.0,29.6,2024
7,Jul,Alaska,ORD,ATL,-2.5,12.4,2024
2,Feb,Delta,BOS,EWR,19.4,31.6,2024
11,Nov,United,ORD,MSP,29.2,36.7,2024
1,Jan,American,CLT,JFK,39.8,60.5,2024
9,Sep,Alaska,PHX,JFK,27.2,22.6,2024
1,Jan,Delta,ATL,PHX,7.0,19.7,2024
8,Aug,Spirit,DTW,LAX,50.8,55.8,2024
2,Feb,Delta,MCO,ORD,24.6,29.3,2024
12,Dec,Frontier,JFK,JFK,33.5,40.5,2024
8,Aug,American,LAX,EWR,19.6,29.9,2024
3,Mar,Alaska,SEA,JFK,35.5,26.4,2024
6,Jun,JetBlue,ATL,MSP,30.5,24.3,2024
3,Mar,United,DFW,DFW,53.2,41.8,2024
7,Jul,Southwest,DFW,CLT,48.2,55.3,2024
10,Oct,Spirit,DEN,JFK,19.2,3.7,2024
9,Sep,Alaska,MCO,ATL,19.5,29.3,2024
2,Feb,Frontier,LAS,LAS,35.3,47.1,2024
12,Dec,United,MSP,BOS,40.5,51.7,2024
12,Dec,American,IAH,MIA,40.2,49.7,2024
5,May,Frontier,LGA,MSP,12.5,23.8,2024
6,Jun,Southwest,ATL,ATL,14.2,20.7,2024
4,Apr,JetBlue,CLT,SLC,20.3,8.4,2024
4,Apr,Spirit,LAX,DFW,29.4,27.2,2024
4,Apr,Frontier,EWR,DEN,6.6,16.7,2024
2,Feb,American,MCO,LGA,24.2,38.6,2024
4,Apr,United,DEN,DEN,38.7,30.3,2024
11,Nov,Spirit,SLC,SLC,39.5,29.0,2024
1,Jan,Delta,DEN,ORD,7.8,19.2,2024
12,Dec,American,LAX,MIA,13.5,18.4,2024
6,Jun,American,SFO,LAX,28.2,34.8,2024
1,Jan,United,ORD,DTW,19.4,45.2,2024
10,Oct,JetBlue,LGA,JFK,32.7,109.3,2024
6,Jun,United,ORD,SLC,11.9,17.7,2024
1,Jan,Frontier,MSP,ATL,25.9,27.4,2024
6,Jun,United,SFO,SFO,26.4,16.9,2024
10,Oct,JetBlue,ORD,LAX,14.4,11.3,2024
8,Aug,JetBlue,CLT,SLC,32.4,36.6,2024
11,Nov,American,IAH,ATL,17.5,26.2,2024
2,Feb,Delta,PHX,LAS,28.6,36.6,2024
2,Feb,United,SFO,LGA,21.2,42.7,2024
12,Dec,Delta,LAS,PHX,8.7,19.9,2024
4,Apr,Frontier,DEN,JFK,23.5,24.7,2024
11,Nov,JetBlue,MCO,ORD,47.3,40.8,2024
3,Mar,JetBlue,SEA,MCO,32.9,26.4,2024
4,Apr,United,DTW,CLT,17.1,14.7,2024
12,Dec,American,DFW,MCO,19.2,21.2,2024
7,Jul,Spirit,MCO,JFK,36.2,40.2,2024
11,Nov,United,DTW,ORD,16.3,14.2,2024
1,Jan,American,BOS,PHX,21.4,28.3,2024
6,Jun,Southwest,LAX,BOS,22.8,35.8,2024
3,Mar,Frontier,MSP,ATL,14.6,14.5,2024
11,Nov,American,ATL,EWR,34.1,34.6,2024
10,Oct,United,MCO,LGA,17.8,11.5,2024
7,Jul,United,SFO,PHX,20.9,17.3,2024
10,Oct,American,LAS,BOS,15.7,12.9,2024
2,Feb,Delta,LGA,SLC,32.9,53.3,2024
2,Feb,American,MSP,SEA,10.2,29.1,2024
4,Apr,Southwest,PHX,SEA,12.4,22.0,2024
1,Jan,Southwest,EWR,PHX,13.2,30.3,2024
3,Mar,Delta,JFK,PHX,23.6,26.9,2024
9,Sep,Southwest,EWR,IAH,43.4,22.5,2024
7,Jul,United,MIA,PHX,25.7,37.1,2024
7,Jul,Delta,MCO,SFO,-3.8,9.9,2024
11,Nov,Delta,ORD,DFW,36.1,46.2,2024
4,Apr,Delta,LAS,ATL,14.1,14.1,2024
2,Feb,Alaska,CLT,MIA,9.1,26.4,2024
4,Apr,Frontier,MSP,SLC,22.8,239.4,2024
6,Jun,American,PHX,DEN,27.5,41.2,2024
11,Nov,Frontier,MCO,SEA,29.4,28.6,2024
11,Nov,American,MSP,LAX,18.1,18.1,2024
3,Mar,Delta,LGA,LAX,34.5,42.9,2024
1,Jan,Spirit,SFO,DTW,25.9,29.8,2024
12,Dec,Southwest,JFK,LAS,14.2,128.2,2024
8,Aug,Alaska,MSP,PHX,9.5,3.4,2024
12,Dec,Frontier,LGA,MSP,26.6,32.9,2024
5,May,Alaska,CLT,ATL,28.4,23.3,2024
5,May,United,DFW,DTW,17.4,19.7,2024
11,Nov,United,CLT,LAX,26.9,32.5,2024
4,Apr,American,DTW,DFW,20.2,127.4,2024
6,Jun,JetBlue,MIA,SLC,23.6,16.6,2024
3,Mar,Delta,DFW,ATL,18.5,25.4,2024
9,Sep,JetBlue,ORD,DFW,7.6,9.8,2024
5,May,United,LAX,MIA,25.0,20.9,2024
3,Mar,Spirit,MCO,MSP,22.3,2.2,2024
11,Nov,American,PHX,IAH,26.3,20.4,2024
1,Jan,American,MSP,PHX,36.1,49.4,2024
10,Oct,Frontier,MCO,DEN,23.5,26.7,2024
12,Dec,American,IAH,ATL,13.1,8.8,2024
6,Jun,American,EWR,DTW,6.6,11.9,2024
2,Feb,American,MIA,EWR,25.3,28.5,2024
3,Mar,Delta,PHX,IAH,26.5,19.1,2024
1,Jan,Alaska,LAS,ORD,22.7,29.4,2024
9,Sep,Frontier,BOS,ORD,21.9,26.8,2024
8,Aug,JetBlue,SLC,DFW,24.3,35.2,2024
12,Dec,Spirit,ATL,SFO,19.7,13.2,2024
2,Feb,Alaska,IAH,MSP,8.8,25.8,2024
12,Dec,United,DTW,LAS,14.0,25.3,2024
11,Nov,United,ATL,ORD,21.7,24.9,2024
8,Aug,Alaska,LGA,LGA,24.6,33.5,2024
12,Dec,American,MIA,CLT,3.5,20.6,2024
9,Sep,Frontier,MCO,PHX,10.7,0.5,2024
1,Jan,American,CLT,CLT,8.2,11.4,2024
5,May,Alaska,DFW,ATL,18.8,19.9,2024
8,Aug,American,CLT,PHX,11.5,21.6,2024
11,Nov,Alaska,DTW,SFO,9.4,15.9,2024
2,Feb,Spirit,ATL,SFO,37.2,30.5,2024
4,Apr,Southwest,LAS,ORD,26.8,17.0,2024
7,Jul,United,SFO,SFO,25.3,22.6,2024
3,Mar,American,MIA,LAS,12.1,15.8,2024
12,Dec,JetBlue,LAX,SEA,24.6,45.4,2024
5,May,Southwest,LAX,ORD,10.6,14.1,2024
8,Aug,Delta,JFK,DEN,23.2,21.4,2024
12,Dec,Spirit,SLC,MSP,19.5,31.4,2024
10,Oct,Frontier,MCO,MSP,19.6,19.4,2024
3,Mar,Southwest,DTW,SEA,36.3,31.6,2024
4,Apr,Southwest,ORD,IAH,15.1,24.4,2024
9,Sep,Spirit,SFO,SFO,15.0,13.3,2024
7,Jul,Southwest,SFO,PHX,28.7,32.8,2024
1,Jan,Frontier,DFW,PHX,53.9,58.7,2024
12,Dec,JetBlue,DEN,MIA,10.5,27.2,2024
4,Apr,Spirit,LGA,BOS,35.3,33.2,2024
4,Apr,United,DFW,MSP,20.9,18.3,2024
9,Sep,Spirit,MSP,SEA,20.3,15.8,2024
6,Jun,American,EWR,LGA,10.2,7.7,2024
9,Sep,Frontier,EWR,DTW,17.4,11.3,2024
12,Dec,JetBlue,LAX,LGA,14.9,32.0,2024
6,Jun,JetBlue,IAH,SLC,46.3,47.4,2024
6,Jun,Spirit,ATL,EWR,45.0,41.7,2024
5,May,Alaska,IAH,LAS,9.1,11.1,2024
5,May,American,SEA,MCO,39.0,26.6,2024
2,Feb,Alaska,MIA,PHX,78.7,87.3,2024
8,Aug,Alaska,CLT,LAS,8.0,28.6,2024
8,Aug,Spirit,EWR,ATL,42.6,45.9,2024
11,Nov,Frontier,LGA,ORD,15.7,21.2,2024
1,Jan,Southwest,LGA,MIA,15.9,23.3,2024
8,Aug,Alaska,BOS,SFO,5.9,23.3,2024
5,May,Delta,PHX,IAH,8.2,21.6,2024
2,Feb,Southwest,MCO,MSP,30.4,48.4,2024
2,Feb,Southwest,JFK,IAH,23.0,26.4,2024
6,Jun,Alaska,SEA,EWR,3.9,22.2,2024
11,Nov,Alaska,MSP,EWR,12.4,10.6,2024
9,Sep,United,LAX,PHX,21.0,28.9,2024
1,Jan,Frontier,SLC,LAS,21.4,26.1,2024
12,Dec,Southwest,PHX,SEA,10.7,17.3,2024
6,Jun,Delta,DFW,SLC,13.7,5.8,2024
9,Sep,JetBlue,BOS,ORD,17.0,13.5,2024
8,Aug,Spirit,IAH,LAS,15.7,22.0,2024
11,Nov,Alaska,SFO,LAX,32.4,23.0,2024
6,Jun,Southwest,MCO,SLC,20.4,27.7,2024
3,Mar,JetBlue,DFW,SEA,17.0,12.2,2024
8,Aug,Alaska,SFO,IAH,20.0,25.4,2024
9,Sep,United,PHX,SEA,22.7,16.1,2024
1,Jan,Spirit,CLT,DEN,21.5,31.4,2024
12,Dec,Alaska,BOS,JFK,35.2,37.8,2024
9,Sep,Delta,ATL,PHX,11.9,10.6,2024
6,Jun,American,MCO,CLT,34.7,196.1,2024
6,Jun,Frontier,IAH,DFW,22.8,24.7,2024
12,Dec,American,EWR,ORD,30.1,45.8,2024
4,Apr,Alaska,DEN,LAS,0.3,11.6,2024
1,Jan,United,SLC,EWR,18.3,27.9,2024
10,Oct,Delta,DFW,EWR,16.0,11.5,2024
8,Aug,Alaska,JFK,CLT,6.6,11.8,2024
2,Feb,Frontier,LGA,LAS,25.3,30.2,2024
12,Dec,JetBlue,SFO,LGA,11.8,20.8,2024
1,Jan,United,SFO,BOS,5.0,16.5,2024
2,Feb,Southwest,LAS,SEA,33.0,29.8,2024
1,Jan,JetBlue,MSP,DTW,73.2,76.8,2024
1,Jan,Alaska,MCO,IAH,17.5,29.0,2024
9,Sep,Southwest,DTW,BOS,17.2,8.1,2024
1,Jan,Southwest,EWR,DTW,7.9,28.1,2024
4,Apr,Spirit,LAS,MCO,37.5,30.0,2024
10,Oct,JetBlue,CLT,DEN,45.3,33.7,2024
6,Jun,Spirit,DEN,ATL,23.3,32.5,2024
7,Jul,Southwest,IAH,MSP,14.9,145.5,2024
2,Feb,Spirit,MCO,DTW,21.2,27.1,2024
6,Jun,American,SEA,LAX,14.1,23.5,2024
7,Jul,Spirit,CLT,EWR,23.0,40.3,2024
10,Oct,JetBlue,LAS,DEN,21.7,10.0,2024
10,Oct,United,SLC,ATL,21.8,19.1,2024
2,Feb,American,JFK,BOS,14.0,11.9,2024
2,Feb,United,DFW,SLC,27.6,33.8,2024
10,Oct,Delta,MIA,PHX,14.8,18.7,2024
7,Jul,United,PHX,BOS,14.4,18.6,2024
12,Dec,JetBlue,ORD,SLC,40.0,47.4,2024
1,Jan,United,ATL,EWR,10.3,20.5,2024
8,Aug,Delta,BOS,LGA,8.5,16.2,2024
11,Nov,Southwest,CLT,MSP,18.8,12.7,2024
3,Mar,JetBlue,CLT,SFO,29.8,22.2,2024
11,Nov,Alaska,DTW,ORD,29.5,21.0,2024
6,Jun,American,SFO,DEN,70.3,64.1,2024
9,Sep,Frontier,LGA,DFW,16.2,17.5,2024
6,Jun,American,SLC,CLT,13.7,15.8,2024
9,Sep,United,SFO,LGA,10.0,20.9,2024
7,Jul,American,ORD,BOS,26.3,38.7,2024
9,Sep,Spirit,ORD,DTW,48.2,31.7,2024
2,Feb,Delta,IAH,DFW,22.1,36.5,2024
12,Dec,Alaska,MCO,LGA,21.9,38.5,2024
8,Aug,Spirit,DTW,MIA,32.7,24.0,2024
8,Aug,American,ORD,JFK,6.6,11.8,2024
2,Feb,Spirit,SFO,DFW,38.1,41.8,2024
12,Dec,United,SFO,MSP,21.6,28.0,2024
4,Apr,Frontier,DEN,MCO,22.9,31.0,2024
11,Nov,American,ORD,CLT,16.1,7.4,2024
7,Jul,Spirit,IAH,IAH,21.4,20.8,2024
11,Nov,Frontier,CLT,LGA,8.6,10.5,2024
4,Apr,Southwest,MCO,SLC,28.1,20.3,2024
4,Apr,Southwest,DTW,PHX,18.6,18.1,2024
6,Jun,American,DFW,DEN,29.1,19.5,2024
10,Oct,JetBlue,SEA,BOS,12.1,11.7,2024
6,Jun,Alaska,MSP,CLT,8.7,14.1,2024
10,Oct,American,SEA,DFW,13.9,15.6,2024
3,Mar,Frontier,CLT,SEA,55.1,42.5,2024
9,Sep,Southwest,LGA,MCO,27.5,23.6,2024
12,Dec,Frontier,DEN,LGA,26.7,109.9,2024
10,Oct,Southwest,MCO,JFK,37.5,37.7,2024
11,Nov,Delta,DFW,EWR,43.3,51.4,2024
2,Feb,United,MIA,DEN,25.4,33.3,2024
6,Jun,Delta,IAH,DTW,28.6,15.5,2024
12,Dec,JetBlue,PHX,LAX,22.4,32.4,2024
7,Jul,United,LGA,LGA,34.6,30.3,2024
12,Dec,American,CLT,JFK,14.8,201.8,2024
9,Sep,American,JFK,MIA,8.3,5.5,2024
3,Mar,JetBlue,EWR,LAX,23.3,27.5,2024
10,Oct,Alaska,CLT,ATL,6.5,-2.9,2024
3,Mar,Southwest,SEA,DEN,16.2,4.9,2024
7,Jul,Alaska,LAS,SEA,11.3,19.8,2024
4,Apr,American,MIA,DFW,10.8,16.5,2024
8,Aug,Delta,LAX,SLC,14.9,26.4,2024
7,Jul,Southwest,MSP,DEN,7.1,11.7,2024
5,May,American,DFW,DEN,16.5,15.0,2024
7,Jul,Southwest,LAS,EWR,17.6,22.4,2024
3,Mar,Alaska,DEN,IAH,29.1,220.9,2024
12,Dec,United,SLC,MIA,49.0,173.3,2024
2,Feb,American,ORD,LGA,9.3,18.5,2024
6,Jun,American,ORD,ORD,16.2,27.7,2024
2,Feb,Frontier,JFK,IAH,15.4,19.4,2024
3,Mar,Southwest,PHX,DFW,12.2,14.4,2024
6,Jun,United,DEN,SLC,21.6,24.0,2024
5,May,Delta,ORD,LAS,-1.3,5.2,2024
8,Aug,Frontier,SFO,DEN,35.1,42.9,2024
9,Sep,United,IAH,DFW,20.8,16.1,2024
11,Nov,Delta,SEA,EWR,13.7,25.2,2024
3,Mar,Spirit,ATL,PHX,25.5,19.2,2024
12,Dec,Spirit,DFW,LAS,24.0,32.6,2024
10,Oct,Frontier,SFO,EWR,37.2,29.2,2024
3,Mar,JetBlue,DTW,MCO,24.6,20.9,2024
3,Mar,Alaska,MSP,LGA,34.1,34.8,2024
6,Jun,Frontier,PHX,IAH,35.3,21.5,2024
1,Jan,United,IAH,CLT,14.8,27.5,2024
7,Jul,Delta,ATL,MCO,15.4,10.3,2024
12,Dec,Southwest,DFW,LAS,13.0,24.5,2024
1,Jan,Delta,EWR,JFK,12.7,29.3,2024
5,May,JetBlue,EWR,JFK,42.0,57.4,2024
10,Oct,Delta,IAH,MIA,6.5,12.5,2024
8,Aug,Alaska,SEA,MCO,31.5,42.0,2024
4,Apr,Spirit,PHX,ORD,15.6,14.0,2024
5,May,Frontier,EWR,BOS,6.3,5.9,2024
4,Apr,United,MIA,CLT,13.4,8.0,2024
12,Dec,Delta,JFK,SFO,71.9,82.4,2024
12,Dec,United,ATL,IAH,33.6,51.8,2024
4,Apr,JetBlue,BOS,CLT,14.4,-4.0,2024
12,Dec,Delta,JFK,SEA,21.7,32.1,2024
8,Aug,Delta,MSP,LAS,6.5,20.4,2024
2,Feb,JetBlue,LGA,CLT,14.8,30.5,2024
1,Jan,Alaska,ATL,EWR,17.7,26.4,2024
3,Mar,Delta,SEA,MCO,19.4,17.4,2024
9,Sep,United,SEA,ORD,16.9,12.7,2024
4,Apr,Alaska,MIA,DEN,5.3,6.8,2024
10,Oct,American,DTW,ORD,24.2,25.2,2024
5,May,Alaska,PHX,LAX,7.0,3.6,2024
2,Feb,Spirit,CLT,LAX,12.9,17.8,2024
4,Apr,American,SFO,DFW,33.4,38.9,2024
2,Feb,Spirit,SFO,ORD,27.6,41.6,2024
2,Feb,United,PHX,LAS,21.2,29.0,2024
4,Apr,Spirit,DFW,BOS,43.0,35.2,2024
6,Jun,Frontier,IAH,LAS,28.4,34.5,2024
7,Jul,Delta,PHX,SLC,30.2,39.6,2024
10,Oct,United,SLC,BOS,2.5,16.8,2024
3,Mar,JetBlue,DTW,EWR,21.4,8.3,2024
3,Mar,United,MSP,ATL,26.8,24.4,2024
10,Oct,American,CLT,PHX,25.7,23.3,2024
6,Jun,Frontier,EWR,PHX,15.0,15.6,2024
12,Dec,Spirit,LAX,DFW,42.0,42.1,2024
3,Mar,Alaska,DFW,MIA,40.3,41.0,2024
2,Feb,Spirit,IAH,MIA,27.6,26.0,2024
8,Aug,Southwest,LGA,MIA,12.0,-1.0,2024
5,May,JetBlue,PHX,JFK,2.0,7.1,2024
1,Jan,Delta,LAS,CLT,17.0,27.8,2024
3,Mar,Spirit,CLT,LAX,33.8,22.1,2024
10,Oct,Alaska,BOS,ORD,38.0,27.2,2024
8,Aug,United,LAS,DEN,10.8,21.3,2024
4,Apr,JetBlue,DTW,MIA,28.6,29.2,2024
7,Jul,Frontier,MSP,BOS,17.5,24.0,2024
10,Oct,American,JFK,ORD,13.4,19.9,2024
12,Dec,Spirit,SLC,LAS,52.8,57.6,2024
2,Feb,Delta,DFW,ORD,51.6,64.1,2024
7,Jul,United,MCO,LAX,17.8,13.4,2024
5,May,Spirit,LGA,JFK,30.1,32.1,2024
5,May,Alaska,SLC,JFK,8.1,5.6,2024
6,Jun,United,ORD,LGA,3.9,13.5,2024
9,Sep,Delta,DTW,SEA,-5.1,183.8,2024
6,Jun,Alaska,LGA,ATL,4.1,73.5,2024
12,Dec,Southwest,MSP,SEA,18.9,25.8,2024
8,Aug,Southwest,LAS,CLT,25.2,20.2,2024
7,Jul,JetBlue,ATL,IAH,22.0,14.4,2024
9,Sep,Spirit,LGA,MSP,55.7,56.9,2024
4,Apr,United,EWR,SEA,7.9,10.6,2024
2,Feb,Frontier,IAH,MCO,17.7,22.2,2024
7,Jul,JetBlue,LAX,IAH,29.8,29.9,2024
6,Jun,Delta,DTW,MSP,9.3,13.7,2024
1,Jan,Alaska,LGA,DTW,20.6,29.2,2024
11,Nov,JetBlue,ORD,CLT,23.7,17.9,2024
9,Sep,Spirit,LAX,JFK,23.3,15.0,2024
9,Sep,United,SEA,ATL,22.9,19.8,2024
12,Dec,Spirit,LAX,SFO,37.2,29.3,2024
2,Feb,Frontier,LAX,ATL,41.1,50.1,2024
3,Mar,Southwest,LAS,CLT,8.2,5.1,2024
5,May,Southwest,MCO,JFK,10.7,6.3,2024
5,May,Frontier,JFK,DEN,33.6,39.4,2024
1,Jan,Delta,BOS,BOS,16.7,31.8,2024
8,Aug,American,LAS,ORD,22.3,25.0,2024
12,Dec,JetBlue,SFO,MCO,29.5,42.1,2024
8,Aug,Delta,BOS,DTW,20.1,22.1,2024
4,Apr,Southwest,DEN,JFK,21.7,8.9,2024
7,Jul,Spirit,EWR,DFW,27.8,38.0,2024
11,Nov,United,DEN,CLT,19.3,12.8,2024
10,Oct,United,BOS,LGA,12.0,15.1,2024
3,Mar,Alaska,MCO,DEN,28.4,24.9,2024
6,Jun,American,LAS,JFK,17.9,20.8,2024
10,Oct,Frontier,SFO,PHX,33.1,34.0,2024
10,Oct,Frontier,SLC,LAS,18.5,22.2,2024
12,Dec,American,MCO,DFW,21.0,37.2,2024
9,Sep,Southwest,MIA,LAS,7.8,16.1,2024
1,Jan,American,BOS,SEA,37.3,32.8,2024
5,May,American,ORD,ORD,26.1,27.5,2024
4,Apr,United,LGA,MCO,23.9,28.6,2024
8,Aug,Alaska,SFO,ATL,22.3,12.7,2024
11,Nov,JetBlue,PHX,MCO,20.0,86.9,2024
12,Dec,Spirit,CLT,DEN,20.2,25.3,2024
1,Jan,United,LAX,ORD,10.9,25.2,2024
9,Sep,Alaska,MSP,DFW,-3.8,3.2,2024
6,Jun,United,DFW,SLC,17.7,25.5,2024
4,Apr,Southwest,IAH,CLT,3.3,210.6,2024
12,Dec,Alaska,ATL,SLC,6.3,25.1,2024
9,Sep,Frontier,LAX,EWR,58.0,45.2,2024
11,Nov,Alaska,LAX,SEA,15.7,5.0,2024
5,May,Southwest,DFW,DTW,29.9,32.1,2024
5,May,Frontier,ORD,DEN,40.1,26.7,2024
12,Dec,Alaska,LGA,ATL,10.8,12.9,2024
5,May,Spirit,DTW,SLC,28.6,24.4,2024
1,Jan,JetBlue,LAX,DEN,7.5,20.5,2024
1,Jan,Delta,EWR,ORD,14.6,30.2,2024
8,Aug,American,MIA,LGA,23.8,36.3,2024
12,Dec,Alaska,MSP,SFO,45.8,65.7,2024
8,Aug,American,ATL,LGA,22.0,22.5,2024
12,Dec,United,LAX,MSP,35.3,47.2,2024
6,Jun,United,LAX,DTW,11.4,17.0,2024
12,Dec,Alaska,DEN,BOS,19.1,26.2,2024
11,Nov,Alaska,DFW,MIA,10.2,16.2,2024
4,Apr,Alaska,BOS,ATL,18.0,17.3,2024
2,Feb,Spirit,ORD,ORD,37.2,45.2,2024
2,Feb,Spirit,MCO,BOS,42.0,48.1,2024
9,Sep,JetBlue,PHX,LAS,30.7,28.8,2024
5,May,Alaska,MCO,LAX,47.7,48.7,2024
4,Apr,Spirit,IAH,DTW,36.7,28.4,2024
10,Oct,American,PHX,DEN,15.1,5.4,2024
1,Jan,United,ATL,ORD,12.1,25.0,2024
7,Jul,United,JFK,BOS,20.2,234.7,2024
3,Mar,Spirit,MIA,BOS,37.8,27.7,2024
6,Jun,Alaska,LAX,SFO,8.4,10.6,2024
5,May,Southwest,SFO,ATL,13.4,0.7,2024
5,May,Spirit,MCO,ORD,54.3,50.5,2024
11,Nov,Delta,IAH,MIA,15.7,14.8,2024
5,May,Alaska,SLC,MSP,14.6,15.2,2024
1,Jan,Frontier,DFW,PHX,28.8,36.1,2024
1,Jan,JetBlue,MSP,SLC,33.5,44.3,2024
3,Mar,Delta,IAH,DFW,17.7,21.1,2024
12,Dec,Delta,MCO,DEN,30.4,53.0,2024
10,Oct,Alaska,MSP,MIA,17.9,22.8,2024
4,Apr,JetBlue,SLC,LAS,17.6,21.5,2024
5,May,Spirit,LGA,MSP,38.1,38.9,2024
2,Feb,American,ATL,LGA,22.0,35.0,2024
8,Aug,Alaska,JFK,CLT,16.7,8.7,2024
11,Nov,United,SLC,MSP,29.0,36.0,2024
11,Nov,JetBlue,MCO,MIA,10.0,14.9,2024
2,Feb,United,ATL,ATL,25.2,32.3,2024
9,Sep,Spirit,SEA,SEA,17.9,12.4,2024
2,Feb,Spirit,LGA,DEN,36.9,41.4,2024
9,Sep,Spirit,CLT,EWR,63.8,61.0,2024
7,Jul,Alaska,IAH,DFW,10.7,17.0,2024
8,Aug,Spirit,SFO,SLC,35.5,33.5,2024
11,Nov,Alaska,EWR,IAH,26.0,186.7,2024
2,Feb,Southwest,SFO,LAX,70.9,76.7,2024
7,Jul,Delta,LGA,MSP,8.4,15.1,2024
12,Dec,Southwest,DFW,EWR,8.3,407.0,2024
6,Jun,Spirit,BOS,SEA,27.9,22.8,2024
4,Apr,Delta,MSP,SLC,8.2,14.2,2024
7,Jul,Spirit,DFW,ORD,68.4,73.4,2024
4,Apr,Spirit,ATL,SLC,56.1,42.5,2024
2,Feb,Frontier,ATL,LGA,24.1,38.5,2024
10,Oct,American,SFO,LAS,27.6,23.3,2024
12,Dec,JetBlue,LAS,LGA,19.6,30.2,2024
7,Jul,American,ATL,ATL,69.9,65.7,2024
8,Aug,Delta,EWR,DFW,3.1,12.8,2024
2,Feb,Frontier,IAH,CLT,24.7,36.8,2024
5,May,Alaska,CLT,BOS,17.0,4.9,2024
1,Jan,Spirit,JFK,LGA,50.5,48.9,2024
7,Jul,Southwest,LAX,BOS,9.4,14.3,2024
8,Aug,Spirit,LAS,EWR,32.3,29.9,2024
6,Jun,Delta,DFW,MSP,17.1,26.7,2024
5,May,Spirit,MSP,MIA,21.9,28.0,2024
6,Jun,Alaska,MIA,CLT,9.1,24.5,2024
2,Feb,American,MSP,EWR,53.5,56.3,2024
1,Jan,Alaska,MIA,JFK,28.7,35.2,2024
7,Jul,Alaska,SLC,MIA,25.5,30.9,2024
7,Jul,American,SEA,CLT,12.2,23.3,2024
10,Oct,Southwest,SFO,DEN,26.5,17.6,2024
11,Nov,Spirit,EWR,ORD,20.1,11.9,2024
10,Oct,Alaska,ORD,LAX,-8.7,6.9,2024
2,Feb,Southwest,LGA,ATL,45.4,55.1,2024
2,Feb,Alaska,IAH,CLT,15.8,31.3,2024
1,Jan,Alaska,CLT,LAX,-1.0,14.6,2024
10,Oct,American,LGA,MCO,10.1,7.7,2024
8,Aug,Delta,MIA,JFK,2.6,7.9,2024
8,Aug,Spirit,DEN,BOS,48.3,41.7,2024
1,Jan,Delta,EWR,EWR,53.5,70.4,2024
12,Dec,JetBlue,CLT,DTW,20.9,32.4,2024
11,Nov,American,PHX,DFW,21.8,27.7,2024
8,Aug,JetBlue,DTW,SEA,31.0,40.2,2024
9,Sep,Alaska,LAX,BOS,8.8,22.1,2024
4,Apr,Frontier,EWR,DTW,17.1,18.9,2024
1,Jan,American,SLC,MCO,9.3,25.2,2024
1,Jan,JetBlue,SEA,MSP,22.7,34.0,2024
3,Mar,United,CLT,DEN,21.0,10.4,2024
5,May,Frontier,PHX,BOS,23.1,25.1,2024
5,May,Delta,DEN,PHX,3.2,11.0,2024
9,Sep,Delta,MCO,SLC,3.2,4.5,2024
10,Oct,United,EWR,MSP,-3.7,4.0,2024
12,Dec,Southwest,BOS,LAS,22.4,24.2,2024
2,Feb,Frontier,MSP,MIA,28.8,40.5,2024
2,Feb,United,LAS,DEN,36.5,35.9,2024
6,Jun,Frontier,LGA,MSP,19.3,21.7,2024
9,Sep,Spirit,MCO,PHX,23.5,34.1,2024
1,Jan,Frontier,BOS,IAH,18.2,21.0,2024
9,Sep,Delta,DEN,CLT,-1.0,2.0,2024
9,Sep,Frontier,BOS,MCO,32.9,11.4,2024
9,Sep,Spirit,ATL,BOS,55.1,63.3,2024
5,May,American,MCO,DFW,10.4,8.7,2024
9,Sep,JetBlue,EWR,DEN,15.5,16.5,2024
11,Nov,Delta,BOS,SEA,16.3,13.4,2024
4,Apr,Spirit,LAS,DEN,21.5,9.8,2024
2,Feb,United,MSP,ATL,20.7,30.4,2024
6,Jun,American,LGA,IAH,32.4,21.6,2024
4,Apr,Frontier,LGA,SLC,29.0,20.7,2024
6,Jun,Delta,DFW,SLC,32.9,35.3,2024
3,Mar,United,DTW,PHX,15.5,5.7,2024
6,Jun,Spirit,SLC,LAS,18.4,18.6,2024
2,Feb,Delta,SFO,ATL,44.0,210.4,2024
2,Feb,Frontier,ORD,MCO,18.3,18.6,2024
9,Sep,United,ATL,ORD,13.0,5.0,2024
7,Jul,Alaska,BOS,MSP,47.5,57.4,2024
3,Mar,United,CLT,JFK,34.5,40.5,2024
11,Nov,Frontier,MIA,JFK,15.0,7.7,2024
1,Jan,Delta,PHX,IAH,32.2,45.9,2024
8,Aug,American,LAX,DEN,12.0,17.7,2024
6,Jun,Delta,DFW,LGA,11.6,15.7,2024
7,Jul,Frontier,LGA,ORD,38.5,33.5,2024
9,Sep,Delta,LGA,DEN,9.4,11.2,2024
5,May,Alaska,SEA,ORD,6.3,16.8,2024
1,Jan,American,DTW,MSP,24.6,139.2,2024
12,Dec,Frontier,DFW,CLT,19.4,171.1,2024
10,Oct,Alaska,JFK,LGA,26.0,20.5,2024
7,Jul,Delta,SLC,CLT,8.6,12.5,2024
5,May,Alaska,DFW,DEN,17.3,17.3,2024
3,Mar,JetBlue,ORD,DTW,31.7,23.0,2024
12,Dec,JetBlue,MCO,MIA,23.6,26.1,2024
9,Sep,Frontier,JFK,DTW,29.6,16.7,2024
1,Jan,JetBlue,SFO,SFO,17.8,16.6,2024
1,Jan,United,DTW,ORD,25.1,22.3,2024
1,Jan,Southwest,BOS,MCO,33.0,49.9,2024
3,Mar,Spirit,EWR,PHX,36.3,25.7,2024
12,Dec,Frontier,MCO,MIA,18.6,22.2,2024
6,Jun,Alaska,SEA,JFK,21.5,25.7,2024
10,Oct,Delta,LAX,DEN,6.0,12.1,2024
11,Nov,Frontier,MSP,MCO,19.1,14.6,2024
3,Mar,Southwest,SEA,MSP,3.6,13.2,2024
8,Aug,Frontier,MCO,BOS,30.8,37.8,2024
10,Oct,Alaska,EWR,SLC,9.3,3.4,2024
2,Feb,JetBlue,DFW,SLC,24.7,29.8,2024
9,Sep,Spirit,EWR,DEN,53.3,45.3,2024
3,Mar,American,MCO,MCO,5.9,9.6,2024
5,May,JetBlue,JFK,LAS,41.6,33.0,2024
10,Oct,Spirit,DFW,DFW,20.9,14.7,2024
8,Aug,Delta,EWR,CLT,26.7,33.5,2024
2,Feb,Southwest,MSP,ORD,16.0,27.8,2024
6,Jun,Southwest,DEN,SFO,10.9,30.1,2024
12,Dec,Alaska,CLT,MCO,6.4,21.6,2024
5,May,Frontier,SEA,MCO,34.0,26.0,2024
10,Oct,United,SFO,DTW,34.7,17.2,2024
9,Sep,American,DTW,DTW,24.5,21.0,2024
12,Dec,Spirit,SFO,LAS,38.4,41.0,2024
5,May,Frontier,SFO,ORD,15.6,17.8,2024
2,Feb,JetBlue,IAH,LAS,28.9,39.4,2024
5,May,Spirit,PHX,DFW,26.8,16.4,2024
12,Dec,Spirit,IAH,LGA,17.7,20.6,2024
4,Apr,American,DTW,JFK,10.1,19.5,2024
11,Nov,Delta,PHX,EWR,17.0,26.1,2024
7,Jul,Frontier,SFO,IAH,20.6,18.5,2024
6,Jun,United,SFO,MSP,27.0,28.9,2024
2,Feb,JetBlue,SFO,SFO,10.0,15.2,2024
12,Dec,Delta,DEN,ORD,24.2,34.5,2024
11,Nov,American,ATL,JFK,21.7,11.1,2024
11,Nov,United,DTW,ORD,11.8,11.5,2024
5,May,JetBlue,IAH,BOS,36.0,15.9,2024
7,Jul,American,MSP,DEN,24.6,11.5,2024
11,Nov,JetBlue,SEA,LGA,16.3,20.5,2024
7,Jul,Spirit,SEA,PHX,31.4,30.2,2024
5,May,United,PHX,SFO,26.6,17.6,2024
12,Dec,United,LGA,DFW,15.2,30.1,2024
9,Sep,American,JFK,PHX,25.3,31.5,2024
4,Apr,Frontier,CLT,SFO,20.6,22.0,2024
11,Nov,JetBlue,CLT,MIA,32.3,41.6,2024
3,Mar,Southwest,EWR,SEA,10.6,19.4,2024
4,Apr,Delta,SEA,SEA,13.0,8.9,2024
5,May,United,SLC,DEN,23.3,10.4,2024
6,Jun,JetBlue,MCO,DEN,17.7,20.3,2024
3,Mar,American,CLT,SFO,24.5,32.0,2024
2,Feb,Spirit,ORD,DFW,50.1,54.5,2024
4,Apr,American,JFK,LAX,22.9,28.4,2024
5,May,Frontier,SEA,SLC,20.1,20.8,2024
4,Apr,United,EWR,LAX,50.7,56.4,2024
11,Nov,Alaska,CLT,EWR,13.3,27.4,2024
12,Dec,United,MSP,BOS,5.1,13.0,2024
3,Mar,Spirit,MCO,CLT,21.0,12.2,2024
8,Aug,Alaska,CLT,PHX,9.8,215.9,2024
10,Oct,Frontier,IAH,JFK,14.2,12.6,2024
4,Apr,Frontier,MSP,MSP,4.7,12.3,2024
2,Feb,Southwest,SEA,JFK,18.4,26.3,2024
2,Feb,American,DTW,LAX,8.7,28.5,2024
1,Jan,JetBlue,MIA,DTW,19.6,33.4,2024
4,Apr,Alaska,JFK,IAH,15.2,22.7,2024
10,Oct,Frontier,ATL,JFK,10.2,21.8,2024
9,Sep,Delta,LAX,SLC,12.6,8.8,2024
11,Nov,Delta,MSP,DTW,12.8,13.4,2024
7,Jul,Southwest,ATL,MSP,17.8,24.5,2024
12,Dec,Frontier,DFW,SEA,30.6,36.7,2024
10,Oct,Alaska,LAX,DEN,15.8,12.2,2024
7,Jul,Alaska,MCO,MSP,32.9,37.5,2024
7,Jul,JetBlue,EWR,JFK,46.8,49.2,2024
8,Aug,Delta,ORD,SLC,19.4,31.4,2024
1,Jan,Delta,LGA,MIA,19.8,31.4,2024
10,Oct,Spirit,DEN,EWR,18.7,15.8,2024
10,Oct,JetBlue,SEA,DEN,24.7,5.6,2024
8,Aug,Spirit,BOS,BOS,22.1,18.7,2024
4,Apr,Alaska,BOS,LGA,19.9,16.0,2024
4,Apr,JetBlue,ATL,LAX,14.0,13.6,2024
4,Apr,United,ATL,PHX,25.6,19.9,2024
6,Jun,Delta,CLT,CLT,33.0,40.8,2024
7,Jul,Alaska,LGA,SLC,19.1,5.9,2024
6,Jun,Delta,LAX,MCO,14.9,287.7,2024
1,Jan,Spirit,LGA,LGA,31.1,32.3,2024
12,Dec,Southwest,MCO,SLC,11.5,29.9,2024
8,Aug,United,LAS,SLC,21.5,31.0,2024
10,Oct,United,BOS,MSP,23.2,22.9,2024
11,Nov,Frontier,DFW,MSP,50.1,61.3,2024
7,Jul,Delta,MSP,EWR,9.9,21.4,2024
6,Jun,American,DFW,ORD,22.9,36.8,2024
6,Jun,American,SFO,DFW,14.3,25.4,2024
5,May,Spirit,DTW,SFO,6.1,11.6,2024
6,Jun,JetBlue,LAS,ORD,44.3,48.7,2024
12,Dec,United,ATL,LAS,12.1,28.5,2024
9,Sep,Delta,ATL,SEA,2.1,10.4,2024
10,Oct,Spirit,MCO,IAH,42.7,168.8,2024
9,Sep,Frontier,DFW,DTW,29.2,25.1,2024
10,Oct,Spirit,ATL,MCO,14.7,15.9,2024
8,Aug,Alaska,PHX,DEN,32.2,35.9,2024
10,Oct,Delta,LAX,ORD,26.3,20.9,2024
9,Sep,Delta,CLT,PHX,11.5,12.7,2024
10,Oct,Spirit,ORD,MIA,13.1,22.2,2024
8,Aug,Alaska,LAS,LGA,49.7,57.0,2024
8,Aug,Alaska,LGA,SEA,12.9,27.7,2024
1,Jan,Southwest,MSP,LAS,19.6,41.1,2024
10,Oct,American,ORD,SEA,18.2,12.5,2024
11,Nov,Southwest,DFW,MCO,12.9,19.7,2024
5,May,Delta,DFW,LAX,18.8,15.4,2024
4,Apr,Delta,MIA,DFW,9.6,8.3,2024
2,Feb,United,SFO,EWR,7.7,22.7,2024
8,Aug,Frontier,MIA,LAS,38.0,38.4,2024
3,Mar,United,MIA,LAS,31.4,126.6,2024
4,Apr,American,PHX,DEN,19.8,16.3,2024
12,Dec,Alaska,DEN,ORD,2.9,13.2,2024
7,Jul,JetBlue,MSP,DTW,32.7,32.6,2024
10,Oct,Delta,BOS,CLT,10.6,15.0,2024
9,Sep,United,PHX,JFK,12.2,10.8,2024
2,Feb,American,SFO,EWR,50.3,61.4,2024
3,Mar,Southwest,SLC,PHX,35.5,24.7,2024
4,Apr,Delta,SLC,DTW,11.1,12.6,2024
10,Oct,JetBlue,SLC,BOS,7.5,9.2,2024
1,Jan,American,BOS,LAS,32.3,46.8,2024
7,Jul,Alaska,MCO,SLC,11.3,20.1,2024
2,Feb,JetBlue,CLT,BOS,38.3,41.3,2024
5,May,Delta,DEN,MSP,36.4,36.5,2024
1,Jan,American,DTW,MSP,17.0,22.3,2024
3,Mar,Alaska,BOS,LGA,6.7,8.4,2024
12,Dec,Spirit,MIA,LAX,42.6,39.5,2024
2,Feb,Spirit,DEN,MCO,29.1,49.4,2024
1,Jan,United,EWR,LAS,8.7,22.1,2024
7,Jul,JetBlue,IAH,SEA,49.1,39.8,2024
5,May,Southwest,BOS,SFO,18.0,20.2,2024
1,Jan,Frontier,DEN,DEN,42.2,40.1,2024
6,Jun,Southwest,EWR,SLC,16.4,29.0,2024
5,May,Spirit,BOS,ORD,26.2,25.3,2024
3,Mar,JetBlue,LAX,MSP,17.7,24.5,2024
12,Dec,Delta,JFK,JFK,21.6,24.7,2024
7,Jul,Delta,DFW,MIA,13.4,31.0,2024
11,Nov,Delta,MSP,DFW,10.2,16.6,2024
10,Oct,Spirit,PHX,ORD,41.3,42.3,2024
9,Sep,Southwest,LGA,DFW,34.7,26.3,2024
9,Sep,Southwest,DTW,ORD,2.5,0.7,2024
9,Sep,United,CLT,MSP,6.2,19.2,2024
2,Feb,Delta,SEA,CLT,5.7,25.9,2024
3,Mar,Southwest,IAH,BOS,24.0,26.7,2024
7,Jul,Southwest,ORD,CLT,14.3,13.2,2024
5,May,Delta,LGA,MIA,29.0,26.9,2024
2,Feb,Delta,SFO,MIA,24.7,23.5,2024
3,Mar,Southwest,MSP,MSP,28.3,39.9,2024
10,Oct,Alaska,EWR,BOS,32.5,36.4,2024
6,Jun,JetBlue,DEN,JFK,41.8,38.7,2024
7,Jul,Southwest,DFW,MCO,18.1,31.8,2024
9,Sep,United,PHX,SLC,51.9,40.8,2024
1,Jan,American,MSP,SLC,16.2,21.8,2024
11,Nov,Alaska,PHX,ORD,25.0,15.4,2024
7,Jul,Delta,DTW,EWR,27.2,24.2,2024
8,Aug,Spirit,BOS,LAS,31.7,319.8,2024
12,Dec,United,ATL,DTW,52.0,56.1,2024
3,Mar,Frontier,MCO,ORD,44.1,41.0,2024
4,Apr,JetBlue,MCO,ORD,15.4,9.7,2024
10,Oct,Spirit,SFO,MCO,26.9,189.8,2024
6,Jun,Frontier,LAS,SFO,33.6,23.1,2024
10,Oct,American,SEA,SLC,21.0,25.4,2024
7,Jul,Alaska,MSP,ORD,7.7,10.6,2024
4,Apr,Southwest,DTW,ATL,7.9,14.6,2024
8,Aug,Delta,BOS,BOS,35.5,41.4,2024
5,May,Southwest,SEA,JFK,9.7,16.3,2024
1,Jan,United,IAH,SFO,54.5,76.6,2024
4,Apr,Spirit,EWR,LAX,24.8,18.7,2024
3,Mar,Frontier,MIA,IAH,29.7,25.4,2024
9,Sep,Spirit,EWR,CLT,26.4,25.8,2024
8,Aug,Delta,DTW,CLT,38.2,45.7,2024
1,Jan,Southwest,ORD,PHX,24.4,41.4,2024
11,Nov,Spirit,LAX,LGA,31.5,15.3,2024
6,Jun,Delta,ORD,IAH,14.7,1.9,2024
9,Sep,United,DFW,IAH,41.4,35.6,2024
7,Jul,Frontier,DEN,CLT,30.0,25.8,2024
4,Apr,Southwest,PHX,JFK,12.6,14.1,2024
1,Jan,Frontier,MCO,LAS,38.8,47.2,2024
12,Dec,American,LAX,MIA,12.5,27.7,2024
2,Feb,Spirit,BOS,CLT,42.8,49.4,2024
12,Dec,JetBlue,DEN,ORD,31.4,43.2,2024
5,May,Southwest,DEN,SLC,22.6,19.5,2024
12,Dec,Delta,ATL,ATL,13.1,33.3,2024
11,Nov,Frontier,DFW,LGA,26.5,17.1,2024
5,May,Alaska,BOS,MIA,42.1,42.8,2024
8,Aug,Southwest,BOS,IAH,30.5,19.7,2024
6,Jun,Delta,EWR,MIA,57.8,63.0,2024
8,Aug,Spirit,LGA,SFO,28.1,28.9,2024
2,Feb,Alaska,PHX,ATL,10.8,11.5,2024
3,Mar,United,LGA,BOS,53.8,42.6,2024
6,Jun,Frontier,LGA,DFW,28.1,29.7,2024
12,Dec,Alaska,IAH,SEA,28.3,43.1,2024
10,Oct,JetBlue,LAX,CLT,32.9,30.7,2024
3,Mar,Delta,DFW,MIA,14.6,12.0,2024
6,Jun,Southwest,SLC,SEA,55.3,71.0,2024
6,Jun,Spirit,MIA,BOS,22.6,22.4,2024
2,Feb,Alaska,LGA,ORD,9.5,19.0,2024
7,Jul,United,BOS,DFW,38.0,50.0,2024
12,Dec,Frontier,LAX,BOS,22.9,25.3,2024
2,Feb,Alaska,JFK,SEA,33.7,40.4,2024
6,Jun,American,LAS,PHX,28.3,209.2,2024
1,Jan,Southwest,DEN,ATL,26.0,30.7,2024
3,Mar,JetBlue,MCO,MSP,17.9,19.3,2024
2,Feb,United,LAS,SFO,10.6,19.3,2024
7,Jul,Southwest,SEA,MCO,3.9,14.5,2024
4,Apr,Delta,MCO,ORD,34.5,36.9,2024
8,Aug,Delta,SEA,EWR,25.8,24.7,2024
6,Jun,Delta,JFK,BOS,12.0,20.8,2024
12,Dec,Frontier,ORD,DEN,15.8,33.7,2024
10,Oct,Southwest,DEN,IAH,14.5,7.7,2024
4,Apr,JetBlue,LAS,SEA,23.3,24.4,2024
5,May,Delta,SFO,BOS,21.5,25.0,2024
9,Sep,Southwest,DFW,ORD,43.6,38.2,2024
7,Jul,Southwest,SFO,EWR,80.2,87.0,2024
10,Oct,Spirit,DEN,PHX,13.1,12.1,2024
9,Sep,JetBlue,MIA,LGA,17.0,32.3,2024
7,Jul,United,CLT,PHX,41.6,34.4,2024
12,Dec,United,LAX,ORD,1.9,20.3,2024
1,Jan,Southwest,MSP,LAX,7.3,14.2,2024
12,Dec,United,EWR,DTW,28.4,29.5,2024
8,Aug,Frontier,SFO,LAS,29.0,36.1,2024
4,Apr,American,SEA,LGA,21.7,12.6,2024
3,Mar,Frontier,JFK,DFW,28.5,30.5,2024
7,Jul,JetBlue,SFO,CLT,23.5,26.7,2024
12,Dec,Southwest,IAH,MSP,6.5,14.3,2024
3,Mar,United,MCO,SLC,6.7,14.7,2024
8,Aug,Alaska,SFO,LAS,23.9,25.1,2024
6,Jun,United,ORD,DFW,17.1,19.6,2024
5,May,JetBlue,DEN,SEA,13.7,10.2,2024
4,Apr,Frontier,ATL,CLT,8.6,10.7,2024
8,Aug,Frontier,CLT,DTW,50.2,61.7,2024
8,Aug,Alaska,ORD,ORD,12.8,9.6,2024
12,Dec,Delta,SEA,LGA,55.2,60.6,2024
1,Jan,United,LAS,SEA,27.6,35.8,2024
9,Sep,Alaska,CLT,DTW,5.9,14.9,2024
5,May,JetBlue,PHX,MSP,17.8,14.3,2024
4,Apr,Alaska,LAX,CLT,14.0,16.5,2024
6,Jun,Spirit,MCO,MIA,81.5,92.9,2024
6,Jun,Delta,DEN,CLT,19.4,27.3,2024
2,Feb,Alaska,SLC,BOS,35.3,45.6,2024
8,Aug,Frontier,MSP,LAS,38.3,25.8,2024
7,Jul,Spirit,MIA,CLT,27.7,26.4,2024
1,Jan,Frontier,ATL,ATL,20.4,40.3,2024
5,May,Southwest,CLT,BOS,18.3,16.0,2024
12,Dec,Spirit,IAH,JFK,12.3,22.6,2024
6,Jun,Delta,EWR,ATL,21.8,19.3,2024
4,Apr,United,LAS,SLC,15.5,12.2,2024
2,Feb,Southwest,ATL,MSP,26.4,28.6,2024
4,Apr,Frontier,MIA,JFK,48.9,42.0,2024
1,Jan,Southwest,LAS,LGA,28.3,30.4,2024
7,Jul,Delta,MIA,MSP,34.2,44.1,2024
2,Feb,Frontier,MSP,LAS,21.8,29.9,2024
2,Feb,Southwest,LAX,SEA,16.0,16.7,2024
9,Sep,Frontier,DTW,CLT,42.2,41.7,2024
5,May,Spirit,JFK,IAH,27.5,17.4,2024
2,Feb,Spirit,SEA,LAX,33.7,44.8,2024
11,Nov,Frontier,IAH,LAX,31.0,20.0,2024
9,Sep,Delta,EWR,MIA,18.0,19.4,2024
9,Sep,Delta,BOS,ATL,14.2,10.7,2024
1,Jan,Alaska,MIA,IAH,18.5,33.7,2024
11,Nov,Spirit,JFK,SFO,47.7,43.2,2024
3,Mar,Delta,ORD,LGA,32.0,32.2,2024
4,Apr,Frontier,DTW,EWR,27.0,27.1,2024
7,Jul,Spirit,LAX,SFO,39.3,29.3,2024
10,Oct,JetBlue,MIA,SFO,25.7,42.6,2024
4,Apr,United,ORD,LAX,56.3,48.7,2024
2,Feb,Southwest,IAH,DEN,15.3,220.3,2024
7,Jul,American,ATL,DTW,40.0,42.7,2024
6,Jun,Alaska,ATL,SEA,5.2,13.4,2024
3,Mar,United,BOS,BOS,21.5,20.5,2024
6,Jun,American,CLT,SFO,20.0,22.7,2024
11,Nov,Delta,DEN,JFK,26.4,21.2,2024
6,Jun,Southwest,JFK,MSP,51.2,55.4,2024
12,Dec,Alaska,EWR,BOS,3.3,33.4,2024
5,May,United,BOS,LGA,11.4,29.3,2024
4,Apr,American,BOS,EWR,3.9,13.7,2024
10,Oct,American,ORD,ATL,26.9,28.9,2024
12,Dec,American,LAX,SFO,23.0,23.3,2024
1,Jan,United,SFO,ORD,16.1,19.3,2024
10,Oct,JetBlue,LAX,JFK,23.3,10.3,2024
6,Jun,Delta,SFO,ORD,17.8,16.7,2024
2,Feb,Southwest,MIA,ORD,19.2,26.3,2024
3,Mar,American,MIA,SEA,15.5,10.4,2024
8,Aug,Frontier,DTW,DTW,39.0,45.0,2024
10,Oct,Alaska,ORD,LAS,35.8,109.0,2024
6,Jun,United,DTW,DEN,34.0,44.9,2024
3,Mar,Alaska,MIA,CLT,14.2,4.0,2024
7,Jul,Frontier,DFW,LGA,7.4,13.4,2024
4,Apr,American,LGA,PHX,10.1,13.8,2024
9,Sep,Frontier,EWR,SEA,32.2,25.7,2024
5,May,Frontier,ORD,IAH,86.1,78.5,2024
3,Mar,United,PHX,JFK,12.5,17.7,2024
2,Feb,Alaska,CLT,LGA,24.2,21.0,2024
11,Nov,JetBlue,SEA,DFW,25.5,13.7,2024
2,Feb,American,IAH,CLT,6.2,26.1,2024
3,Mar,Spirit,ORD,PHX,27.7,28.9,2024
2,Feb,American,SFO,MSP,34.1,46.7,2024
4,Apr,Southwest,PHX,ATL,28.2,22.4,2024
2,Feb,United,MCO,LAS,11.7,32.6,2024
10,Oct,United,LAS,DEN,18.5,5.4,2024
9,Sep,JetBlue,DTW,MIA,23.4,13.2,2024
2,Feb,Frontier,DTW,DFW,36.5,40.3,2024
9,Sep,American,MIA,MCO,17.2,16.8,2024
6,Jun,Southwest,ATL,EWR,47.2,50.8,2024
1,Jan,Alaska,DFW,IAH,13.6,33.4,2024
4,Apr,Delta,JFK,SEA,18.9,29.7,2024
1,Jan,Southwest,DEN,LAX,19.1,26.7,2024
6,Jun,Alaska,ORD,LGA,25.1,31.6,2024
4,Apr,Southwest,LAX,PHX,11.3,14.7,2024
3,Mar,Alaska,ORD,MSP,23.8,23.8,2024
3,Mar,Southwest,LAS,CLT,32.1,22.4,2024
9,Sep,Spirit,SLC,LAS,7.9,22.4,2024
6,Jun,Southwest,SLC,SEA,19.7,35.7,2024
9,Sep,Frontier,LGA,JFK,24.0,27.3,2024
5,May,American,IAH,DFW,56.2,53.4,2024
2,Feb,Southwest,MIA,IAH,12.8,11.0,2024
8,Aug,Alaska,BOS,ORD,21.4,16.1,2024
5,May,Alaska,ORD,DFW,18.1,14.1,2024
2,Feb,United,IAH,MSP,16.7,217.3,2024
4,Apr,Alaska,JFK,MCO,18.2,23.9,2024
9,Sep,United,SFO,MIA,9.2,6.9,2024
4,Apr,Spirit,ATL,SEA,25.3,16.2,2024
12,Dec,Spirit,JFK,DTW,22.2,30.0,2024
12,Dec,Frontier,IAH,DTW,6.5,18.2,2024
12,Dec,Alaska,MSP,EWR,13.1,13.0,2024
4,Apr,Southwest,SLC,DTW,9.0,5.6,2024
2,Feb,Alaska,SFO,ATL,19.5,22.8,2024
12,Dec,Frontier,SLC,LAX,35.4,46.4,2024
6,Jun,Spirit,LAS,MCO,26.6,31.0,2024
11,Nov,United,ORD,ATL,35.5,11.0,2024
2,Feb,Spirit,BOS,MIA,25.3,40.9,2024
12,Dec,Frontier,MCO,JFK,18.7,37.5,2024
7,Jul,American,IAH,CLT,15.9,13.6,2024
3,Mar,Spirit,SEA,BOS,43.0,287.7,2024
3,Mar,Spirit,LAS,DEN,16.1,23.7,2024
5,May,Delta,MSP,BOS,33.0,29.0,2024
3,Mar,Frontier,SEA,DTW,18.8,9.9,2024
2,Feb,Southwest,PHX,DTW,8.6,27.1,2024
10,Oct,Alaska,LGA,SLC,35.0,30.3,2024
9,Sep,United,SFO,DEN,19.2,13.7,2024
2,Feb,United,LGA,ORD,38.6,38.4,2024
11,Nov,Spirit,IAH,IAH,33.6,24.2,2024
2,Feb,Frontier,LAX,JFK,23.5,25.4,2024
8,Aug,American,ORD,LAS,16.1,15.9,2024
9,Sep,Frontier,SLC,SFO,32.3,29.6,2024
7,Jul,Spirit,ATL,IAH,32.7,34.5,2024
3,Mar,Alaska,PHX,LAX,24.3,27.0,2024
9,Sep,American,DTW,MCO,42.4,34.0,2024
3,Mar,Delta,MSP,PHX,49.2,42.9,2024
5,May,Alaska,LAS,BOS,15.8,20.2,2024
9,Sep,JetBlue,JFK,LAX,16.8,21.2,2024
12,Dec,JetBlue,JFK,MSP,29.1,47.0,2024
3,Mar,Alaska,SLC,SEA,17.1,13.0,2024
7,Jul,JetBlue,PHX,SFO,0.7,16.6,2024
12,Dec,Delta,ORD,ORD,16.6,18.6,2024
1,Jan,Southwest,IAH,SEA,18.9,36.0,2024
4,Apr,Spirit,SLC,ATL,25.0,196.2,2024
4,Apr,JetBlue,DEN,CLT,51.0,52.9,2024
7,Jul,Spirit,MIA,ATL,46.9,231.5,2024
8,Aug,JetBlue,PHX,BOS,41.3,45.4,2024
1,Jan,Alaska,LGA,MIA,6.8,15.0,2024
5,May,United,DFW,EWR,63.6,55.1,2024
7,Jul,Frontier,IAH,DFW,27.8,30.2,2024
12,Dec,United,IAH,LAX,35.0,32.5,2024
4,Apr,Southwest,ATL,ORD,12.5,3.5,2024
4,Apr,Alaska,DTW,DFW,37.1,27.8,2024
4,Apr,American,SEA,IAH,8.6,22.6,2024
12,Dec,Delta,LAX,BOS,10.6,28.8,2024
6,Jun,JetBlue,SLC,ATL,22.1,22.1,2024
7,Jul,Frontier,CLT,ORD,25.6,23.3,2024
2,Feb,Alaska,LAX,DFW,30.7,28.4,2024
5,May,Spirit,DFW,JFK,15.2,16.4,2024
4,Apr,Spirit,ATL,LGA,18.0,13.7,2024
3,Mar,Alaska,SLC,SEA,10.4,-2.8,2024
7,Jul,Delta,PHX,IAH,3.4,5.9,2024
11,Nov,United,ATL,EWR,36.5,40.6,2024
12,Dec,Delta,MCO,JFK,27.5,42.4,2024
6,Jun,United,CLT,SLC,20.8,20.2,2024
7,Jul,Delta,DFW,SEA,7.4,23.6,2024
5,May,Frontier,SFO,DFW,30.1,27.4,2024
6,Jun,Spirit,SFO,LAS,30.3,21.1,2024
5,May,United,IAH,SEA,24.2,21.1,2024
7,Jul,Delta,MSP,SLC,19.2,20.8,2024
2,Feb,JetBlue,PHX,ATL,45.0,52.8,2024
11,Nov,JetBlue,SEA,DFW,31.4,39.8,2024
5,May,Southwest,PHX,PHX,30.0,26.8,2024
6,Jun,Delta,DTW,SEA,16.3,28.4,2024
6,Jun,American,DTW,ORD,2.0,15.7,2024
5,May,Southwest,MCO,BOS,42.3,29.4,2024
10,Oct,Delta,MIA,LAS,26.7,22.8,2024
7,Jul,American,JFK,ORD,50.1,61.7,2024
10,Oct,JetBlue,ATL,DFW,39.2,37.4,2024
8,Aug,Spirit,SLC,JFK,34.2,35.3,2024
7,Jul,Spirit,SFO,LAS,33.0,28.0,2024
5,May,JetBlue,IAH,LAX,13.3,21.1,2024
1,Jan,Spirit,ORD,LAX,32.0,38.4,2024
5,May,Alaska,MCO,IAH,16.8,3.4,2024
10,Oct,JetBlue,MIA,ORD,50.1,57.9,2024
2,Feb,Alaska,DEN,ORD,9.2,22.5,2024
5,May,Spirit,SLC,IAH,29.8,9.9,2024
5,May,Frontier,LAX,JFK,21.5,22.3,2024
2,Feb,Frontier,DFW,ATL,26.4,38.0,2024
5,May,American,PHX,CLT,11.7,20.0,2024
4,Apr,United,LAX,MIA,14.3,20.7,2024
1,Jan,Delta,SEA,PHX,42.4,54.4,2024
3,Mar,Southwest,ATL,DFW,23.6,26.0,2024
1,Jan,Alaska,JFK,DTW,22.4,31.1,2024
12,Dec,Southwest,MIA,LAX,16.0,10.3,2024
11,Nov,Frontier,PHX,MSP,25.9,24.2,2024
5,May,Spirit,MSP,EWR,56.8,52.2,2024
4,Apr,JetBlue,ATL,BOS,20.4,-6.9,2024
7,Jul,United,LAX,DEN,21.9,23.3,2024
5,May,Alaska,ORD,SLC,9.4,15.3,2024
10,Oct,Delta,LAS,ORD,46.9,46.1,2024
4,Apr,Alaska,DEN,MCO,16.7,5.3,2024
2,Feb,Frontier,PHX,LAX,22.7,26.6,2024
4,Apr,Delta,PHX,LGA,5.3,-1.9,2024
12,Dec,Southwest,BOS,MIA,18.5,26.7,2024
2,Feb,Southwest,IAH,ATL,31.7,52.4,2024
8,Aug,Southwest,ATL,SLC,18.0,14.5,2024
3,Mar,Delta,ORD,SEA,17.5,10.0,2024
9,Sep,Alaska,DEN,MIA,39.2,49.1,2024
4,Apr,Southwest,LGA,SEA,14.6,18.5,2024
6,Jun,Delta,SEA,LGA,16.7,29.0,2024
10,Oct,JetBlue,LGA,MCO,27.1,10.7,2024
5,May,Spirit,LAS,JFK,44.2,30.3,2024
10,Oct,Spirit,JFK,SFO,39.4,29.4,2024
1,Jan,Spirit,LGA,MSP,20.8,24.2,2024
9,Sep,Alaska,SEA,SFO,30.8,28.7,2024
1,Jan,Alaska,SFO,MIA,10.9,24.3,2024
8,Aug,Alaska,SFO,PHX,35.6,135.9,2024
9,Sep,United,CLT,SEA,20.7,18.0,2024
9,Sep,Southwest,SFO,PHX,9.4,17.9,2024
1,Jan,Delta,SEA,MIA,11.1,112.4,2024
2,Feb,JetBlue,LAS,MCO,13.5,23.5,2024
12,Dec,American,CLT,LGA,26.1,45.9,2024
1,Jan,JetBlue,LAX,MIA,15.0,30.3,2024
10,Oct,United,SFO,EWR,20.2,17.6,2024
2,Feb,JetBlue,CLT,DEN,21.6,23.0,2024
10,Oct,Southwest,IAH,PHX,27.8,18.6,2024
12,Dec,Southwest,IAH,MCO,32.6,46.9,2024
8,Aug,American,PHX,DEN,18.4,11.8,2024
5,May,Alaska,IAH,MCO,12.5,11.5,2024
12,Dec,Delta,ATL,LAS,28.9,38.6,2024
11,Nov,Spirit,SFO,ORD,19.3,20.9,2024
7,Jul,JetBlue,ORD,ORD,22.3,23.5,2024
2,Feb,American,DTW,PHX,20.3,26.0,2024
8,Aug,Spirit,BOS,SFO,19.2,15.4,2024
11,Nov,Frontier,DTW,LAX,45.5,50.4,2024
6,Jun,Southwest,DFW,SEA,31.6,44.8,2024
8,Aug,Frontier,MSP,BOS,11.7,25.6,2024
1,Jan,Spirit,EWR,LAS,26.6,30.3,2024
1,Jan,Frontier,EWR,MIA,40.8,49.8,2024
12,Dec,Frontier,DEN,SLC,28.1,35.4,2024
7,Jul,Alaska,MCO,MCO,7.3,15.6,2024
8,Aug,Delta,JFK,LGA,32.2,31.6,2024
3,Mar,Delta,JFK,MSP,20.8,16.0,2024
5,May,United,IAH,ATL,27.5,15.6,2024
12,Dec,Alaska,JFK,ATL,8.0,24.3,2024
1,Jan,Southwest,SFO,SEA,7.6,26.3,2024
7,Jul,Frontier,EWR,MSP,22.6,20.5,2024
5,May,Delta,LAS,JFK,4.8,3.1,2024
8,Aug,United,MSP,ORD,16.3,32.2,2024
8,Aug,United,BOS,EWR,27.1,25.8,2024
9,Sep,Southwest,SLC,PHX,7.2,11.6,2024
7,Jul,Delta,ATL,SFO,5.5,14.2,2024
11,Nov,Spirit,SEA,ORD,28.2,16.0,2024
1,Jan,Alaska,DFW,DTW,42.9,65.4,2024
3,Mar,Delta,SLC,EWR,7.6,8.1,2024
8,Aug,JetBlue,DEN,DFW,20.9,19.3,2024
3,Mar,Delta,LGA,MSP,38.4,32.3,2024
8,Aug,United,ORD,ATL,15.5,24.7,2024
1,Jan,American,SLC,DEN,16.8,153.4,2024
5,May,Southwest,ATL,IAH,8.2,14.6,2024
4,Apr,American,ATL,BOS,18.1,10.3,2024
5,May,Delta,MCO,MIA,39.0,36.8,2024
8,Aug,Alaska,LAS,LAS,14.0,13.8,2024
10,Oct,Alaska,DEN,SFO,34.1,37.5,2024
4,Apr,Spirit,SFO,DTW,23.6,18.7,2024
11,Nov,Spirit,JFK,ORD,33.4,20.2,2024
4,Apr,United,LGA,EWR,16.0,16.7,2024
3,Mar,American,LGA,SFO,16.3,13.0,2024
7,Jul,Frontier,MSP,ATL,52.4,198.8,2024
3,Mar,Southwest,BOS,JFK,19.8,28.5,2024
12,Dec,Frontier,DFW,JFK,40.1,58.2,2024
3,Mar,JetBlue,SEA,PHX,13.0,10.4,2024
11,Nov,American,DEN,BOS,24.8,14.3,2024
10,Oct,Alaska,DEN,SLC,12.6,11.1,2024
5,May,JetBlue,MSP,JFK,18.4,20.9,2024
5,May,Alaska,MIA,DTW,20.8,67.4,2024
6,Jun,Spirit,SEA,ORD,19.3,19.4,2024
8,Aug,Spirit,SEA,PHX,14.6,11.8,2024
10,Oct,Delta,ATL,LAS,-1.7,4.6,2024
6,Jun,Delta,MSP,MCO,19.9,15.2,2024
12,Dec,Southwest,DEN,SLC,-0.4,17.8,2024
1,Jan,JetBlue,SEA,CLT,39.6,39.2,2024
8,Aug,Frontier,LGA,LAS,26.1,25.2,2024
8,Aug,JetBlue,MSP,SLC,40.3,40.0,2024
9,Sep,Southwest,LAS,SEA,26.9,23.4,2024
9,Sep,Spirit,LAX,DFW,29.6,7.4,2024
2,Feb,Alaska,SLC,DEN,19.0,18.4,2024
2,Feb,American,MCO,SLC,13.9,23.0,2024
3,Mar,Southwest,LGA,DTW,28.4,34.1,2024
1,Jan,Spirit,SFO,IAH,16.9,23.5,2024
4,Apr,Delta,ORD,SLC,18.9,29.3,2024
4,Apr,JetBlue,SLC,JFK,27.7,36.7,2024
9,Sep,United,SLC,DEN,16.9,12.5,2024
9,Sep,Alaska,LAS,MIA,66.6,67.6,2024
9,Sep,Spirit,PHX,DEN,64.3,60.1,2024
10,Oct,United,DTW,SEA,16.1,14.3,2024
7,Jul,Delta,IAH,DEN,16.9,26.5,2024
2,Feb,JetBlue,CLT,MIA,21.0,41.6,2024
10,Oct,JetBlue,ATL,MSP,41.7,39.9,2024
5,May,Southwest,JFK,JFK,14.0,14.3,2024
4,Apr,Frontier,CLT,DEN,6.9,15.6,2024
12,Dec,American,JFK,IAH,20.5,31.3,2024
11,Nov,Southwest,IAH,PHX,27.3,24.3,2024
8,Aug,United,ATL,EWR,9.9,11.3,2024
2,Feb,JetBlue,ORD,DTW,20.3,26.6,2024
6,Jun,American,LGA,CLT,26.8,21.2,2024
5,May,Southwest,EWR,ORD,28.8,32.7,2024
12,Dec,American,SEA,ORD,14.3,24.2,2024
2,Feb,Spirit,LGA,BOS,19.6,29.3,2024
11,Nov,Alaska,SEA,CLT,15.9,14.2,2024
10,Oct,Alaska,LGA,MIA,20.6,21.2,2024
1,Jan,United,LAS,PHX,27.1,26.6,2024
8,Aug,American,BOS,MCO,15.7,22.9,2024
2,Feb,Spirit,SLC,CLT,37.2,44.2,2024
7,Jul,Alaska,DFW,IAH,6.7,13.2,2024
9,Sep,Frontier,MIA,DTW,29.3,28.6,2024
9,Sep,JetBlue,DFW,JFK,8.0,9.4,2024
8,Aug,Alaska,DTW,DTW,21.5,31.1,2024
11,Nov,Frontier,DTW,EWR,28.1,22.6,2024
12,Dec,American,JFK,LAX,13.1,19.5,2024
10,Oct,American,LGA,SLC,33.4,35.5,2024
9,Sep,Southwest,LAX,DEN,25.5,19.6,2024
2,Feb,Frontier,SEA,MIA,13.7,27.9,2024
6,Jun,Spirit,DFW,MIA,18.2,10.7,2024
4,Apr,Spirit,PHX,SLC,109.6,104.1,2024
4,Apr,American,SFO,IAH,16.8,17.5,2024
5,May,American,DFW,SEA,52.2,54.6,2024
12,Dec,United,EWR,BOS,60.3,60.1,2024
3,Mar,American,DTW,LAS,45.9,42.1,2024
1,Jan,Spirit,EWR,ORD,12.9,19.6,2024
8,Aug,Frontier,LAS,JFK,17.5,28.4,2024
5,May,Southwest,DFW,ATL,64.8,63.5,2024
3,Mar,Frontier,JFK,LGA,25.1,24.0,2024
10,Oct,Spirit,ATL,ORD,32.4,29.4,2024
7,Jul,Southwest,SFO,IAH,5.9,12.8,2024
7,Jul,Spirit,ATL,IAH,33.2,37.1,2024
1,Jan,Spirit,SLC,LAX,17.3,28.3,2024
12,Dec,Frontier,SEA,DFW,16.2,13.9,2024
9,Sep,JetBlue,ORD,ATL,24.3,19.7,2024
2,Feb,Alaska,ATL,PHX,14.0,26.9,2024
5,May,United,ATL,DEN,32.2,23.9,2024
5,May,Delta,SFO,DEN,23.7,27.2,2024
8,Aug,JetBlue,MSP,LAS,12.2,20.8,2024
8,Aug,American,ATL,DTW,20.2,13.6,2024
7,Jul,Frontier,EWR,MSP,49.2,52.4,2024
7,Jul,Alaska,DTW,MSP,12.8,28.6,2024
12,Dec,United,DFW,ATL,10.2,18.0,2024
11,Nov,JetBlue,BOS,LGA,15.6,12.9,2024
6,Jun,Southwest,BOS,MCO,26.3,27.5,2024
6,Jun,United,LGA,SEA,29.6,35.3,2024
11,Nov,United,CLT,ORD,14.0,10.2,2024
9,Sep,Spirit,PHX,LGA,21.0,18.6,2024
6,Jun,Spirit,ORD,BOS,25.2,31.1,2024
12,Dec,American,MCO,IAH,21.9,24.5,2024
2,Feb,United,MCO,DTW,25.6,31.0,2024
2,Feb,Alaska,BOS,MIA,18.9,28.1,2024
5,May,Spirit,ATL,EWR,27.4,24.3,2024
4,Apr,Spirit,ATL,DFW,32.3,31.7,2024
11,Nov,Frontier,PHX,IAH,28.4,25.3,2024
2,Feb,Alaska,IAH,SFO,4.9,18.3,2024
3,Mar,United,CLT,MIA,41.8,53.0,2024
7,Jul,Delta,LAX,EWR,24.4,23.8,2024
8,Aug,Spirit,LGA,EWR,23.8,27.0,2024
12,Dec,American,SEA,ORD,23.3,38.3,2024
6,Jun,Spirit,LAS,LAS,34.1,37.3,2024
11,Nov,United,MCO,SEA,20.8,25.1,2024
5,May,Frontier,MIA,SFO,20.8,25.0,2024
1,Jan,United,JFK,LGA,3.9,16.8,2024
8,Aug,Delta,DTW,MIA,11.2,130.6,2024
3,Mar,Delta,ATL,DFW,22.5,16.7,2024
6,Jun,Southwest,SFO,DFW,8.9,14.2,2024
3,Mar,American,LAS,DEN,37.1,31.5,2024
7,Jul,Delta,MIA,SEA,30.8,33.3,2024
7,Jul,United,EWR,PHX,35.0,42.8,2024
12,Dec,Delta,SLC,LGA,30.2,33.8,2024
9,Sep,JetBlue,LAX,JFK,16.2,26.2,2024
5,May,Southwest,CLT,LAS,24.5,21.0,2024
8,Aug,Southwest,ORD,PHX,20.5,23.2,2024
10,Oct,Alaska,DFW,SEA,16.9,12.7,2024
10,Oct,American,MCO,CLT,24.5,26.8,2024
8,Aug,Southwest,SFO,IAH,11.3,24.6,2024
1,Jan,Frontier,BOS,DEN,14.9,20.5,2024
12,Dec,American,DFW,IAH,21.1,38.3,2024
5,May,JetBlue,PHX,ATL,24.0,18.3,2024
3,Mar,Alaska,JFK,LAX,12.7,17.4,2024
1,Jan,United,DTW,PHX,22.6,18.4,2024
4,Apr,JetBlue,ORD,JFK,29.8,20.5,2024
8,Aug,American,LGA,SLC,13.8,18.8,2024
3,Mar,American,MIA,MIA,54.4,47.6,2024
10,Oct,Frontier,PHX,IAH,21.4,19.2,2024
2,Feb,American,PHX,EWR,34.8,48.1,2024
11,Nov,United,PHX,SEA,43.5,54.4,2024
9,Sep,Alaska,ORD,DFW,4.9,6.0,2024
10,Oct,Alaska,CLT,MIA,11.3,15.1,2024
5,May,American,LGA,PHX,8.9,5.5,2024
7,Jul,JetBlue,IAH,EWR,18.6,27.6,2024
11,Nov,Alaska,SLC,BOS,27.9,38.7,2024
11,Nov,United,SLC,ORD,22.3,14.1,2024
2,Feb,JetBlue,BOS,MIA,15.7,32.5,2024
9,Sep,Frontier,DEN,EWR,36.3,37.2,2024
9,Sep,Spirit,EWR,ORD,36.6,29.0,2024
4,Apr,United,CLT,PHX,22.8,1.4,2024
4,Apr,American,CLT,EWR,38.7,35.0,2024
6,Jun,Alaska,JFK,SFO,44.5,210.5,2024
10,Oct,United,BOS,CLT,25.6,13.3,2024
10,Oct,Frontier,LAX,CLT,24.6,32.6,2024
10,Oct,Delta,MCO,PHX,24.8,30.1,2024
6,Jun,JetBlue,LAS,ORD,12.4,12.1,2024
12,Dec,Delta,DFW,JFK,-1.6,14.4,2024
1,Jan,Frontier,DEN,IAH,35.7,40.7,2024
9,Sep,Frontier,SEA,DEN,60.5,60.1,2024
2,Feb,Delta,PHX,EWR,21.4,28.2,2024
5,May,American,SFO,MSP,30.0,27.9,2024
9,Sep,Spirit,DTW,ORD,22.0,36.8,2024
4,Apr,Frontier,DEN,CLT,17.4,16.5,2024
11,Nov,American,EWR,MCO,15.3,25.4,2024
3,Mar,Delta,CLT,JFK,35.5,31.1,2024
7,Jul,United,DEN,DFW,19.0,28.9,2024
6,Jun,American,ORD,CLT,15.4,15.4,2024
8,Aug,JetBlue,PHX,IAH,18.4,13.6,2024
3,Mar,Delta,DEN,LAS,15.8,12.6,2024
5,May,JetBlue,CLT,MCO,23.3,21.6,2024
10,Oct,Spirit,IAH,DFW,30.8,25.3,2024
4,Apr,Alaska,SEA,EWR,34.6,19.9,2024
4,Apr,Spirit,LAX,IAH,24.3,28.6,2024
4,Apr,JetBlue,SEA,DEN,29.6,27.6,2024
10,Oct,JetBlue,SEA,MSP,17.4,16.4,2024
8,Aug,Delta,DFW,JFK,12.8,27.8,2024
6,Jun,Southwest,SLC,SLC,28.0,21.5,2024
3,Mar,Spirit,IAH,BOS,32.9,28.4,2024
10,Oct,Alaska,ATL,CLT,22.1,13.7,2024
5,May,American,MCO,LAS,5.8,12.9,2024
6,Jun,JetBlue,CLT,SFO,26.0,29.9,2024
5,May,Delta,IAH,DTW,19.3,19.9,2024
6,Jun,Southwest,BOS,SLC,18.2,20.1,2024
8,Aug,Delta,ATL,MCO,14.4,21.1,2024
7,Jul,American,SFO,EWR,11.6,29.0,2024
5,May,Spirit,SLC,DFW,21.5,9.5,2024
10,Oct,Spirit,ATL,BOS,18.8,23.8,2024
6,Jun,Delta,SFO,IAH,17.9,24.7,2024
4,Apr,Frontier,LAX,SEA,16.6,15.6,2024
12,Dec,Spirit,SFO,LGA,31.6,41.9,2024
9,Sep,United,SLC,ORD,16.3,18.5,2024
4,Apr,Alaska,MSP,DFW,21.7,14.3,2024
1,Jan,United,DEN,PHX,30.1,25.1,2024
7,Jul,Spirit,SLC,EWR,22.8,22.6,2024
7,Jul,Frontier,ATL,MCO,46.0,50.4,2024
4,Apr,JetBlue,ATL,LAX,23.6,20.7,2024
3,Mar,Frontier,IAH,BOS,25.6,24.0,2024
8,Aug,Delta,ATL,EWR,15.9,22.4,2024
5,May,Delta,DEN,PHX,-0.6,-1.4,2024
10,Oct,JetBlue,LAS,DEN,22.2,12.8,2024
7,Jul,JetBlue,BOS,BOS,12.6,24.8,2024
4,Apr,Spirit,LAS,ORD,17.9,18.8,2024
4,Apr,Alaska,IAH,BOS,17.7,16.2,2024
8,Aug,Spirit,MIA,ATL,25.2,18.2,2024
8,Aug,Southwest,ATL,LAX,57.7,66.2,2024
2,Feb,Delta,SLC,MIA,36.5,45.9,2024
2,Feb,American,PHX,BOS,15.1,22.7,2024
3,Mar,American,LAX,SFO,23.2,22.7,2024
12,Dec,American,SFO,ATL,17.6,26.9,2024
12,Dec,JetBlue,MCO,MSP,19.2,206.2,2024
3,Mar,JetBlue,LAX,MSP,9.0,18.8,2024
1,Jan,JetBlue,SLC,LAX,16.2,20.6,2024
3,Mar,Spirit,JFK,PHX,18.0,10.8,2024
6,Jun,American,PHX,ATL,8.3,151.9,2024
8,Aug,Southwest,LAS,SFO,14.7,30.2,2024
12,Dec,Alaska,SEA,MSP,24.4,35.5,2024
10,Oct,United,MIA,LAX,14.6,15.3,2024
6,Jun,Delta,LAS,MCO,11.9,25.2,2024
5,May,United,MCO,SFO,30.9,33.3,2024
4,Apr,Delta,MCO,LGA,18.7,18.6,2024
3,Mar,JetBlue,LAS,DEN,29.9,26.0,2024
4,Apr,American,SEA,MIA,18.4,22.2,2024
7,Jul,United,CLT,MIA,39.3,39.7,2024
1,Jan,Frontier,LAX,MIA,32.0,33.8,2024
7,Jul,JetBlue,ATL,LGA,32.2,41.7,2024
1,Jan,Delta,LAS,SLC,17.8,23.0,2024
2,Feb,Frontier,LAS,SEA,28.3,43.1,2024
4,Apr,Alaska,MSP,MCO,9.7,20.7,2024
1,Jan,Frontier,SEA,DTW,32.6,32.1,2024
11,Nov,Alaska,DEN,PHX,15.9,26.3,2024
12,Dec,United,ORD,SFO,24.3,21.0,2024
11,Nov,United,DFW,LAX,12.3,20.8,2024
11,Nov,United,LGA,LGA,16.4,8.7,2024
9,Sep,United,EWR,ATL,25.8,24.1,2024
12,Dec,United,EWR,MSP,12.7,16.9,2024
6,Jun,JetBlue,MCO,SLC,35.5,33.4,2024
1,Jan,Spirit,ORD,DTW,33.6,47.4,2024
1,Jan,Delta,JFK,IAH,12.7,16.6,2024
6,Jun,Delta,ATL,MCO,17.4,20.4,2024
4,Apr,Southwest,EWR,DTW,22.5,12.7,2024
4,Apr,Spirit,CLT,CLT,29.5,31.4,2024
11,Nov,Spirit,SFO,DTW,72.4,66.1,2024
6,Jun,American,LAX,DEN,48.2,69.6,2024
12,Dec,Alaska,PHX,EWR,14.0,29.8,2024
11,Nov,United,CLT,DEN,23.2,21.8,2024
7,Jul,Alaska,JFK,MSP,13.9,14.2,2024
9,Sep,Delta,LAX,EWR,7.0,15.2,2024
10,Oct,American,LGA,CLT,14.9,17.5,2024
5,May,American,ATL,DEN,22.3,31.3,2024
9,Sep,JetBlue,ATL,JFK,36.0,25.2,2024
4,Apr,United,DFW,MSP,32.3,20.3,2024
10,Oct,Southwest,MCO,EWR,19.0,22.3,2024
2,Feb,American,EWR,PHX,16.9,32.4,2024
3,Mar,JetBlue,SEA,LAX,16.8,13.4,2024
11,Nov,United,ATL,MSP,32.6,41.1,2024
1,Jan,Delta,SLC,LGA,18.3,22.7,2024
6,Jun,Frontier,MIA,ATL,10.3,21.5,2024
6,Jun,Southwest,LGA,DFW,7.9,-1.5,2024
1,Jan,United,PHX,IAH,14.6,26.1,2024
11,Nov,JetBlue,BOS,JFK,31.5,27.4,2024
3,Mar,Alaska,LAS,BOS,5.2,9.9,2024
5,May,JetBlue,SFO,MCO,25.0,32.2,2024
3,Mar,JetBlue,BOS,MSP,14.1,20.3,2024
10,Oct,Frontier,CLT,LAX,21.2,20.4,2024
3,Mar,JetBlue,SEA,LGA,14.5,18.2,2024
10,Oct,JetBlue,LGA,PHX,18.5,10.3,2024
3,Mar,Southwest,DEN,SLC,7.8,7.9,2024
5,May,American,DTW,DEN,16.5,25.9,2024
5,May,Spirit,LAX,BOS,39.8,33.5,2024
4,Apr,American,EWR,IAH,7.0,6.3,2024
1,Jan,Spirit,LGA,LAS,31.7,36.8,2024
5,May,Delta,ORD,MIA,17.5,17.2,2024
10,Oct,Spirit,ATL,DFW,20.1,19.3,2024
5,May,American,IAH,PHX,38.6,40.1,2024
4,Apr,JetBlue,IAH,ATL,14.1,20.0,2024
6,Jun,American,DFW,LAX,22.7,29.9,2024
10,Oct,Spirit,CLT,LAS,50.1,51.5,2024
4,Apr,Alaska,SLC,IAH,12.7,20.9,2024
7,Jul,Spirit,SLC,EWR,13.1,21.4,2024
7,Jul,Alaska,PHX,DTW,11.5,28.5,2024
2,Feb,American,DEN,DFW,11.3,25.9,2024
3,Mar,JetBlue,SLC,LAX,22.4,13.7,2024
1,Jan,Spirit,MIA,BOS,20.3,20.5,2024
8,Aug,Southwest,SFO,MCO,27.9,34.3,2024
9,Sep,JetBlue,DEN,DEN,12.3,15.6,2024
4,Apr,American,MCO,DFW,12.5,11.5,2024
6,Jun,American,BOS,CLT,30.5,34.6,2024
9,Sep,Delta,SLC,ORD,18.9,20.3,2024
6,Jun,Frontier,CLT,LGA,32.1,28.9,2024
12,Dec,JetBlue,BOS,SEA,15.2,24.7,2024
12,Dec,Frontier,DFW,BOS,20.7,24.5,2024
12,Dec,Delta,BOS,SEA,30.1,33.1,2024
9,Sep,Delta,IAH,MCO,15.7,7.7,2024
4,Apr,United,LGA,MCO,31.7,31.4,2024
8,Aug,Alaska,SLC,DEN,14.2,22.0,2024
9,Sep,Delta,EWR,JFK,1.1,13.0,2024
4,Apr,Alaska,MIA,DEN,10.2,25.2,2024
5,May,American,LAX,SEA,35.7,37.9,2024
8,Aug,Spirit,EWR,IAH,27.9,25.6,2024
12,Dec,American,ATL,DFW,15.9,31.3,2024
10,Oct,United,LGA,DFW,4.3,14.8,2024
6,Jun,United,IAH,DEN,22.2,13.9,2024
12,Dec,Spirit,MSP,CLT,32.9,19.6,2024
7,Jul,JetBlue,DEN,JFK,11.3,16.6,2024
3,Mar,Spirit,JFK,EWR,19.2,18.7,2024
7,Jul,United,ATL,DTW,17.7,23.9,2024
12,Dec,Southwest,PHX,DTW,0.0,17.6,2024
8,Aug,American,DEN,EWR,14.6,27.7,2024
10,Oct,American,ATL,DFW,5.1,16.8,2024
6,Jun,Alaska,MIA,MIA,3.1,10.8,2024
10,Oct,United,SFO,SLC,29.1,29.0,2024
9,Sep,Alaska,IAH,SLC,8.4,1.3,2024
6,Jun,United,MCO,SEA,19.3,12.0,2024
12,Dec,American,PHX,PHX,-0.8,14.3,2024
9,Sep,United,CLT,DEN,26.5,12.4,2024
4,Apr,Frontier,DFW,EWR,20.0,17.2,2024
8,Aug,JetBlue,EWR,ORD,18.1,28.1,2024
11,Nov,United,CLT,PHX,36.9,13.6,2024
4,Apr,United,CLT,MSP,28.1,18.2,2024
2,Feb,Spirit,BOS,SFO,9.4,17.8,2024
10,Oct,JetBlue,SEA,BOS,15.8,22.1,2024
11,Nov,JetBlue,SEA,DTW,28.9,20.9,2024
9,Sep,JetBlue,IAH,PHX,30.6,32.1,2024
5,May,Alaska,JFK,LAS,-1.6,3.1,2024
4,Apr,American,DEN,BOS,26.8,33.3,2024
2,Feb,Spirit,LAX,ORD,12.1,25.9,2024
1,Jan,United,BOS,MSP,20.9,19.9,2024
11,Nov,JetBlue,DFW,JFK,23.2,27.2,2024
7,Jul,JetBlue,MSP,JFK,17.0,16.0,2024
6,Jun,American,LGA,SLC,24.1,34.0,2024
2,Feb,Southwest,EWR,SFO,26.5,33.1,2024
8,Aug,United,LAS,DFW,42.1,44.3,2024
11,Nov,Southwest,ATL,DEN,18.8,22.6,2024
4,Apr,Southwest,CLT,ATL,12.9,20.8,2024
8,Aug,JetBlue,BOS,IAH,18.7,33.5,2024
7,Jul,Frontier,DEN,LGA,28.4,44.1,2024
5,May,Alaska,IAH,LAS,44.3,44.2,2024
10,Oct,American,MCO,LAS,38.6,42.8,2024
10,Oct,United,LAX,PHX,14.0,15.7,2024
12,Dec,United,DFW,MCO,21.7,27.7,2024
8,Aug,United,CLT,LGA,26.6,30.4,2024
9,Sep,Alaska,JFK,MSP,68.9,68.6,2024
5,May,Southwest,BOS,DFW,5.3,7.5,2024
10,Oct,Delta,IAH,IAH,7.1,24.0,2024
5,May,American,MCO,IAH,18.8,10.6,2024
2,Feb,Delta,DFW,LAS,34.6,40.7,2024
5,May,Southwest,ATL,ORD,10.3,7.0,2024
3,Mar,JetBlue,CLT,SFO,11.7,8.4,2024
7,Jul,Delta,IAH,CLT,6.9,17.4,2024
10,Oct,Frontier,DTW,LAS,6.9,189.7,2024
5,May,Delta,ORD,LAS,29.9,17.5,2024
8,Aug,American,CLT,DFW,12.1,7.9,2024
1,Jan,Southwest,DEN,IAH,25.7,42.0,2024
3,Mar,American,ORD,LGA,25.4,33.1,2024
3,Mar,JetBlue,SFO,JFK,11.5,11.5,2024
9,Sep,Alaska,JFK,SFO,-1.8,7.6,2024
5,May,Alaska,ATL,PHX,19.3,12.8,2024
12,Dec,Frontier,SLC,PHX,8.0,18.2,2024
9,Sep,Alaska,SFO,JFK,26.5,27.4,2024
9,Sep,United,DFW,JFK,3.7,8.1,2024
1,Jan,Alaska,BOS,SLC,17.0,26.5,2024
2,Feb,Frontier,MCO,SEA,23.3,27.7,2024
5,May,Spirit,IAH,LAS,33.6,22.5,2024
4,Apr,Alaska,LAS,ATL,30.6,40.9,2024
10,Oct,Southwest,SLC,EWR,6.2,22.8,2024
9,Sep,Spirit,DFW,JFK,32.9,30.0,2024
7,Jul,Frontier,ATL,SEA,31.6,19.0,2024
6,Jun,Alaska,LAS,CLT,9.9,27.3,2024
7,Jul,Alaska,CLT,BOS,18.0,21.7,2024
1,Jan,JetBlue,SEA,PHX,25.1,32.1,2024
1,Jan,JetBlue,CLT,EWR,10.1,16.9,2024
8,Aug,Delta,CLT,CLT,72.7,78.2,2024
2,Feb,Spirit,IAH,MIA,47.8,52.4,2024
12,Dec,Frontier,SFO,SFO,20.5,17.9,2024
10,Oct,American,IAH,SEA,22.1,10.9,2024
11,Nov,Delta,EWR,MIA,23.5,27.1,2024
9,Sep,Delta,LAX,LAS,36.2,39.1,2024
7,Jul,United,DFW,SFO,20.2,21.4,2024
6,Jun,American,MCO,CLT,21.2,22.0,2024
1,Jan,United,EWR,CLT,16.6,22.7,2024
1,Jan,Alaska,ORD,EWR,10.9,119.4,2024
2,Feb,Frontier,LAX,ORD,25.9,39.0,2024
6,Jun,JetBlue,ORD,EWR,21.4,189.2,2024
6,Jun,Alaska,DEN,CLT,-10.8,9.0,2024
2,Feb,United,LAX,ATL,29.3,32.4,2024
1,Jan,JetBlue,SLC,DTW,35.5,36.0,2024
10,Oct,Delta,MCO,MIA,18.3,19.0,2024
5,May,Frontier,LAX,ORD,15.0,100.5,2024
5,May,Frontier,LAX,LAS,9.7,8.3,2024
2,Feb,Alaska,MCO,JFK,27.2,41.4,2024
6,Jun,United,IAH,EWR,35.6,40.6,2024
9,Sep,Alaska,MCO,MIA,31.5,29.5,2024
2,Feb,American,DTW,IAH,13.2,33.9,2024
10,Oct,Frontier,CLT,LGA,14.3,15.2,2024
2,Feb,United,BOS,LGA,15.0,26.3,2024
3,Mar,JetBlue,MIA,ORD,33.7,24.5,2024
7,Jul,Frontier,MIA,SLC,28.4,30.6,2024
6,Jun,Southwest,SFO,CLT,28.2,23.9,2024
12,Dec,Alaska,BOS,PHX,10.8,20.6,2024
8,Aug,Spirit,EWR,SEA,59.7,63.5,2024
8,Aug,Alaska,DEN,LGA,39.2,46.0,2024
6,Jun,Spirit,LAX,DFW,27.2,17.0,2024
12,Dec,American,EWR,SEA,19.6,28.3,2024
11,Nov,JetBlue,CLT,LAX,7.4,10.9,2024
10,Oct,Alaska,MIA,SEA,5.4,7.1,2024
3,Mar,Spirit,JFK,SFO,22.1,14.4,2024
3,Mar,Southwest,MSP,LAS,22.3,25.5,2024
1,Jan,Alaska,SLC,IAH,11.1,20.7,2024
7,Jul,American,PHX,LGA,18.3,24.0,2024
5,May,Southwest,SLC,ATL,14.6,12.0,2024
4,Apr,Delta,DEN,BOS,21.1,20.9,2024
10,Oct,Delta,SFO,DFW,39.3,44.9,2024
4,Apr,Alaska,MIA,LGA,20.8,24.6,2024
4,Apr,United,DTW,SFO,46.1,37.5,2024
6,Jun,United,EWR,ORD,9.4,14.7,2024
8,Aug,United,IAH,ATL,25.0,27.1,2024
8,Aug,United,DFW,SLC,14.7,20.9,2024
5,May,Spirit,ATL,LAX,56.0,44.1,2024
6,Jun,Frontier,CLT,JFK,24.2,23.1,2024
4,Apr,Alaska,DTW,MIA,30.9,27.1,2024
12,Dec,Southwest,SLC,DFW,44.8,287.6,2024
11,Nov,American,DEN,ATL,20.8,7.8,2024
9,Sep,American,DFW,MIA,15.6,19.8,2024
8,Aug,Spirit,MSP,EWR,7.5,23.1,2024
10,Oct,United,IAH,JFK,14.8,6.8,2024
12,Dec,Delta,BOS,MIA,14.1,35.9,2024
10,Oct,JetBlue,CLT,SEA,27.3,18.0,2024
1,Jan,United,LAS,MCO,19.2,32.6,2024
2,Feb,United,DFW,ATL,29.5,38.7,2024
9,Sep,Alaska,DEN,DTW,12.8,6.1,2024
8,Aug,Spirit,LAS,LAX,24.0,22.9,2024
3,Mar,Delta,MSP,JFK,-1.7,10.5,2024
8,Aug,JetBlue,PHX,LAS,28.5,27.5,2024
12,Dec,Southwest,EWR,DTW,31.0,40.3,2024
1,Jan,Southwest,MSP,SEA,14.8,28.8,2024
10,Oct,JetBlue,DFW,ORD,23.1,26.4,2024
4,Apr,JetBlue,MSP,PHX,27.3,26.1,2024
3,Mar,Spirit,SEA,IAH,26.5,13.0,2024
6,Jun,Southwest,MSP,MCO,25.8,29.6,2024
7,Jul,United,CLT,LAS,23.1,23.5,2024
4,Apr,Spirit,MCO,LAS,31.3,25.1,2024
7,Jul,Frontier,MCO,SLC,59.0,50.1,2024
9,Sep,United,MSP,MSP,21.5,20.7,2024
11,Nov,Alaska,DEN,ATL,16.3,13.2,2024
2,Feb,Delta,JFK,LGA,20.2,40.3,2024
11,Nov,JetBlue,DEN,DFW,29.6,21.9,2024
3,Mar,United,MSP,DFW,39.6,32.7,2024
5,May,United,DEN,EWR,15.4,19.6,2024
3,Mar,Delta,MSP,EWR,10.3,11.3,2024
11,Nov,JetBlue,MCO,CLT,20.7,21.9,2024
8,Aug,Delta,SEA,JFK,26.8,21.3,2024
12,Dec,Delta,LAS,DEN,17.8,26.5,2024
10,Oct,Southwest,SLC,PHX,39.4,19.6,2024
8,Aug,Delta,MCO,SFO,10.7,20.6,2024
8,Aug,Spirit,CLT,SFO,17.0,22.6,2024
12,Dec,Spirit,PHX,PHX,27.9,42.9,2024
12,Dec,Spirit,MIA,PHX,28.8,29.7,2024
9,Sep,JetBlue,DEN,CLT,27.3,16.1,2024
4,Apr,United,LAS,JFK,84.9,75.9,2024
5,May,United,MIA,LAX,64.2,61.0,2024
5,May,Southwest,SLC,SEA,39.3,51.3,2024
8,Aug,JetBlue,LAX,MCO,31.2,37.1,2024
7,Jul,Spirit,JFK,CLT,61.1,63.5,2024
9,Sep,United,ATL,IAH,22.2,21.6,2024
8,Aug,Delta,ORD,DEN,16.4,19.4,2024
2,Feb,Spirit,ORD,DFW,44.9,60.3,2024
10,Oct,Spirit,DTW,PHX,25.2,13.6,2024
12,Dec,American,MCO,SLC,18.9,24.5,2024
4,Apr,Spirit,DEN,DTW,21.3,10.3,2024
6,Jun,American,LGA,MSP,16.3,32.7,2024
12,Dec,Frontier,CLT,PHX,21.3,28.3,2024
2,Feb,Spirit,JFK,JFK,49.3,41.6,2024
7,Jul,Frontier,DTW,MSP,60.3,64.3,2024
3,Mar,Spirit,DTW,MIA,16.7,14.9,2024
3,Mar,Spirit,LGA,CLT,28.8,22.1,2024
11,Nov,American,SEA,LAX,7.6,8.4,2024
2,Feb,American,SEA,CLT,36.0,33.7,2024
11,Nov,Frontier,SLC,SLC,12.4,13.6,2024
8,Aug,Delta,LAS,LGA,6.6,11.7,2024
6,Jun,United,MIA,MCO,23.3,40.1,2024
1,Jan,Frontier,MSP,IAH,42.8,47.7,2024
12,Dec,Southwest,MSP,JFK,13.0,23.8,2024
1,Jan,Frontier,SLC,CLT,19.1,22.0,2024
7,Jul,Delta,SLC,LGA,13.1,8.7,2024
8,Aug,United,DEN,LAS,19.9,11.1,2024
5,May,JetBlue,EWR,BOS,25.6,23.9,2024
12,Dec,United,LAS,DEN,31.7,27.7,2024
11,Nov,United,MCO,DTW,24.2,21.7,2024
5,May,United,ORD,SEA,32.7,35.4,2024
4,Apr,Delta,SLC,LGA,26.6,12.8,2024
6,Jun,United,DEN,LAS,27.3,25.3,2024
6,Jun,Spirit,SEA,ORD,12.5,11.9,2024
3,Mar,Frontier,DTW,SFO,26.3,14.6,2024
9,Sep,United,ORD,BOS,26.0,29.7,2024
12,Dec,Frontier,MSP,ORD,12.8,21.2,2024
11,Nov,JetBlue,MIA,LAS,11.9,15.5,2024
7,Jul,JetBlue,SEA,DTW,12.9,19.1,2024
1,Jan,American,SLC,IAH,32.1,32.7,2024
7,Jul,Alaska,PHX,MIA,24.0,34.2,2024
5,May,Frontier,IAH,DFW,31.4,28.0,2024
5,May,Frontier,IAH,SEA,38.3,35.2,2024
2,Feb,Frontier,SFO,IAH,17.5,20.1,2024
4,Apr,Delta,EWR,MSP,25.7,28.3,2024
12,Dec,United,JFK,DFW,26.8,34.0,2024
6,Jun,American,EWR,PHX,18.2,30.9,2024
10,Oct,American,EWR,SEA,21.2,25.7,2024
11,Nov,Delta,ATL,BOS,9.9,18.6,2024
7,Jul,Alaska,SLC,SLC,5.8,10.9,2024
11,Nov,American,ORD,BOS,14.5,3.5,2024
5,May,American,JFK,LAX,1.5,8.6,2024
9,Sep,Delta,DFW,SEA,17.6,25.2,2024
3,Mar,Southwest,DFW,MSP,12.5,17.8,2024
1,Jan,American,DFW,ATL,18.9,19.8,2024
4,Apr,JetBlue,PHX,ORD,43.3,29.0,2024
9,Sep,Spirit,LAS,LAX,33.0,25.2,2024
4,Apr,American,SEA,MCO,20.8,10.6,2024
2,Feb,Delta,SLC,SEA,18.0,27.7,2024
10,Oct,Delta,LGA,ORD,1.7,142.4,2024
5,May,Alaska,LGA,CLT,15.5,11.9,2024
3,Mar,Spirit,ATL,LAX,25.2,10.3,2024
12,Dec,Southwest,MCO,LGA,21.5,29.1,2024
9,Sep,Southwest,DTW,JFK,14.2,9.1,2024
4,Apr,Alaska,MCO,ATL,28.1,29.0,2024
6,Jun,Alaska,MIA,DFW,-0.1,5.1,2024
2,Feb,JetBlue,ORD,SLC,21.2,22.8,2024
6,Jun,Frontier,SEA,SFO,58.2,68.6,2024
3,Mar,Spirit,PHX,DTW,23.8,28.1,2024
12,Dec,JetBlue,LGA,DTW,31.1,42.1,2024
12,Dec,American,SEA,PHX,39.3,44.0,2024
9,Sep,Southwest,ATL,SFO,30.1,35.9,2024
11,Nov,JetBlue,MCO,EWR,24.1,11.0,2024
2,Feb,American,SFO,DFW,5.0,12.1,2024
12,Dec,United,LAS,SFO,21.5,32.4,2024
12,Dec,American,BOS,CLT,37.1,41.5,2024
9,Sep,Spirit,LAS,LGA,12.2,22.0,2024
5,May,JetBlue,MCO,ORD,29.0,28.8,2024
8,Aug,Frontier,ORD,EWR,33.8,34.5,2024
2,Feb,Spirit,DFW,LAX,42.8,51.1,2024
6,Jun,American,PHX,SFO,17.5,22.5,2024
3,Mar,Spirit,DFW,EWR,25.2,25.3,2024
12,Dec,Spirit,LAS,LAS,22.8,33.4,2024
12,Dec,United,ATL,BOS,14.4,28.7,2024
10,Oct,Frontier,DEN,ATL,24.6,21.5,2024
5,May,Frontier,LAS,DTW,32.2,20.8,2024
12,Dec,JetBlue,DEN,MIA,33.8,42.7,2024
8,Aug,American,JFK,IAH,19.6,24.3,2024
10,Oct,JetBlue,SLC,DEN,37.5,43.6,2024
1,Jan,Alaska,SEA,CLT,14.3,34.7,2024
5,May,Alaska,PHX,SFO,13.1,25.1,2024
3,Mar,American,MIA,DTW,12.7,15.2,2024
4,Apr,Delta,MSP,MCO,19.2,9.6,2024
2,Feb,JetBlue,MCO,SEA,18.6,28.3,2024
9,Sep,Frontier,DFW,DFW,30.1,20.9,2024
3,Mar,JetBlue,MIA,ORD,17.6,17.4,2024
2,Feb,Alaska,BOS,BOS,3.2,22.6,2024
10,Oct,Alaska,DEN,IAH,33.5,25.1,2024
11,Nov,Spirit,PHX,CLT,29.3,33.1,2024
9,Sep,JetBlue,SFO,MIA,22.7,31.4,2024
7,Jul,JetBlue,LAS,MIA,10.5,27.5,2024
6,Jun,Alaska,LAS,BOS,3.8,24.5,2024
1,Jan,American,PHX,SLC,32.3,21.8,2024
5,May,Frontier,PHX,LGA,21.5,11.6,2024
12,Dec,Southwest,LAX,JFK,39.0,40.3,2024
11,Nov,Spirit,DFW,SEA,22.8,25.1,2024
11,Nov,American,SEA,CLT,21.3,14.2,2024
3,Mar,Frontier,DTW,MCO,26.9,29.3,2024
1,Jan,United,LGA,PHX,10.5,125.1,2024
4,Apr,Delta,MSP,CLT,28.4,25.7,2024
2,Feb,Frontier,IAH,BOS,19.9,31.8,2024
2,Feb,American,IAH,MIA,22.1,20.9,2024
3,Mar,American,MSP,IAH,20.9,27.0,2024
8,Aug,JetBlue,SEA,DEN,22.8,19.6,2024
8,Aug,Spirit,BOS,BOS,20.5,31.0,2024
12,Dec,United,ATL,DEN,19.1,26.8,2024
7,Jul,Spirit,MCO,PHX,27.8,31.7,2024
6,Jun,JetBlue,IAH,DTW,16.9,29.4,2024
9,Sep,Frontier,ORD,EWR,46.5,41.2,2024
4,Apr,Alaska,BOS,DEN,-3.9,8.7,2024
12,Dec,Spirit,SLC,MIA,23.3,33.1,2024
1,Jan,JetBlue,MSP,SLC,16.0,21.0,2024
8,Aug,Frontier,PHX,SEA,101.5,108.9,2024
7,Jul,Southwest,CLT,SLC,19.3,30.7,2024
7,Jul,Delta,MCO,MCO,3.8,14.9,2024
3,Mar,Frontier,LAX,IAH,12.9,12.8,2024
4,Apr,Frontier,SLC,BOS,19.9,13.2,2024
10,Oct,Southwest,ORD,MSP,35.7,30.0,2024
9,Sep,Frontier,DTW,IAH,32.3,42.4,2024
6,Jun,JetBlue,SFO,CLT,26.4,16.7,2024
5,May,Delta,SEA,CLT,24.1,21.2,2024
3,Mar,American,MIA,BOS,8.7,6.1,2024
9,Sep,Spirit,MCO,LAS,23.0,20.9,2024
5,May,United,JFK,SLC,42.8,39.5,2024
5,May,Frontier,MIA,BOS,46.1,41.3,2024
4,Apr,Southwest,LGA,DEN,38.7,40.0,2024
4,Apr,United,PHX,MCO,15.4,24.0,2024
12,Dec,JetBlue,LGA,PHX,26.4,22.9,2024
1,Jan,Delta,LAX,SFO,14.0,25.5,2024
7,Jul,Alaska,JFK,MIA,23.2,24.4,2024
9,Sep,Spirit,DEN,SEA,53.1,34.2,2024
3,Mar,Spirit,DFW,SFO,19.0,21.4,2024
12,Dec,Frontier,LAX,EWR,26.2,27.3,2024
2,Feb,American,BOS,EWR,20.6,44.2,2024
3,Mar,Delta,ORD,DTW,37.2,45.7,2024
1,Jan,Alaska,JFK,CLT,16.0,28.9,2024
6,Jun,United,DTW,MCO,29.5,28.7,2024
11,Nov,United,SEA,LAS,21.7,20.2,2024
11,Nov,American,DTW,EWR,11.3,14.3,2024
7,Jul,Alaska,ORD,EWR,8.4,10.3,2024
11,Nov,Alaska,EWR,DEN,25.5,13.5,2024
11,Nov,American,CLT,ORD,12.6,10.6,2024
2,Feb,Delta,SFO,MSP,22.7,26.8,2024
8,Aug,Southwest,CLT,SEA,15.5,15.6,2024
6,Jun,Delta,MSP,LGA,10.8,13.2,2024
4,Apr,Spirit,JFK,DEN,41.1,81.6,2024
5,May,United,CLT,JFK,50.4,95.3,2024
8,Aug,Frontier,LGA,LAX,10.3,18.0,2024
3,Mar,Delta,DFW,DTW,10.1,25.2,2024
3,Mar,Frontier,DTW,DFW,21.5,28.2,2024
11,Nov,JetBlue,CLT,ORD,21.8,21.9,2024
4,Apr,Delta,BOS,LAS,7.2,17.6,2024
1,Jan,Spirit,SLC,IAH,15.4,36.1,2024
9,Sep,Delta,PHX,BOS,35.2,30.7,2024
8,Aug,Alaska,JFK,LAS,19.0,33.1,2024
8,Aug,Spirit,LAS,IAH,6.2,17.1,2024
10,Oct,Frontier,LAX,MSP,27.5,34.1,2024
6,Jun,Spirit,DFW,DTW,27.0,19.9,2024
7,Jul,JetBlue,LAS,PHX,44.2,46.6,2024
6,Jun,Frontier,CLT,ORD,18.3,28.8,2024
9,Sep,United,MSP,SFO,20.2,16.9,2024
3,Mar,American,MCO,IAH,4.5,3.7,2024
3,Mar,Delta,SEA,EWR,16.6,18.2,2024
3,Mar,Southwest,SLC,LGA,18.7,23.5,2024
10,Oct,Alaska,SLC,JFK,13.5,7.9,2024
3,Mar,Alaska,EWR,BOS,7.8,9.3,2024
9,Sep,American,MIA,SLC,20.9,16.7,2024
12,Dec,Southwest,PHX,ORD,28.0,187.8,2024
4,Apr,Delta,SEA,ORD,13.8,0.8,2024
7,Jul,Southwest,ATL,IAH,6.5,10.8,2024
9,Sep,Alaska,PHX,MIA,14.7,21.9,2024
11,Nov,Frontier,IAH,JFK,24.9,12.0,2024
12,Dec,American,ORD,SLC,81.7,98.2,2024
7,Jul,Southwest,MIA,DEN,46.5,46.8,2024
9,Sep,Southwest,IAH,MSP,43.7,39.3,2024
12,Dec,American,ORD,DEN,16.2,29.7,2024
3,Mar,Frontier,SEA,ORD,39.3,130.1,2024
4,Apr,Spirit,DTW,SLC,16.4,20.0,2024
8,Aug,American,JFK,LGA,12.8,11.2,2024
6,Jun,American,CLT,ORD,11.4,193.1,2024
5,May,Alaska,DTW,CLT,12.8,15.8,2024
4,Apr,Frontier,SFO,LGA,19.6,140.8,2024
8,Aug,American,PHX,MSP,30.8,38.0,2024
1,Jan,JetBlue,CLT,DTW,32.3,52.1,2024
9,Sep,Delta,PHX,EWR,9.7,15.8,2024
1,Jan,Alaska,LGA,MIA,19.3,33.0,2024
8,Aug,Spirit,SLC,LGA,27.4,28.7,2024
4,Apr,American,LGA,DEN,15.0,15.7,2024
9,Sep,United,BOS,CLT,22.0,10.6,2024
11,Nov,Southwest,CLT,IAH,21.9,23.9,2024
5,May,American,BOS,EWR,17.1,11.4,2024
3,Mar,American,LAS,DTW,28.3,33.5,2024
9,Sep,Delta,DEN,DTW,14.1,5.6,2024
11,Nov,American,DFW,MSP,13.1,27.7,2024
9,Sep,Alaska,BOS,ATL,6.0,140.3,2024
4,Apr,JetBlue,EWR,JFK,20.6,1.9,2024
11,Nov,United,LAS,MIA,41.2,30.3,2024
4,Apr,United,ORD,MIA,13.0,16.5,2024
12,Dec,Spirit,ORD,EWR,35.5,25.4,2024
8,Aug,Frontier,IAH,ORD,22.6,31.3,2024
2,Feb,American,LGA,LGA,11.1,28.4,2024
9,Sep,Frontier,PHX,DTW,15.7,12.7,2024
6,Jun,Delta,LAX,LAX,35.5,33.4,2024
9,Sep,Alaska,MIA,LAS,15.5,9.4,2024
8,Aug,Alaska,ORD,SEA,10.9,10.4,2024
7,Jul,American,LAX,MIA,22.2,37.6,2024
1,Jan,Southwest,LAS,SFO,18.6,34.4,2024
12,Dec,Alaska,SLC,LAX,10.2,26.6,2024
3,Mar,Alaska,LAX,DFW,17.1,15.0,2024
11,Nov,Frontier,SLC,DTW,31.9,27.7,2024
2,Feb,Alaska,LAX,MSP,29.8,44.7,2024
5,May,United,CLT,MSP,41.2,36.3,2024
5,May,Alaska,ORD,MSP,11.4,23.6,2024
5,May,Frontier,DEN,DEN,33.4,34.1,2024
4,Apr,Southwest,MIA,BOS,62.0,52.2,2024
5,May,JetBlue,SFO,JFK,-3.6,17.7,2024
3,Mar,United,JFK,DTW,27.4,23.8,2024
12,Dec,United,DTW,SEA,21.7,109.2,2024
1,Jan,JetBlue,ATL,SEA,17.5,19.9,2024
5,May,Frontier,LGA,SFO,17.0,11.4,2024
9,Sep,Southwest,LGA,LGA,12.0,13.0,2024
9,Sep,American,DTW,MIA,22.7,19.7,2024
4,Apr,Frontier,PHX,PHX,22.6,7.2,2024
3,Mar,Spirit,SEA,MSP,23.5,5.9,2024
1,Jan,Delta,SEA,PHX,3.7,21.2,2024
2,Feb,Southwest,DTW,DTW,11.3,33.7,2024
8,Aug,JetBlue,SFO,LAS,27.9,22.7,2024
1,Jan,Spirit,JFK,SFO,60.1,59.6,2024
8,Aug,Alaska,DFW,SFO,22.9,18.6,2024
7,Jul,Alaska,ATL,IAH,16.3,23.3,2024
8,Aug,JetBlue,CLT,EWR,39.0,35.9,2024
12,Dec,Alaska,CLT,SEA,10.5,17.1,2024
6,Jun,JetBlue,ATL,EWR,22.5,27.4,2024
12,Dec,Spirit,MCO,SLC,38.1,165.3,2024
9,Sep,United,ORD,CLT,17.4,20.8,2024
3,Mar,American,DEN,CLT,27.1,25.7,2024
10,Oct,Frontier,DEN,JFK,41.7,29.6,2024
4,Apr,United,DFW,LAS,17.8,26.8,2024
6,Jun,United,LGA,CLT,33.0,47.5,2024
8,Aug,United,MCO,SFO,28.4,33.0,2024
5,May,JetBlue,DTW,SEA,51.6,44.0,2024
3,Mar,Frontier,SEA,IAH,22.7,19.4,2024
6,Jun,Southwest,LAX,EWR,43.9,61.1,2024
4,Apr,Frontier,SEA,CLT,52.6,56.6,2024
9,Sep,Spirit,ATL,ORD,21.4,21.5,2024
3,Mar,Frontier,DFW,ATL,42.2,39.6,2024
4,Apr,Delta,SLC,MSP,31.2,25.5,2024
7,Jul,Delta,DEN,BOS,4.1,14.9,2024
7,Jul,American,DEN,LAS,11.8,21.4,2024
12,Dec,American,MCO,LAX,12.3,20.5,2024
12,Dec,Frontier,SLC,LAS,21.7,41.5,2024
4,Apr,Frontier,BOS,SEA,16.8,17.4,2024
6,Jun,JetBlue,MCO,DEN,34.4,39.5,2024
12,Dec,Delta,ATL,MSP,13.0,22.9,2024
3,Mar,Southwest,SFO,LAX,15.7,9.6,2024
6,Jun,JetBlue,LGA,PHX,26.2,17.1,2024
12,Dec,American,LAX,JFK,36.0,45.0,2024
2,Feb,JetBlue,MIA,SFO,25.0,41.8,2024
8,Aug,Frontier,SFO,ORD,17.6,20.7,2024
2,Feb,American,LGA,DTW,6.3,35.4,2024
11,Nov,Delta,ORD,EWR,22.0,36.1,2024
7,Jul,Spirit,JFK,JFK,20.8,17.3,2024
9,Sep,Frontier,MIA,SEA,15.0,12.5,2024
1,Jan,JetBlue,IAH,ATL,13.3,7.9,2024
8,Aug,Frontier,IAH,MCO,16.6,19.8,2024
7,Jul,United,PHX,CLT,1.4,17.9,2024
6,Jun,Frontier,DEN,LGA,23.8,21.8,2024
6,Jun,Alaska,CLT,IAH,22.0,26.4,2024
6,Jun,Spirit,MCO,ORD,29.7,35.6,2024
9,Sep,American,DFW,JFK,40.4,27.5,2024
2,Feb,United,ATL,LGA,15.1,34.3,2024
1,Jan,American,CLT,MSP,11.3,24.5,2024
12,Dec,Spirit,LGA,LGA,27.2,39.2,2024
6,Jun,Frontier,SLC,EWR,28.7,33.8,2024
10,Oct,United,DTW,LGA,26.4,21.7,2024
11,Nov,Delta,SLC,ATL,12.4,5.2,2024
8,Aug,Spirit,IAH,EWR,26.2,139.0,2024
3,Mar,Spirit,LAX,JFK,15.7,13.3,2024
12,Dec,Delta,JFK,SEA,13.3,27.1,2024
10,Oct,Southwest,MSP,ATL,25.2,196.4,2024
1,Jan,Southwest,LGA,LAX,26.2,40.0,2024
9,Sep,Southwest,JFK,CLT,34.9,31.9,2024
1,Jan,JetBlue,DEN,DEN,11.5,21.2,2024
3,Mar,Frontier,SFO,MCO,37.9,37.3,2024
8,Aug,Spirit,ATL,CLT,27.7,24.1,2024
3,Mar,Frontier,MSP,PHX,14.9,21.5,2024
4,Apr,American,SLC,DEN,22.9,19.3,2024
8,Aug,JetBlue,ATL,ORD,10.8,9.3,2024
1,Jan,Southwest,MSP,JFK,3.2,22.7,2024
6,Jun,Frontier,MIA,CLT,13.0,18.6,2024
1,Jan,American,SFO,IAH,20.9,29.9,2024
1,Jan,JetBlue,MCO,DTW,39.9,119.7,2024
8,Aug,Frontier,ORD,PHX,22.1,16.7,2024
11,Nov,Delta,ATL,DFW,47.4,44.7,2024
4,Apr,American,SEA,MIA,16.1,16.5,2024
12,Dec,Spirit,LGA,MCO,4.3,16.6,2024
1,Jan,Southwest,MSP,SFO,44.2,46.7,2024
10,Oct,Delta,DTW,CLT,33.8,31.4,2024
7,Jul,American,DEN,LAS,16.1,25.4,2024
5,May,JetBlue,JFK,CLT,13.4,11.1,2024
5,May,Alaska,JFK,BOS,18.3,16.0,2024
1,Jan,Alaska,SEA,IAH,21.4,33.0,2024
10,Oct,Southwest,MSP,JFK,31.2,33.7,2024
11,Nov,JetBlue,IAH,IAH,20.4,14.3,2024
6,Jun,Delta,DFW,IAH,33.7,42.2,2024
9,Sep,Spirit,LGA,JFK,20.7,17.1,2024
9,Sep,Delta,DEN,CLT,0.9,11.6,2024
8,Aug,Delta,ORD,SLC,27.1,32.6,2024
5,May,American,DFW,DEN,13.7,14.7,2024
1,Jan,Southwest,DEN,DFW,13.3,20.6,2024
9,Sep,Spirit,DTW,LGA,28.1,35.7,2024
1,Jan,Alaska,CLT,PHX,16.8,35.8,2024
8,Aug,Delta,MCO,BOS,18.8,24.3,2024
5,May,JetBlue,LGA,DEN,37.2,42.4,2024
3,Mar,Southwest,JFK,SFO,17.5,11.9,2024
11,Nov,Alaska,PHX,BOS,6.3,8.2,2024
7,Jul,JetBlue,EWR,LAX,42.9,32.4,2024
7,Jul,Spirit,LGA,MCO,21.2,24.3,2024
9,Sep,JetBlue,DTW,LGA,3.5,20.5,2024
7,Jul,Frontier,MCO,MSP,21.6,15.1,2024
11,Nov,Spirit,BOS,DEN,26.7,11.7,2024
3,Mar,Delta,LAS,DEN,-1.9,13.9,2024
11,Nov,Southwest,CLT,MCO,8.5,12.1,2024
1,Jan,United,BOS,BOS,9.4,20.8,2024
8,Aug,Spirit,DTW,BOS,33.6,31.3,2024
12,Dec,American,IAH,SFO,29.0,25.9,2024
3,Mar,United,MCO,JFK,47.6,47.3,2024
12,Dec,American,JFK,PHX,17.7,20.7,2024
8,Aug,Southwest,DFW,SLC,19.2,19.5,2024
8,Aug,Alaska,BOS,EWR,4.4,15.1,2024
5,May,Delta,MSP,LAX,21.5,30.0,2024
12,Dec,Southwest,SLC,DFW,22.0,33.4,2024
1,Jan,United,MSP,LAS,10.0,20.2,2024
10,Oct,JetBlue,BOS,DEN,24.0,29.7,2024
7,Jul,Frontier,MCO,ATL,39.6,47.8,2024
12,Dec,Frontier,ORD,MIA,28.6,39.2,2024
10,Oct,American,ORD,SLC,32.7,30.0,2024
5,May,American,DTW,ORD,16.8,19.3,2024
8,Aug,United,IAH,ATL,44.8,44.2,2024
9,Sep,Delta,SLC,DFW,1.3,0.5,2024
11,Nov,Frontier,PHX,LAS,16.5,11.0,2024
7,Jul,Southwest,LGA,EWR,24.3,19.4,2024
7,Jul,United,CLT,SFO,27.4,30.6,2024
1,Jan,Spirit,SLC,DEN,40.3,45.5,2024
4,Apr,Frontier,LAS,MSP,12.2,22.1,2024
2,Feb,Southwest,DFW,MIA,28.5,50.7,2024
2,Feb,Spirit,CLT,DTW,63.8,53.9,2024
2,Feb,Delta,SLC,LGA,13.1,21.4,2024
4,Apr,JetBlue,EWR,BOS,42.9,32.0,2024
1,Jan,Spirit,SEA,SLC,25.3,28.8,2024
4,Apr,Southwest,LGA,DEN,38.8,48.1,2024
2,Feb,Spirit,ATL,SEA,55.7,71.9,2024
5,May,Delta,SFO,LAX,13.6,15.2,2024
3,Mar,United,IAH,LGA,33.9,37.6,2024
12,Dec,Alaska,BOS,LAX,24.4,27.3,2024
8,Aug,JetBlue,EWR,ORD,31.1,14.4,2024
4,Apr,JetBlue,ATL,MCO,30.6,20.9,2024
1,Jan,JetBlue,CLT,IAH,30.7,34.6,2024
1,Jan,American,SFO,CLT,8.1,14.0,2024
12,Dec,Alaska,LGA,DEN,12.0,25.5,2024
10,Oct,Delta,ORD,LGA,5.0,8.4,2024
3,Mar,Southwest,MIA,DTW,8.8,12.6,2024
9,Sep,United,JFK,ATL,21.8,24.6,2024
7,Jul,Spirit,JFK,DTW,25.4,18.8,2024
2,Feb,Frontier,CLT,LAS,17.2,21.7,2024
9,Sep,Spirit,SFO,DEN,25.9,21.1,2024
10,Oct,JetBlue,MIA,DFW,11.6,22.2,2024
2,Feb,JetBlue,LGA,ATL,35.5,28.5,2024
3,Mar,JetBlue,IAH,ORD,28.4,24.0,2024
11,Nov,Frontier,SLC,MCO,17.4,25.8,2024
10,Oct,Delta,SEA,MIA,11.5,16.1,2024
2,Feb,United,MCO,EWR,29.1,33.0,2024
3,Mar,Delta,SEA,MIA,16.9,6.9,2024
6,Jun,United,MIA,PHX,29.3,35.5,2024
9,Sep,Southwest,ORD,BOS,17.8,16.0,2024
9,Sep,Spirit,DTW,DEN,14.6,22.9,2024
7,Jul,American,LAS,PHX,12.0,10.1,2024
12,Dec,United,ATL,MSP,22.8,24.6,2024
3,Mar,Frontier,ATL,SLC,65.3,61.5,2024
4,Apr,Alaska,BOS,SFO,1.0,4.5,2024
6,Jun,Delta,MIA,EWR,14.8,23.2,2024
11,Nov,Delta,ATL,JFK,13.9,17.3,2024
5,May,Delta,MCO,PHX,26.2,26.4,2024
2,Feb,American,BOS,PHX,21.0,31.3,2024
6,Jun,United,LGA,MIA,5.4,11.5,2024
3,Mar,Frontier,CLT,PHX,27.6,19.1,2024
8,Aug,United,LAX,DTW,8.4,15.4,2024
2,Feb,United,IAH,CLT,15.3,26.1,2024
1,Jan,United,EWR,SFO,32.6,59.7,2024
9,Sep,JetBlue,DFW,MSP,6.0,12.3,2024
12,Dec,JetBlue,SEA,MIA,28.1,47.6,2024
3,Mar,Alaska,LAX,SFO,13.5,9.6,2024
11,Nov,Delta,DTW,MIA,24.7,24.6,2024
1,Jan,Spirit,CLT,DTW,31.3,47.0,2024
7,Jul,JetBlue,LAS,LGA,21.6,15.7,2024
10,Oct,Spirit,LAX,EWR,29.3,19.8,2024
5,May,Spirit,LGA,ATL,24.1,20.7,2024
5,May,United,PHX,LAS,11.2,10.2,2024
1,Jan,United,LAS,LAS,19.2,25.8,2024
9,Sep,JetBlue,LAX,PHX,25.6,26.9,2024
7,Jul,Southwest,SLC,SLC,17.6,25.9,2024
8,Aug,Alaska,LGA,CLT,24.5,28.0,2024
9,Sep,Spirit,MIA,EWR,19.8,16.2,2024
6,Jun,Spirit,LGA,MIA,25.0,17.8,2024
12,Dec,Delta,PHX,LGA,10.6,23.3,2024
5,May,American,IAH,SLC,33.8,37.5,2024
6,Jun,Alaska,JFK,MSP,36.2,43.9,2024
11,Nov,Delta,EWR,JFK,10.8,16.4,2024
2,Feb,Delta,IAH,CLT,16.3,25.7,2024
4,Apr,Frontier,MCO,EWR,34.3,29.6,2024
3,Mar,Delta,IAH,DFW,28.4,35.2,2024
7,Jul,Frontier,ATL,SEA,22.8,21.7,2024
9,Sep,Alaska,ORD,SFO,42.6,52.2,2024
5,May,Spirit,CLT,LGA,28.5,25.3,2024
6,Jun,Alaska,MCO,EWR,4.6,29.1,2024
10,Oct,JetBlue,PHX,LAX,23.0,20.8,2024
12,Dec,Frontier,DEN,LGA,34.2,42.4,2024
12,Dec,Spirit,CLT,DFW,27.5,44.1,2024
2,Feb,Delta,DTW,DTW,17.1,34.4,2024
3,Mar,United,CLT,SEA,4.9,15.7,2024
3,Mar,Delta,PHX,DEN,14.3,8.6,2024
12,Dec,Frontier,LAS,DEN,17.3,23.4,2024
12,Dec,United,BOS,DEN,14.4,25.1,2024
9,Sep,JetBlue,SFO,DEN,26.8,18.8,2024
7,Jul,Frontier,DEN,ORD,21.0,18.8,2024
8,Aug,JetBlue,PHX,JFK,26.4,39.3,2024
11,Nov,Frontier,SEA,ATL,52.8,50.3,2024
10,Oct,Delta,MCO,SEA,7.7,22.0,2024
11,Nov,Alaska,EWR,MSP,8.5,4.9,2024
9,Sep,United,BOS,MCO,29.3,19.7,2024
6,Jun,United,LAS,JFK,10.6,20.7,2024
4,Apr,United,PHX,IAH,9.6,17.5,2024
12,Dec,United,EWR,IAH,38.2,49.1,2024
1,Jan,American,PHX,EWR,-2.0,13.4,2024
8,Aug,JetBlue,LAS,SEA,33.6,34.5,2024
7,Jul,United,ORD,LGA,23.3,36.2,2024
2,Feb,American,SLC,SEA,10.2,25.0,2024
8,Aug,American,MIA,CLT,22.4,19.6,2024
12,Dec,JetBlue,JFK,PHX,17.0,16.0,2024
5,May,Southwest,JFK,ATL,11.4,18.2,2024
7,Jul,Delta,CLT,LAS,-0.6,10.0,2024
4,Apr,JetBlue,CLT,LGA,51.0,45.6,2024
5,May,Frontier,MSP,MCO,59.6,56.8,2024
8,Aug,Southwest,DEN,ATL,24.2,27.3,2024
1,Jan,Alaska,DTW,LAS,59.9,73.2,2024
1,Jan,Frontier,LAX,DTW,54.6,60.4,2024
4,Apr,Frontier,BOS,DEN,19.5,22.7,2024
3,Mar,Delta,MCO,JFK,1.3,7.9,2024
10,Oct,Delta,DTW,DEN,22.6,19.0,2024
12,Dec,Delta,SLC,DFW,8.9,18.0,2024
2,Feb,Frontier,MCO,EWR,34.7,39.7,2024
12,Dec,American,CLT,EWR,34.1,49.9,2024
3,Mar,United,MCO,PHX,20.9,24.3,2024
11,Nov,Delta,LGA,DTW,14.4,12.8,2024
11,Nov,Spirit,DTW,MSP,41.8,118.0,2024
11,Nov,United,IAH,DFW,24.0,16.3,2024
1,Jan,Delta,DEN,DTW,18.1,32.2,2024
1,Jan,American,BOS,LAS,36.0,47.4,2024
6,Jun,Alaska,PHX,ORD,35.2,99.1,2024
5,May,Delta,SEA,PHX,13.2,16.4,2024
8,Aug,JetBlue,JFK,CLT,18.8,14.0,2024
2,Feb,Spirit,CLT,SLC,38.1,27.9,2024
4,Apr,Southwest,BOS,LAX,5.7,6.5,2024
8,Aug,Frontier,JFK,LAX,31.1,29.4,2024
12,Dec,Delta,BOS,LAS,15.7,259.0,2024
6,Jun,Spirit,CLT,DFW,74.5,50.5,2024
1,Jan,Southwest,BOS,DEN,16.4,26.9,2024
4,Apr,Southwest,LAS,LAX,5.8,6.9,2024
1,Jan,Frontier,SLC,SFO,28.7,41.5,2024
2,Feb,Spirit,LAX,SLC,17.0,29.6,2024
5,May,American,MSP,JFK,35.2,52.5,2024
8,Aug,Alaska,MSP,EWR,12.2,19.6,2024
8,Aug,Southwest,SEA,DTW,84.2,101.0,2024
11,Nov,American,MSP,BOS,21.5,29.0,2024
3,Mar,Alaska,DFW,JFK,12.4,13.6,2024
11,Nov,Delta,JFK,MSP,23.4,28.8,2024
4,Apr,United,JFK,CLT,37.2,36.6,2024
10,Oct,Frontier,BOS,DTW,23.7,32.8,2024
11,Nov,American,BOS,SEA,13.0,27.2,2024
6,Jun,Southwest,LGA,MCO,14.4,13.8,2024
11,Nov,Southwest,SFO,MIA,27.2,24.4,2024
11,Nov,Delta,CLT,LAS,-0.1,5.1,2024
10,Oct,Spirit,LGA,BOS,22.6,35.1,2024
3,Mar,American,PHX,JFK,12.2,7.0,2024
2,Feb,Delta,MCO,SLC,7.1,16.6,2024
6,Jun,American,JFK,ORD,34.8,44.1,2024
11,Nov,United,LAS,ATL,12.5,11.6,2024
5,May,Frontier,CLT,CLT,23.8,20.6,2024
10,Oct,JetBlue,EWR,CLT,12.5,20.4,2024
5,May,Delta,SEA,DEN,41.1,30.8,2024
10,Oct,Southwest,EWR,MIA,8.8,13.0,2024
5,May,Delta,DEN,ATL,10.4,19.8,2024
10,Oct,Spirit,IAH,PHX,21.3,14.6,2024
12,Dec,American,MCO,MCO,13.7,10.1,2024
5,May,Frontier,DTW,MIA,30.5,20.9,2024
3,Mar,Delta,LAX,SFO,13.1,13.6,2024
7,Jul,United,ORD,LGA,30.2,35.7,2024
6,Jun,Frontier,DTW,BOS,20.1,20.2,2024
4,Apr,American,SFO,DFW,1.3,10.4,2024
2,Feb,Spirit,CLT,BOS,26.4,30.1,2024
12,Dec,Spirit,LGA,ORD,19.0,22.7,2024
9,Sep,Alaska,ATL,IAH,39.3,40.2,2024
1,Jan,Spirit,LAS,BOS,23.2,25.5,2024
11,Nov,Southwest,DTW,SLC,11.1,22.7,2024
4,Apr,Frontier,EWR,MSP,7.9,17.0,2024
1,Jan,Southwest,MSP,EWR,21.3,34.6,2024
6,Jun,American,JFK,SEA,10.4,17.6,2024
4,Apr,Alaska,ATL,JFK,20.6,25.4,2024
5,May,United,DFW,PHX,11.2,15.3,2024
5,May,Spirit,ORD,PHX,20.0,22.4,2024
9,Sep,Delta,LGA,JFK,11.3,-3.1,2024
1,Jan,JetBlue,LAX,SEA,30.5,23.8,2024
2,Feb,Southwest,SLC,IAH,14.9,20.0,2024
6,Jun,United,MCO,LGA,33.5,30.3,2024
5,May,Spirit,SEA,PHX,72.8,73.5,2024
11,Nov,United,CLT,LAX,14.1,6.7,2024
7,Jul,United,JFK,BOS,26.5,30.9,2024
3,Mar,Delta,MCO,MCO,48.7,41.5,2024
3,Mar,United,LAX,PHX,49.3,39.3,2024
10,Oct,United,CLT,LAS,9.0,11.4,2024
2,Feb,American,MCO,EWR,17.0,38.9,2024
3,Mar,American,BOS,SFO,11.4,5.0,2024
10,Oct,United,ORD,LAS,26.5,30.3,2024
1,Jan,United,PHX,JFK,12.6,23.1,2024
5,May,American,DTW,PHX,20.8,19.6,2024
12,Dec,Delta,DTW,SFO,32.1,22.5,2024
5,May,American,ORD,IAH,24.7,178.1,2024
12,Dec,Spirit,ATL,MIA,32.6,42.2,2024
11,Nov,American,MCO,ATL,20.8,9.0,2024
7,Jul,American,ATL,SLC,7.5,13.8,2024
4,Apr,American,LAX,DEN,8.8,21.6,2024
3,Mar,JetBlue,SLC,JFK,24.5,17.8,2024
1,Jan,Southwest,PHX,SFO,27.8,28.9,2024
12,Dec,Spirit,DFW,DFW,19.1,35.4,2024
8,Aug,Spirit,DFW,EWR,16.7,13.9,2024
3,Mar,Delta,MSP,PHX,32.2,19.9,2024
2,Feb,Frontier,LAS,CLT,20.2,20.6,2024
11,Nov,Alaska,SFO,MSP,24.7,29.1,2024
4,Apr,Delta,EWR,SEA,5.3,19.2,2024
3,Mar,Spirit,IAH,MSP,36.9,16.7,2024
1,Jan,United,ORD,SFO,15.1,27.6,2024
3,Mar,JetBlue,MCO,LGA,49.3,52.1,2024
12,Dec,United,MCO,DFW,11.4,23.7,2024
2,Feb,Delta,PHX,SFO,1.4,18.7,2024
8,Aug,Delta,EWR,EWR,30.0,30.8,2024
6,Jun,Alaska,ORD,LAX,12.9,25.5,2024
9,Sep,Frontier,MIA,DTW,28.6,32.8,2024
8,Aug,Alaska,PHX,DTW,4.7,14.9,2024
10,Oct,United,EWR,SEA,78.6,66.7,2024
3,Mar,Southwest,SEA,JFK,19.7,33.0,2024
5,May,United,LAS,SFO,34.4,23.3,2024
7,Jul,Southwest,CLT,SFO,9.7,16.3,2024
5,May,Frontier,ORD,LAX,24.5,26.8,2024
8,Aug,Southwest,DFW,DFW,41.6,41.8,2024
12,Dec,American,MSP,MSP,16.7,27.8,2024
5,May,Delta,BOS,PHX,52.1,39.0,2024
1,Jan,American,LAS,LAS,11.0,22.6,2024
5,May,Delta,DTW,CLT,11.6,5.6,2024
4,Apr,American,SLC,BOS,9.0,10.3,2024
6,Jun,Southwest,SFO,PHX,75.4,79.7,2024
3,Mar,American,EWR,SLC,21.1,11.0,2024
11,Nov,JetBlue,MCO,DEN,49.8,41.4,2024
5,May,American,DEN,SFO,23.4,12.1,2024
2,Feb,Alaska,PHX,MCO,9.7,19.4,2024
11,Nov,Alaska,IAH,MIA,21.0,23.6,2024
6,Jun,Frontier,MIA,EWR,40.6,31.1,2024
12,Dec,American,SFO,MSP,15.0,22.0,2024
6,Jun,American,DTW,DFW,12.0,11.4,2024
5,May,JetBlue,MCO,EWR,19.3,20.1,2024
6,Jun,Delta,IAH,MSP,89.4,90.2,2024
11,Nov,American,MIA,ATL,37.7,42.1,2024
7,Jul,Delta,BOS,DFW,8.4,23.5,2024
12,Dec,Alaska,IAH,CLT,3.4,23.6,2024
5,May,United,LAX,EWR,12.0,9.2,2024
1,Jan,Southwest,ATL,DFW,16.7,36.4,2024
8,Aug,United,PHX,LGA,39.6,47.4,2024
4,Apr,JetBlue,ATL,MIA,13.7,16.4,2024
9,Sep,JetBlue,JFK,DEN,19.3,8.7,2024
10,Oct,Delta,SFO,MSP,34.7,34.5,2024
12,Dec,Delta,LGA,BOS,25.2,27.9,2024
6,Jun,Spirit,LAS,ORD,34.9,25.4,2024
1,Jan,Spirit,SFO,DFW,24.5,36.1,2024
3,Mar,American,LGA,PHX,17.9,26.7,2024
3,Mar,Spirit,ORD,LAS,30.2,13.6,2024
10,Oct,United,EWR,PHX,14.4,17.7,2024
12,Dec,Delta,DEN,MSP,10.6,139.9,2024
12,Dec,Alaska,MCO,ATL,12.7,22.1,2024
4,Apr,Delta,IAH,BOS,9.8,6.2,2024
6,Jun,Spirit,ATL,MIA,36.8,40.0,2024
7,Jul,Alaska,DFW,SEA,17.8,25.5,2024
10,Oct,Delta,MIA,DTW,6.2,9.8,2024
4,Apr,Spirit,MCO,DTW,22.7,17.0,2024
6,Jun,Southwest,LAS,MCO,26.7,20.8,2024
11,Nov,Delta,SEA,LGA,47.9,31.6,2024
1,Jan,Southwest,SEA,SLC,11.8,12.7,2024
8,Aug,JetBlue,DEN,MCO,23.0,20.3,2024
7,Jul,American,BOS,LGA,25.0,16.9,2024
11,Nov,United,ATL,JFK,24.5,41.3,2024
11,Nov,Delta,CLT,DTW,0.6,0.8,2024
9,Sep,Southwest,IAH,IAH,18.2,8.8,2024
3,Mar,Spirit,JFK,LGA,18.0,21.4,2024
2,Feb,Delta,PHX,JFK,23.7,41.6,2024
1,Jan,Frontier,DTW,DEN,18.5,18.4,2024
3,Mar,Delta,SEA,MSP,11.6,8.1,2024
5,May,Southwest,ORD,EWR,6.0,15.0,2024
11,Nov,Delta,SLC,LAS,27.4,36.0,2024
2,Feb,United,BOS,BOS,13.7,31.4,2024
12,Dec,Alaska,BOS,PHX,1.9,12.0,2024
3,Mar,Alaska,CLT,MSP,10.1,14.7,2024
4,Apr,Alaska,SFO,SLC,17.1,15.8,2024
7,Jul,Spirit,DFW,EWR,18.8,19.5,2024
3,Mar,Alaska,LAS,LGA,28.0,40.2,2024
9,Sep,JetBlue,EWR,EWR,20.0,22.3,2024
8,Aug,American,MSP,DTW,8.6,17.0,2024
4,Apr,Delta,DFW,EWR,16.7,12.2,2024
1,Jan,Southwest,LAS,CLT,18.9,28.2,2024
1,Jan,United,IAH,BOS,31.1,39.7,2024
1,Jan,Delta,CLT,DEN,23.5,24.2,2024
1,Jan,JetBlue,CLT,MIA,21.7,40.0,2024
8,Aug,JetBlue,JFK,DEN,11.1,23.1,2024
3,Mar,Southwest,MIA,MIA,11.2,10.8,2024
6,Jun,Frontier,SEA,LAX,24.6,23.0,2024
3,Mar,Frontier,LGA,SLC,14.7,12.1,2024
11,Nov,Delta,LGA,LGA,13.1,14.2,2024
5,May,Frontier,IAH,SLC,40.4,28.4,2024
7,Jul,Alaska,DFW,BOS,22.2,27.4,2024
2,Feb,Frontier,CLT,MCO,28.7,24.6,2024
6,Jun,Frontier,LAX,DEN,21.3,37.7,2024
6,Jun,Delta,LAX,BOS,18.4,12.7,2024
11,Nov,Delta,PHX,EWR,-2.3,1.8,2024
3,Mar,JetBlue,ORD,ATL,48.7,55.3,2024
6,Jun,Delta,SEA,LAX,26.3,16.4,2024
10,Oct,Alaska,MCO,PHX,30.2,22.3,2024
10,Oct,Delta,SFO,LAX,24.2,13.3,2024
5,May,Spirit,BOS,PHX,22.5,10.9,2024
12,Dec,Spirit,SLC,IAH,17.1,30.2,2024
2,Feb,Delta,CLT,ATL,22.1,29.1,2024
9,Sep,Delta,DTW,DEN,17.0,10.6,2024
8,Aug,Alaska,EWR,BOS,3.1,0.9,2024
3,Mar,Spirit,DTW,LGA,36.8,36.5,2024
8,Aug,Frontier,ORD,SLC,35.5,29.5,2024
9,Sep,Alaska,IAH,IAH,27.1,12.9,2024
3,Mar,Southwest,JFK,MSP,15.4,-0.6,2024
3,Mar,JetBlue,LGA,ORD,24.9,13.1,2024
2,Feb,American,DTW,PHX,18.2,33.3,2024
8,Aug,Frontier,DTW,DTW,19.9,26.7,2024
10,Oct,Spirit,MCO,SEA,21.9,16.1,2024
1,Jan,Southwest,MSP,PHX,23.7,19.6,2024
8,Aug,Alaska,ORD,LAX,11.6,18.8,2024
7,Jul,Delta,MSP,MSP,27.0,31.5,2024
7,Jul,American,LAX,DEN,1.9,21.0,2024
3,Mar,United,LAS,MIA,18.8,308.9,2024
1,Jan,American,MSP,ATL,8.5,32.7,2024
4,Apr,Frontier,SEA,PHX,24.6,15.7,2024
9,Sep,Southwest,EWR,MSP,4.9,8.3,2024
5,May,JetBlue,ORD,DFW,23.8,16.4,2024
1,Jan,Southwest,MSP,PHX,20.8,34.1,2024
5,May,JetBlue,DFW,BOS,27.6,32.8,2024
8,Aug,JetBlue,IAH,DTW,23.7,24.6,2024
8,Aug,Alaska,LAX,ORD,2.5,13.9,2024
5,May,JetBlue,MCO,LAX,16.0,21.9,2024
12,Dec,United,CLT,SLC,24.5,21.3,2024
9,Sep,American,LGA,MIA,27.5,40.9,2024
1,Jan,Southwest,PHX,SFO,10.9,19.8,2024
4,Apr,Southwest,ATL,IAH,27.8,17.7,2024
3,Mar,Frontier,JFK,DTW,23.4,10.4,2024
2,Feb,JetBlue,ORD,SFO,46.2,37.4,2024
8,Aug,Alaska,SLC,SFO,16.3,9.4,2024
7,Jul,United,SFO,LAS,36.8,41.5,2024
9,Sep,United,MSP,BOS,10.7,19.7,2024
2,Feb,Delta,MSP,JFK,31.9,39.1,2024
4,Apr,Frontier,LGA,SFO,6.9,8.6,2024
6,Jun,Frontier,ATL,DFW,18.6,16.3,2024
11,Nov,United,DTW,EWR,42.4,40.2,2024
3,Mar,JetBlue,ORD,SFO,30.6,27.0,2024
8,Aug,Frontier,DTW,SEA,24.9,17.2,2024
3,Mar,JetBlue,ATL,SEA,18.2,11.4,2024
12,Dec,Spirit,EWR,MCO,28.7,31.2,2024
2,Feb,American,PHX,ORD,15.0,28.0,2024
3,Mar,JetBlue,MSP,LAS,32.1,37.8,2024
11,Nov,American,DFW,SLC,18.5,25.7,2024
6,Jun,Frontier,LAS,MSP,28.6,34.8,2024
2,Feb,United,DTW,SFO,24.5,18.7,2024
8,Aug,Delta,DFW,MCO,42.4,57.3,2024
1,Jan,Spirit,PHX,CLT,30.3,32.7,2024
7,Jul,Alaska,SEA,SLC,16.0,25.8,2024
2,Feb,Frontier,ORD,LAX,38.8,40.5,2024
10,Oct,Southwest,SFO,BOS,14.7,22.8,2024
12,Dec,JetBlue,PHX,SEA,36.2,56.7,2024
6,Jun,United,ORD,SEA,23.7,33.9,2024
12,Dec,Frontier,LAX,MSP,35.0,25.4,2024
2,Feb,JetBlue,CLT,ATL,8.8,10.9,2024
2,Feb,American,LAS,PHX,11.2,27.6,2024
10,Oct,United,CLT,LAS,8.9,11.2,2024
8,Aug,Southwest,LGA,LAX,1.3,13.4,2024
12,Dec,American,SFO,SLC,48.2,63.5,2024
2,Feb,United,MCO,DTW,33.0,37.7,2024
7,Jul,Alaska,IAH,PHX,-2.2,17.6,2024
3,Mar,Alaska,CLT,PHX,3.1,10.4,2024
8,Aug,Southwest,IAH,SEA,28.5,46.8,2024
7,Jul,Alaska,BOS,DTW,22.2,33.8,2024
8,Aug,American,SEA,MSP,30.4,38.4,2024
7,Jul,Southwest,LAX,JFK,17.9,11.5,2024
11,Nov,United,LAX,MSP,38.7,42.6,2024
6,Jun,American,DEN,ORD,8.8,15.6,2024
7,Jul,Frontier,ATL,MCO,25.0,9.7,2024
5,May,Alaska,DFW,MSP,16.4,21.6,2024
7,Jul,Delta,JFK,SLC,38.6,30.4,2024
1,Jan,JetBlue,MSP,EWR,32.9,48.2,2024
1,Jan,Alaska,SLC,DFW,18.5,17.2,2024
9,Sep,Delta,MIA,ORD,10.5,14.8,2024
5,May,Southwest,MSP,CLT,19.3,27.7,2024
5,May,United,SEA,CLT,18.3,24.8,2024
3,Mar,Spirit,SFO,IAH,30.3,33.4,2024
5,May,JetBlue,MSP,SFO,51.3,44.2,2024
3,Mar,United,ATL,MCO,34.0,30.9,2024
9,Sep,Southwest,JFK,DEN,13.2,16.7,2024
9,Sep,United,SFO,SEA,21.8,26.4,2024
6,Jun,American,EWR,PHX,33.5,39.8,2024
1,Jan,American,CLT,ATL,10.9,13.8,2024
7,Jul,Alaska,MCO,MIA,32.6,35.9,2024
7,Jul,Alaska,LAX,ORD,23.6,166.5,2024
10,Oct,Alaska,EWR,ORD,12.7,15.4,2024
10,Oct,Alaska,LGA,CLT,19.7,27.7,2024
4,Apr,Southwest,CLT,LGA,10.6,12.3,2024
8,Aug,United,ORD,IAH,14.0,28.4,2024
6,Jun,Frontier,DFW,SEA,48.1,49.4,2024
4,Apr,Alaska,BOS,MSP,29.0,16.2,2024
4,Apr,Southwest,DEN,PHX,17.6,21.3,2024
2,Feb,Spirit,LGA,ORD,24.9,41.8,2024
2,Feb,JetBlue,JFK,MCO,10.3,20.4,2024
12,Dec,Alaska,PHX,DTW,7.6,22.7,2024
4,Apr,United,IAH,MSP,29.6,20.2,2024
5,May,American,PHX,ORD,42.6,285.6,2024
8,Aug,Delta,JFK,MSP,17.5,25.9,2024
6,Jun,Spirit,JFK,MCO,21.7,19.8,2024
4,Apr,American,MCO,LAS,-2.8,9.4,2024
11,Nov,United,CLT,EWR,12.9,20.1,2024
7,Jul,United,DFW,SEA,0.1,14.2,2024
8,Aug,Spirit,EWR,BOS,21.8,25.0,2024
2,Feb,United,SEA,BOS,28.5,34.0,2024
12,Dec,United,SFO,SLC,23.3,32.1,2024
7,Jul,Alaska,SLC,LGA,6.1,8.4,2024
2,Feb,JetBlue,LGA,CLT,39.0,50.6,2024
2,Feb,Delta,MSP,IAH,9.7,15.3,2024
8,Aug,Alaska,CLT,SFO,2.3,13.8,2024
2,Feb,American,LAX,MSP,23.9,35.5,2024
11,Nov,JetBlue,PHX,SLC,18.1,6.1,2024
9,Sep,Spirit,MSP,EWR,34.4,109.8,2024
12,Dec,Southwest,IAH,MIA,26.5,35.6,2024
1,Jan,Frontier,MIA,DEN,25.1,26.5,2024
9,Sep,United,MSP,LAX,14.9,9.4,2024
1,Jan,Spirit,SLC,ATL,21.3,25.1,2024
10,Oct,American,DEN,EWR,14.3,10.2,2024
10,Oct,Southwest,ORD,DEN,-0.9,11.7,2024
2,Feb,Delta,SLC,SFO,11.0,20.2,2024
6,Jun,American,MSP,LAS,28.3,30.1,2024
6,Jun,Spirit,DEN,DFW,14.8,32.1,2024
1,Jan,JetBlue,BOS,SLC,14.0,27.7,2024
7,Jul,Alaska,DTW,MCO,24.9,30.1,2024
8,Aug,Southwest,JFK,CLT,10.3,12.7,2024
2,Feb,American,LAS,SFO,18.1,24.6,2024
8,Aug,Alaska,LGA,IAH,18.9,10.5,2024
9,Sep,Alaska,SEA,DEN,34.9,394.0,2024
6,Jun,Alaska,MSP,MSP,20.1,26.0,2024
5,May,JetBlue,DEN,ORD,22.7,15.5,2024
12,Dec,United,LGA,JFK,16.5,25.6,2024
9,Sep,American,ORD,BOS,18.8,23.6,2024
12,Dec,Alaska,JFK,IAH,19.7,30.6,2024
11,Nov,United,DTW,IAH,31.4,33.6,2024
9,Sep,Alaska,CLT,DFW,2.9,7.1,2024
1,Jan,Southwest,DTW,MCO,22.7,29.4,2024
11,Nov,Spirit,MIA,DTW,22.8,11.2,2024
3,Mar,Southwest,MIA,DTW,17.1,15.1,2024
9,Sep,Southwest,LAS,ATL,43.0,39.1,2024
11,Nov,United,JFK,MIA,16.4,26.6,2024
2,Feb,United,CLT,LAS,25.3,42.5,2024
12,Dec,Alaska,BOS,IAH,20.8,35.0,2024
4,Apr,JetBlue,JFK,DEN,19.6,23.0,2024
4,Apr,American,ATL,PHX,39.4,377.1,2024
2,Feb,JetBlue,EWR,CLT,24.2,23.1,2024
3,Mar,Spirit,MCO,PHX,76.8,74.1,2024
3,Mar,United,CLT,EWR,5.0,12.6,2024
1,Jan,Spirit,LAX,DFW,24.1,20.7,2024
6,Jun,American,LGA,DFW,29.7,30.6,2024
8,Aug,Frontier,ORD,SEA,23.7,21.1,2024
12,Dec,Spirit,ORD,JFK,24.6,21.4,2024
3,Mar,Spirit,DEN,MIA,19.7,15.2,2024
5,May,Southwest,LGA,MSP,20.1,19.9,2024
1,Jan,JetBlue,LGA,SLC,21.6,32.0,2024
10,Oct,Spirit,MCO,MIA,44.8,55.1,2024
7,Jul,JetBlue,JFK,LAX,38.3,44.4,2024
10,Oct,JetBlue,ATL,ORD,18.6,4.4,2024
1,Jan,United,SFO,CLT,18.3,25.3,2024
12,Dec,American,CLT,MSP,28.6,32.8,2024
11,Nov,Frontier,SFO,PHX,22.6,30.2,2024
9,Sep,Southwest,SLC,DEN,17.5,2.9,2024
8,Aug,United,MCO,MIA,11.4,15.3,2024
7,Jul,Southwest,MIA,DTW,12.6,13.8,2024
10,Oct,Spirit,DTW,MCO,27.8,13.6,2024
7,Jul,Delta,MSP,CLT,10.0,8.8,2024
5,May,Delta,MCO,MSP,7.3,7.9,2024
5,May,Frontier,LAS,ORD,22.9,12.7,2024
11,Nov,Frontier,LAS,LAS,28.6,27.3,2024
5,May,Southwest,EWR,SEA,18.9,20.7,2024
1,Jan,Delta,BOS,CLT,36.7,49.2,2024
8,Aug,American,PHX,ATL,47.2,55.4,2024
12,Dec,Spirit,JFK,LAX,22.6,21.6,2024
11,Nov,Spirit,IAH,LAS,23.8,10.5,2024
1,Jan,American,LAX,LGA,55.9,70.0,2024
4,Apr,Spirit,MCO,LAS,16.3,25.5,2024
9,Sep,United,LAS,ATL,36.2,31.9,2024
9,Sep,Southwest,SLC,SEA,30.2,29.2,2024
5,May,Spirit,JFK,DEN,48.3,42.3,2024
4,Apr,United,LAX,MIA,9.0,24.3,2024
3,Mar,American,CLT,JFK,29.6,37.4,2024
3,Mar,Frontier,LGA,LGA,16.5,10.9,2024
12,Dec,Spirit,EWR,IAH,16.4,23.6,2024
5,May,American,SEA,IAH,10.8,8.8,2024
10,Oct,American,PHX,DEN,33.2,34.7,2024
1,Jan,Frontier,PHX,DEN,30.8,35.5,2024
5,May,JetBlue,IAH,SLC,36.9,35.6,2024
6,Jun,Frontier,PHX,MSP,47.1,50.8,2024
7,Jul,Delta,LAS,SFO,12.8,15.3,2024
12,Dec,United,SLC,DTW,16.3,23.7,2024
9,Sep,United,ATL,SEA,4.8,9.8,2024
3,Mar,Spirit,DFW,ORD,22.2,13.1,2024
2,Feb,Spirit,ORD,DFW,22.7,22.0,2024
3,Mar,American,PHX,PHX,29.0,17.8,2024
12,Dec,Frontier,BOS,DFW,7.4,23.7,2024
9,Sep,Spirit,IAH,IAH,18.5,12.5,2024
12,Dec,JetBlue,MCO,BOS,12.2,29.3,2024
7,Jul,United,JFK,MCO,23.1,31.3,2024
9,Sep,Alaska,LAX,MCO,13.8,18.2,2024
2,Feb,United,PHX,CLT,7.0,23.9,2024
5,May,JetBlue,LAX,MSP,36.7,30.5,2024
4,Apr,American,LAS,BOS,22.6,20.7,2024
2,Feb,JetBlue,PHX,SEA,26.9,31.8,2024
9,Sep,Delta,LAX,LAS,29.0,38.4,2024
9,Sep,Frontier,SEA,MCO,20.6,23.3,2024
6,Jun,Frontier,LGA,LAS,13.6,24.6,2024
11,Nov,United,LGA,LGA,21.7,26.4,2024
6,Jun,Delta,DFW,ATL,5.4,5.9,2024
8,Aug,United,IAH,JFK,27.1,23.9,2024
6,Jun,Delta,BOS,SFO,10.7,24.3,2024
1,Jan,United,LGA,LAS,28.4,32.4,2024
4,Apr,Alaska,LAS,PHX,55.8,52.9,2024
7,Jul,American,SLC,DFW,14.8,26.0,2024
2,Feb,Alaska,DTW,EWR,13.6,17.5,2024
9,Sep,Southwest,DTW,BOS,32.4,36.8,2024
8,Aug,JetBlue,LGA,LAS,20.1,31.4,2024
8,Aug,United,LAX,ORD,30.4,33.3,2024
7,Jul,JetBlue,SEA,LAS,15.5,9.7,2024
4,Apr,United,DEN,LGA,23.5,30.9,2024
2,Feb,Southwest,SFO,DTW,10.2,16.5,2024
3,Mar,American,EWR,DEN,21.4,4.5,2024
12,Dec,American,EWR,ATL,23.7,28.1,2024
6,Jun,JetBlue,LGA,ATL,18.5,27.7,2024
12,Dec,Alaska,SFO,ORD,4.3,14.5,2024
12,Dec,Southwest,MCO,LAS,6.7,18.0,2024
5,May,JetBlue,SEA,JFK,10.5,12.4,2024
12,Dec,American,SEA,LAS,22.6,34.2,2024
8,Aug,Delta,MIA,DFW,28.0,39.0,2024
6,Jun,JetBlue,CLT,MCO,29.3,36.4,2024
6,Jun,United,IAH,SLC,13.6,30.4,2024
1,Jan,Frontier,JFK,DEN,23.8,27.2,2024
4,Apr,Spirit,BOS,DEN,31.3,26.7,2024
5,May,American,CLT,DTW,29.7,24.9,2024
12,Dec,Frontier,JFK,PHX,23.6,35.6,2024
11,Nov,United,IAH,EWR,35.6,34.7,2024
3,Mar,Frontier,MCO,JFK,7.9,11.8,2024
9,Sep,Southwest,LAS,MCO,32.3,30.5,2024
1,Jan,Alaska,SEA,DTW,21.1,29.4,2024
6,Jun,Alaska,DTW,IAH,28.5,27.2,2024
6,Jun,American,SLC,LAS,19.2,25.5,2024
10,Oct,American,SLC,SFO,39.8,42.1,2024
5,May,Alaska,SEA,IAH,26.7,16.7,2024
12,Dec,JetBlue,LAX,PHX,30.5,42.4,2024
5,May,Spirit,DFW,LAX,23.0,170.2,2024
10,Oct,Alaska,JFK,MSP,64.9,59.0,2024
5,May,Alaska,ORD,JFK,3.5,11.1,2024
6,Jun,JetBlue,ORD,LAS,30.9,22.0,2024
8,Aug,Frontier,SLC,MCO,19.0,29.9,2024
2,Feb,United,MIA,SEA,18.8,22.7,2024
6,Jun,JetBlue,PHX,PHX,55.3,52.8,2024
1,Jan,Delta,BOS,EWR,70.3,86.1,2024
4,Apr,American,DTW,CLT,36.7,32.9,2024
10,Oct,Alaska,IAH,MSP,34.1,33.6,2024
3,Mar,Spirit,LAS,IAH,34.4,18.7,2024
9,Sep,Southwest,CLT,JFK,33.1,43.2,2024
3,Mar,Frontier,ORD,MCO,26.1,22.4,2024
6,Jun,American,MIA,LAS,15.8,15.7,2024
1,Jan,Spirit,PHX,IAH,49.0,60.3,2024
12,Dec,Alaska,IAH,SFO,19.1,30.4,2024
6,Jun,United,DFW,DEN,32.6,28.9,2024
4,Apr,Alaska,MSP,MIA,11.1,-0.4,2024
8,Aug,Frontier,JFK,MSP,19.7,23.8,2024
11,Nov,Spirit,MSP,ORD,18.4,10.5,2024
9,Sep,JetBlue,MCO,ATL,39.5,34.8,2024
4,Apr,American,DEN,DFW,25.6,21.9,2024
10,Oct,JetBlue,MCO,SLC,7.4,13.5,2024
12,Dec,Alaska,DTW,IAH,14.1,26.8,2024
10,Oct,United,MSP,JFK,16.8,3.6,2024
6,Jun,Spirit,DTW,PHX,30.6,29.3,2024
1,Jan,JetBlue,SEA,SFO,25.9,35.3,2024
4,Apr,Southwest,EWR,BOS,5.6,15.8,2024
7,Jul,Alaska,MSP,SEA,14.3,22.8,2024
12,Dec,United,CLT,MSP,12.6,24.4,2024
1,Jan,American,SLC,IAH,18.1,26.5,2024
8,Aug,Spirit,ATL,DTW,64.8,61.3,2024
12,Dec,Frontier,LAX,MIA,39.2,58.6,2024
10,Oct,American,IAH,PHX,49.6,41.0,2024
12,Dec,Southwest,SLC,JFK,14.6,81.2,2024
11,Nov,Delta,SEA,MSP,28.5,31.4,2024
6,Jun,Frontier,ORD,PHX,17.3,29.0,2024
5,May,JetBlue,DTW,BOS,19.3,25.2,2024
10,Oct,Alaska,LAS,ATL,5.0,4.5,2024
11,Nov,American,SEA,IAH,9.4,24.0,2024
9,Sep,Alaska,LGA,MSP,10.5,11.6,2024
2,Feb,Southwest,EWR,DFW,18.7,23.0,2024
5,May,Frontier,PHX,JFK,12.2,10.0,2024
6,Jun,Frontier,PHX,IAH,42.0,33.3,2024
7,Jul,JetBlue,JFK,DEN,23.3,16.1,2024
5,May,United,LGA,IAH,27.9,21.6,2024
9,Sep,Alaska,EWR,DEN,15.6,18.8,2024
1,Jan,Southwest,CLT,SFO,5.3,23.1,2024
7,Jul,Spirit,DTW,LAS,45.1,50.5,2024
10,Oct,United,DFW,ORD,9.2,17.4,2024
7,Jul,Spirit,DFW,BOS,31.7,25.2,2024
4,Apr,United,LAX,MCO,10.9,7.3,2024
9,Sep,Frontier,MIA,DTW,12.3,146.9,2024
12,Dec,Frontier,DFW,SEA,19.8,42.2,2024
11,Nov,United,EWR,BOS,25.0,12.1,2024
5,May,JetBlue,DFW,SFO,20.2,32.8,2024
4,Apr,Delta,ATL,LAS,8.9,11.9,2024
7,Jul,Alaska,SLC,BOS,10.5,11.4,2024
4,Apr,Frontier,LAX,DFW,19.7,27.1,2024
3,Mar,United,LAS,DEN,26.7,16.6,2024
9,Sep,American,MSP,LAS,28.6,19.3,2024
11,Nov,Frontier,IAH,SFO,43.7,45.0,2024
8,Aug,JetBlue,EWR,DTW,24.0,33.3,2024
1,Jan,JetBlue,EWR,MCO,21.2,34.8,2024
7,Jul,United,PHX,LGA,26.7,42.1,2024
9,Sep,American,LAS,ATL,53.3,39.9,2024
8,Aug,Southwest,MIA,CLT,-2.3,5.5,2024
8,Aug,JetBlue,DFW,CLT,13.3,12.3,2024
6,Jun,United,PHX,ATL,15.7,10.7,2024
11,Nov,Alaska,ORD,CLT,22.7,24.7,2024
4,Apr,Frontier,JFK,LAX,13.1,11.2,2024
8,Aug,United,ORD,DFW,14.8,13.3,2024
3,Mar,Alaska,LAS,LGA,15.1,14.2,2024
9,Sep,Alaska,ORD,EWR,20.8,24.1,2024
2,Feb,Delta,IAH,IAH,17.1,28.1,2024
2,Feb,Delta,SEA,EWR,23.4,38.9,2024
12,Dec,Spirit,SEA,SEA,24.7,31.8,2024
12,Dec,Frontier,CLT,JFK,24.1,26.5,2024
7,Jul,Southwest,MSP,MCO,3.4,10.3,2024
12,Dec,Frontier,SFO,LAX,26.0,34.1,2024
10,Oct,Southwest,SLC,SLC,18.7,16.1,2024
4,Apr,Alaska,SEA,MSP,38.7,183.3,2024
10,Oct,Southwest,PHX,JFK,24.4,19.3,2024
8,Aug,Spirit,LGA,JFK,22.9,24.5,2024
9,Sep,Southwest,ATL,MSP,7.9,18.5,2024
7,Jul,Frontier,MSP,ATL,24.1,36.7,2024
5,May,United,MSP,LAS,8.4,10.3,2024
8,Aug,United,EWR,BOS,14.1,21.5,2024
4,Apr,United,LAS,BOS,27.1,20.8,2024
2,Feb,American,PHX,DFW,8.9,20.2,2024
11,Nov,Alaska,JFK,SLC,24.4,16.3,2024
12,Dec,Southwest,DEN,EWR,27.9,40.6,2024
6,Jun,American,LAX,BOS,7.0,14.1,2024
9,Sep,JetBlue,MIA,ATL,24.7,18.3,2024
1,Jan,Alaska,LAS,DFW,5.9,16.0,2024
11,Nov,Spirit,JFK,LAS,17.3,26.9,2024
10,Oct,JetBlue,SEA,SFO,27.1,17.0,2024
12,Dec,United,LAS,PHX,25.5,25.8,2024
7,Jul,JetBlue,LAS,MSP,53.3,51.0,2024
10,Oct,United,SEA,SEA,11.8,9.5,2024
9,Sep,Spirit,BOS,MCO,19.6,18.7,2024
10,Oct,Alaska,SEA,PHX,8.8,9.5,2024
9,Sep,Alaska,ORD,PHX,25.9,15.0,2024
10,Oct,Spirit,MSP,SEA,34.3,32.6,2024
11,Nov,Spirit,SLC,MCO,34.5,28.0,2024
3,Mar,Frontier,LAX,CLT,11.0,9.1,2024
11,Nov,Southwest,LGA,ATL,14.2,7.7,2024
5,May,American,EWR,CLT,12.5,13.2,2024
8,Aug,United,DFW,LGA,35.1,44.9,2024
8,Aug,Delta,IAH,MSP,3.1,18.1,2024
4,Apr,Spirit,DTW,BOS,33.3,26.5,2024
12,Dec,Delta,LAX,ORD,19.0,28.5,2024
11,Nov,Frontier,MSP,SLC,34.5,29.0,2024
11,Nov,Southwest,MCO,DEN,32.0,33.5,2024
1,Jan,Spirit,LGA,ORD,15.7,30.1,2024
1,Jan,American,CLT,DEN,16.2,36.1,2024
4,Apr,United,MCO,LAS,45.4,39.8,2024
6,Jun,Frontier,DEN,JFK,54.5,51.1,2024
8,Aug,Southwest,SFO,EWR,36.3,40.7,2024
6,Jun,American,IAH,PHX,27.5,24.9,2024
12,Dec,Delta,MIA,EWR,19.4,298.0,2024
9,Sep,United,IAH,ORD,39.5,38.4,2024
9,Sep,American,DEN,IAH,30.5,27.9,2024
2,Feb,JetBlue,MSP,MIA,21.5,37.1,2024
10,Oct,United,IAH,SLC,55.3,44.7,2024
1,Jan,JetBlue,LAX,CLT,54.7,61.9,2024
2,Feb,Alaska,MCO,MIA,10.6,25.8,2024
5,May,Alaska,DFW,PHX,28.8,25.3,2024
4,Apr,Alaska,MSP,LAS,5.8,12.2,2024
4,Apr,Southwest,EWR,ORD,10.0,15.6,2024
9,Sep,American,JFK,LAS,33.6,22.8,2024
11,Nov,Frontier,SEA,IAH,22.7,21.8,2024
8,Aug,Frontier,EWR,BOS,40.1,35.4,2024
6,Jun,Alaska,MSP,EWR,10.0,6.8,2024
1,Jan,Spirit,DFW,DFW,13.3,260.3,2024
2,Feb,American,LAX,ATL,13.2,34.3,2024
6,Jun,American,LAS,MSP,10.0,6.6,2024
11,Nov,American,IAH,SEA,3.6,18.2,2024
2,Feb,United,LGA,JFK,21.9,38.2,2024
10,Oct,Spirit,SEA,SEA,21.8,21.5,2024
5,May,JetBlue,CLT,SLC,13.1,4.3,2024
5,May,JetBlue,LAS,BOS,11.9,12.5,2024
6,Jun,Southwest,LGA,ATL,14.0,22.8,2024
6,Jun,Alaska,LAX,DFW,9.8,10.6,2024
6,Jun,Southwest,JFK,MSP,33.1,21.6,2024
2,Feb,Frontier,DEN,LGA,5.8,15.5,2024
10,Oct,American,LGA,SLC,36.4,268.0,2024
3,Mar,Delta,LAX,SLC,36.7,29.2,2024
6,Jun,Delta,IAH,DEN,30.4,35.3,2024
8,Aug,Spirit,PHX,MIA,42.8,51.4,2024
12,Dec,American,PHX,SFO,21.6,26.7,2024
11,Nov,Alaska,JFK,ORD,16.8,26.1,2024
12,Dec,JetBlue,BOS,MIA,36.2,44.3,2024
1,Jan,Southwest,LGA,LGA,30.6,44.9,2024
1,Jan,Frontier,MSP,MIA,18.8,33.0,2024
11,Nov,United,MCO,CLT,35.2,30.0,2024
2,Feb,Delta,EWR,SLC,27.0,33.8,2024
11,Nov,Spirit,PHX,SEA,16.7,12.3,2024
12,Dec,Southwest,LAX,EWR,34.6,48.6,2024
12,Dec,Delta,LAX,CLT,15.7,23.3,2024
6,Jun,JetBlue,SFO,ORD,15.2,21.3,2024
9,Sep,JetBlue,JFK,JFK,20.6,28.6,2024
4,Apr,American,ATL,ORD,17.7,7.8,2024
3,Mar,Frontier,BOS,DEN,29.8,137.8,2024
12,Dec,American,MSP,ATL,21.8,17.7,2024
8,Aug,Delta,BOS,DTW,39.9,36.4,2024
11,Nov,Delta,SLC,BOS,12.4,14.5,2024
10,Oct,Southwest,LAS,MSP,14.1,11.7,2024
9,Sep,Frontier,PHX,DTW,20.2,22.0,2024
12,Dec,American,LGA,BOS,10.5,30.5,2024
11,Nov,Spirit,IAH,MSP,30.9,28.5,2024
5,May,Spirit,SEA,JFK,51.3,36.0,2024
9,Sep,JetBlue,SFO,CLT,53.3,43.1,2024
2,Feb,Frontier,LAS,EWR,19.2,32.8,2024
3,Mar,Alaska,PHX,LAS,9.9,13.0,2024
7,Jul,Southwest,BOS,SEA,20.7,41.4,2024
7,Jul,Frontier,CLT,DEN,22.2,16.0,2024
6,Jun,Southwest,CLT,CLT,9.5,21.9,2024
6,Jun,United,DFW,SFO,24.4,29.7,2024
2,Feb,Spirit,DFW,LGA,35.5,38.9,2024
10,Oct,Alaska,ATL,EWR,25.9,21.6,2024
6,Jun,Frontier,BOS,MIA,20.5,18.5,2024
4,Apr,Frontier,LAX,SFO,36.5,46.8,2024
12,Dec,JetBlue,CLT,MIA,8.5,25.0,2024
3,Mar,Southwest,LGA,LAX,37.8,40.2,2024
11,Nov,Alaska,SFO,LAX,8.1,16.4,2024
2,Feb,United,JFK,JFK,17.0,31.9,2024
1,Jan,Alaska,BOS,ORD,15.8,13.1,2024
11,Nov,American,SLC,ATL,34.1,27.9,2024
11,Nov,JetBlue,ATL,MCO,7.7,9.5,2024
5,May,American,DTW,EWR,60.6,53.5,2024
2,Feb,United,DFW,DTW,42.5,42.0,2024
2,Feb,Spirit,DEN,LGA,40.7,46.3,2024
7,Jul,JetBlue,ATL,IAH,22.8,20.4,2024
8,Aug,Delta,ATL,DFW,23.3,29.7,2024
10,Oct,Delta,JFK,ORD,27.8,28.7,2024
8,Aug,Delta,DEN,SEA,21.9,36.3,2024
4,Apr,Alaska,LAX,DFW,13.9,7.8,2024
1,Jan,Southwest,DEN,CLT,25.1,28.1,2024
11,Nov,Alaska,LAS,MSP,6.2,11.1,2024
7,Jul,Alaska,SLC,DTW,8.0,27.2,2024
1,Jan,Alaska,CLT,DTW,5.6,25.7,2024
11,Nov,Alaska,MSP,DEN,19.6,9.8,2024
4,Apr,Spirit,BOS,DEN,27.1,31.2,2024
8,Aug,Delta,DEN,MSP,-0.7,17.2,2024
2,Feb,Southwest,LAX,DFW,7.1,30.0,2024
6,Jun,Frontier,DFW,IAH,10.8,28.1,2024
6,Jun,Southwest,IAH,JFK,31.5,45.3,2024
12,Dec,United,PHX,DEN,24.1,25.5,2024
9,Sep,Delta,MSP,ORD,18.8,15.5,2024
5,May,JetBlue,BOS,MCO,43.0,33.4,2024
10,Oct,Frontier,LAX,ORD,37.6,33.0,2024
4,Apr,Frontier,CLT,ORD,24.7,16.6,2024
5,May,Alaska,DTW,MCO,28.1,35.8,2024
12,Dec,Southwest,PHX,LAX,28.7,25.0,2024
12,Dec,United,SEA,MCO,4.5,20.0,2024
10,Oct,Southwest,CLT,IAH,1.7,13.1,2024
11,Nov,JetBlue,MSP,PHX,20.0,27.9,2024
5,May,JetBlue,SEA,SFO,29.5,32.5,2024
8,Aug,Delta,DTW,MCO,23.1,35.2,2024
10,Oct,Spirit,ATL,DTW,24.5,24.4,2024
12,Dec,Southwest,MSP,PHX,14.6,42.0,2024
8,Aug,Spirit,SEA,MCO,15.5,16.1,2024
2,Feb,JetBlue,IAH,EWR,56.9,260.2,2024
7,Jul,Frontier,LAS,JFK,34.5,45.0,2024
8,Aug,American,MSP,LGA,10.1,19.5,2024
11,Nov,JetBlue,ORD,JFK,15.8,16.1,2024
6,Jun,JetBlue,IAH,IAH,31.1,24.2,2024
5,May,Frontier,PHX,PHX,20.9,13.6,2024
11,Nov,Southwest,DEN,PHX,28.9,26.4,2024
9,Sep,Alaska,JFK,LAS,23.0,19.1,2024
3,Mar,Frontier,SEA,CLT,44.8,37.5,2024
12,Dec,JetBlue,SFO,MIA,28.2,22.9,2024
10,Oct,United,IAH,SFO,47.2,27.3,2024
4,Apr,Alaska,DTW,IAH,19.0,17.3,2024
9,Sep,Frontier,CLT,LAX,19.6,18.1,2024
6,Jun,JetBlue,PHX,LAX,27.0,29.7,2024
8,Aug,American,BOS,MSP,12.1,13.6,2024
7,Jul,JetBlue,SFO,MIA,14.6,29.0,2024
11,Nov,Delta,SFO,SLC,17.5,17.4,2024
2,Feb,Southwest,MIA,MCO,14.1,30.1,2024
3,Mar,American,MSP,ATL,35.3,31.2,2024
1,Jan,United,CLT,LGA,16.0,29.1,2024
9,Sep,Spirit,IAH,MCO,29.3,38.4,2024
7,Jul,Frontier,SFO,IAH,39.3,46.8,2024
1,Jan,JetBlue,JFK,SEA,24.8,28.4,2024
3,Mar,JetBlue,MIA,MSP,21.1,25.9,2024
4,Apr,Spirit,SEA,DFW,27.5,31.7,2024
4,Apr,Spirit,MCO,SLC,24.7,12.5,2024
5,May,Frontier,ATL,ORD,27.9,17.5,2024
3,Mar,Spirit,SEA,JFK,31.6,23.3,2024
3,Mar,Frontier,SEA,JFK,43.0,43.3,2024
1,Jan,United,SLC,JFK,29.8,23.8,2024
7,Jul,Spirit,ORD,SEA,36.2,34.9,2024
11,Nov,JetBlue,DEN,LGA,20.3,21.0,2024
10,Oct,Spirit,ORD,PHX,31.2,23.2,2024
1,Jan,Delta,CLT,DEN,28.0,44.6,2024
2,Feb,Alaska,DTW,SLC,19.1,35.6,2024
4,Apr,Alaska,CLT,MIA,18.2,16.9,2024
4,Apr,American,LGA,PHX,12.3,21.5,2024
5,May,Frontier,IAH,ORD,26.2,12.8,2024
11,Nov,JetBlue,LAX,PHX,27.9,31.9,2024
2,Feb,United,BOS,LAX,17.1,26.1,2024
4,Apr,Spirit,EWR,LAS,23.0,29.5,2024
1,Jan,United,DFW,DEN,6.6,15.4,2024
2,Feb,American,LAX,LGA,31.0,47.9,2024
1,Jan,Delta,DTW,JFK,19.3,28.6,2024
10,Oct,American,MIA,MIA,29.6,35.5,2024
10,Oct,JetBlue,MSP,DEN,20.6,17.6,2024
4,Apr,Alaska,SFO,SFO,17.5,21.2,2024
4,Apr,Delta,PHX,SFO,6.2,33.8,2024
7,Jul,Delta,ATL,DFW,27.4,34.8,2024
10,Oct,Frontier,DFW,PHX,12.4,26.3,2024
11,Nov,United,IAH,IAH,28.2,18.6,2024
11,Nov,Delta,JFK,ATL,46.2,41.9,2024
9,Sep,Frontier,LAX,DTW,25.6,140.7,2024
9,Sep,Frontier,ORD,JFK,10.8,20.3,2024
5,May,JetBlue,DTW,MIA,17.0,5.8,2024
10,Oct,Spirit,SEA,DTW,31.9,18.1,2024
1,Jan,JetBlue,EWR,MCO,16.1,25.0,2024
1,Jan,Spirit,SLC,ORD,34.8,40.2,2024
6,Jun,JetBlue,IAH,EWR,13.2,15.7,2024
2,Feb,Alaska,JFK,EWR,26.9,36.7,2024
8,Aug,Southwest,DTW,SFO,23.5,36.8,2024
9,Sep,Delta,ORD,SEA,1.5,9.9,2024
4,Apr,Delta,EWR,DFW,16.3,14.5,2024
5,May,JetBlue,ATL,BOS,37.9,30.1,2024
11,Nov,Spirit,BOS,BOS,36.4,25.7,2024
8,Aug,United,DTW,PHX,10.6,19.9,2024
3,Mar,Alaska,SLC,BOS,48.5,190.9,2024
5,May,Delta,SLC,MIA,0.7,12.3,2024
3,Mar,Frontier,LAS,MIA,12.7,11.7,2024
12,Dec,Southwest,SFO,CLT,19.3,22.4,2024
10,Oct,Delta,DTW,JFK,29.3,25.3,2024
3,Mar,American,DEN,MIA,18.0,29.7,2024
3,Mar,Southwest,IAH,LAX,7.9,11.8,2024
12,Dec,United,LAS,LAS,26.1,33.8,2024
7,Jul,Southwest,SFO,MIA,12.7,21.5,2024
7,Jul,Southwest,LAS,EWR,21.1,18.6,2024
7,Jul,Delta,DFW,MSP,20.4,27.9,2024
10,Oct,Southwest,LGA,MSP,13.3,23.3,2024
8,Aug,JetBlue,BOS,IAH,44.0,53.2,2024
5,May,Alaska,JFK,ATL,27.4,22.9,2024
5,May,Southwest,IAH,MCO,60.4,65.0,2024
4,Apr,Delta,SEA,PHX,5.7,9.9,2024
7,Jul,JetBlue,CLT,SLC,22.1,30.8,2024
10,Oct,United,ORD,LGA,31.5,32.5,2024
4,Apr,Frontier,LAX,ATL,20.0,14.4,2024
2,Feb,American,LAS,ATL,44.8,46.0,2024
4,Apr,Southwest,SEA,LGA,17.5,17.9,2024
8,Aug,JetBlue,DFW,CLT,29.0,20.8,2024
9,Sep,JetBlue,LAX,LAX,12.4,11.7,2024
3,Mar,United,DTW,MIA,8.1,10.8,2024
7,Jul,United,LAX,LAX,6.2,14.7,2024
12,Dec,American,LAX,MCO,19.9,27.6,2024
9,Sep,American,SFO,LAS,24.4,27.9,2024
11,Nov,Delta,BOS,SLC,10.8,14.5,2024
4,Apr,American,JFK,LAX,15.2,17.4,2024
10,Oct,American,IAH,EWR,79.5,80.5,2024
3,Mar,Spirit,DFW,MCO,22.2,21.4,2024
5,May,Frontier,SLC,LAS,36.4,38.6,2024
1,Jan,Frontier,MSP,MCO,20.7,20.7,2024
3,Mar,JetBlue,MCO,DFW,24.7,16.4,2024
8,Aug,Southwest,LAX,MSP,34.1,39.4,2024
11,Nov,Spirit,SEA,CLT,6.6,7.3,2024
8,Aug,Spirit,SLC,MCO,36.9,24.7,2024
4,Apr,Spirit,LAS,LAX,42.2,44.6,2024
2,Feb,Southwest,DFW,MCO,25.7,40.3,2024
8,Aug,Alaska,EWR,IAH,9.7,27.2,2024
8,Aug,American,SLC,LAS,8.9,23.8,2024
10,Oct,Spirit,PHX,MCO,25.3,21.3,2024
4,Apr,Alaska,JFK,ATL,20.6,18.8,2024
3,Mar,Alaska,EWR,ORD,44.7,31.2,2024
2,Feb,Delta,PHX,LGA,17.5,25.9,2024
9,Sep,Delta,MSP,MIA,44.9,39.8,2024
1,Jan,Southwest,LAS,SEA,17.1,29.1,2024
7,Jul,United,SFO,BOS,12.5,25.8,2024
5,May,JetBlue,DFW,MIA,23.1,11.0,2024
8,Aug,American,SLC,MSP,11.9,23.0,2024
4,Apr,JetBlue,DFW,CLT,33.7,30.7,2024
7,Jul,Spirit,SLC,MCO,19.1,24.5,2024
5,May,American,SLC,LGA,30.3,20.2,2024
5,May,American,BOS,BOS,4.3,13.0,2024
9,Sep,Frontier,MSP,SLC,13.7,99.9,2024
9,Sep,Alaska,DFW,MCO,13.0,7.0,2024
9,Sep,Southwest,PHX,MIA,13.5,18.3,2024
12,Dec,JetBlue,SFO,PHX,28.4,37.0,2024
6,Jun,JetBlue,DEN,LGA,24.7,27.3,2024
6,Jun,United,LGA,MSP,27.5,29.1,2024
5,May,United,IAH,EWR,24.6,32.1,2024
9,Sep,JetBlue,MIA,MCO,25.4,27.5,2024
10,Oct,United,CLT,MCO,8.4,9.8,2024
8,Aug,United,SFO,LGA,13.3,248.9,2024
7,Jul,American,IAH,DEN,23.3,31.2,2024
7,Jul,Frontier,JFK,LAS,16.8,18.9,2024
6,Jun,Southwest,IAH,DFW,5.4,14.1,2024
5,May,Frontier,EWR,LAS,25.7,16.7,2024
4,Apr,Spirit,LAX,EWR,22.7,22.5,2024
3,Mar,American,SLC,SFO,14.6,10.5,2024
3,Mar,Alaska,ATL,DTW,7.2,-3.9,2024
6,Jun,United,MIA,DTW,10.2,18.6,2024
4,Apr,American,MCO,SFO,36.0,29.2,2024
12,Dec,American,DEN,EWR,19.6,37.3,2024
12,Dec,Delta,EWR,IAH,8.6,17.2,2024
6,Jun,American,ATL,JFK,30.3,41.2,2024
3,Mar,American,SLC,SFO,27.2,25.4,2024
4,Apr,Southwest,DTW,SLC,16.6,28.2,2024
9,Sep,JetBlue,ORD,SEA,31.3,19.5,2024
5,May,Frontier,LAX,ATL,27.5,23.0,2024
7,Jul,Frontier,DEN,LGA,21.5,13.6,2024
10,Oct,Delta,LGA,SLC,16.5,12.8,2024
2,Feb,Delta,IAH,SFO,8.6,17.4,2024
5,May,Delta,ATL,IAH,34.1,40.8,2024
9,Sep,Alaska,CLT,JFK,1.3,3.9,2024
11,Nov,Delta,LAS,JFK,22.9,14.0,2024
3,Mar,Southwest,DEN,ATL,11.2,16.2,2024
9,Sep,JetBlue,MSP,PHX,8.1,7.1,2024
11,Nov,Alaska,SLC,SEA,13.6,23.3,2024
6,Jun,Southwest,PHX,SFO,19.1,117.2,2024
4,Apr,Delta,MCO,LAS,4.5,14.8,2024
7,Jul,JetBlue,DTW,ATL,12.2,20.1,2024
8,Aug,Frontier,BOS,MIA,30.7,31.4,2024
6,Jun,Southwest,MIA,ORD,0.5,17.1,2024
5,May,JetBlue,SFO,IAH,10.0,19.1,2024
6,Jun,Alaska,LGA,JFK,11.2,33.1,2024
5,May,Southwest,IAH,MIA,20.7,24.0,2024
8,Aug,Spirit,SFO,DEN,36.0,44.8,2024
1,Jan,JetBlue,MCO,MCO,18.1,32.6,2024
11,Nov,Frontier,JFK,DFW,36.1,23.7,2024
7,Jul,Southwest,MIA,SEA,12.6,16.8,2024
10,Oct,Delta,BOS,PHX,41.7,48.6,2024
10,Oct,Delta,EWR,ORD,26.4,34.6,2024
11,Nov,Delta,SLC,MSP,19.2,18.7,2024
2,Feb,Alaska,SLC,LGA,4.6,21.0,2024
9,Sep,Spirit,MIA,DEN,26.7,21.2,2024
1,Jan,Southwest,EWR,SEA,43.7,53.8,2024
11,Nov,JetBlue,BOS,SLC,19.8,14.0,2024
10,Oct,JetBlue,SEA,IAH,50.1,31.9,2024
6,Jun,United,ORD,ATL,19.0,17.0,2024
9,Sep,American,LAX,DFW,34.6,27.0,2024
1,Jan,Frontier,JFK,IAH,17.0,33.6,2024
4,Apr,Spirit,EWR,DTW,33.4,197.3,2024
4,Apr,Spirit,MCO,MIA,24.7,21.8,2024
9,Sep,Delta,CLT,LAS,59.2,47.5,2024
11,Nov,Delta,DTW,MSP,33.6,21.4,2024
5,May,Delta,LAX,LGA,10.2,27.2,2024
5,May,United,MCO,CLT,64.0,67.0,2024
6,Jun,United,IAH,LAX,14.9,17.9,2024
1,Jan,United,DTW,JFK,8.9,23.4,2024
1,Jan,Delta,IAH,SFO,13.6,22.8,2024
9,Sep,JetBlue,LAX,LAX,20.6,18.9,2024
3,Mar,Delta,ATL,MSP,32.9,39.2,2024
4,Apr,Spirit,MCO,PHX,15.4,17.1,2024
1,Jan,United,LAX,EWR,15.5,23.5,2024
9,Sep,United,LAS,LAS,8.2,5.5,2024
8,Aug,American,LAS,SEA,34.9,51.3,2024
2,Feb,Southwest,EWR,CLT,7.5,18.4,2024
8,Aug,American,MIA,SFO,17.8,23.6,2024
7,Jul,American,JFK,SLC,9.5,14.5,2024
11,Nov,Delta,BOS,DFW,18.2,9.7,2024
6,Jun,Southwest,ORD,LAS,8.1,10.0,2024
1,Jan,Spirit,BOS,SLC,30.7,34.5,2024
7,Jul,Southwest,ATL,LAX,31.5,32.7,2024
10,Oct,Frontier,LAS,SFO,16.1,13.4,2024
7,Jul,Delta,MCO,SLC,12.0,16.6,2024
9,Sep,Frontier,JFK,JFK,26.8,21.3,2024
1,Jan,JetBlue,MIA,CLT,65.3,74.1,2024
2,Feb,Alaska,ORD,SFO,2.4,16.3,2024
11,Nov,Spirit,DFW,JFK,15.7,16.7,2024
9,Sep,Delta,PHX,ATL,15.9,298.9,2024
9,Sep,JetBlue,SLC,DTW,31.1,24.0,2024
6,Jun,Spirit,JFK,ATL,22.4,32.0,2024
6,Jun,JetBlue,ATL,JFK,29.7,29.5,2024
4,Apr,Southwest,SEA,IAH,55.6,43.7,2024
4,Apr,Delta,SEA,LGA,20.9,22.0,2024
5,May,Delta,JFK,LAX,15.1,26.8,2024
3,Mar,Southwest,LGA,SEA,31.9,32.7,2024
1,Jan,American,SLC,LAX,15.5,26.2,2024
1,Jan,Delta,ATL,EWR,10.7,22.4,2024
12,Dec,Alaska,CLT,DFW,19.0,27.2,2024
7,Jul,Spirit,MSP,LAX,12.7,27.2,2024
1,Jan,Alaska,ORD,DEN,-5.1,22.1,2024
1,Jan,United,LAX,LGA,8.6,18.0,2024
3,Mar,United,ORD,LAX,24.4,20.8,2024
10,Oct,Delta,LAS,DTW,54.1,51.8,2024
4,Apr,Frontier,EWR,MCO,19.8,7.2,2024
4,Apr,JetBlue,MSP,SFO,14.8,17.2,2024
2,Feb,Alaska,SLC,CLT,15.3,36.5,2024
1,Jan,Alaska,IAH,IAH,23.8,35.9,2024
3,Mar,Southwest,BOS,MSP,21.5,26.8,2024
11,Nov,Spirit,BOS,BOS,25.8,31.3,2024
4,Apr,Alaska,ATL,LAX,15.3,18.7,2024
3,Mar,JetBlue,MCO,BOS,45.3,38.6,2024
8,Aug,United,SEA,JFK,13.1,18.4,2024
10,Oct,United,LGA,ATL,10.9,3.1,2024
1,Jan,Spirit,MCO,ATL,33.2,44.8,2024
2,Feb,Southwest,SFO,CLT,10.9,17.2,2024
7,Jul,United,LAS,EWR,5.9,10.7,2024
4,Apr,Spirit,LGA,SFO,54.7,57.7,2024
8,Aug,American,PHX,DTW,15.2,27.5,2024
11,Nov,United,DFW,SLC,40.0,38.9,2024
3,Mar,Alaska,SFO,SLC,5.6,6.0,2024
6,Jun,Frontier,SFO,MSP,23.6,31.5,2024
9,Sep,JetBlue,SEA,BOS,21.8,14.0,2024
1,Jan,JetBlue,SEA,ATL,22.1,37.3,2024
1,Jan,Frontier,EWR,BOS,16.5,18.2,2024
8,Aug,American,BOS,DFW,17.6,33.3,2024
3,Mar,Spirit,CLT,CLT,43.4,34.6,2024
5,May,Frontier,SEA,EWR,24.1,19.7,2024
1,Jan,JetBlue,LAS,CLT,18.6,38.3,2024
5,May,Spirit,ORD,SEA,29.0,19.2,2024
11,Nov,JetBlue,EWR,SLC,15.8,15.6,2024
6,Jun,Spirit,CLT,CLT,21.7,17.7,2024
8,Aug,JetBlue,DFW,IAH,49.8,51.0,2024
3,Mar,Frontier,MCO,MIA,22.9,12.9,2024
3,Mar,Delta,EWR,LAS,8.8,6.4,2024
12,Dec,American,PHX,ATL,20.9,180.9,2024
11,Nov,Spirit,MIA,LAS,24.6,22.1,2024
11,Nov,American,DEN,BOS,10.7,11.5,2024
10,Oct,United,MIA,LAX,37.1,36.7,2024
9,Sep,Alaska,MSP,MIA,12.5,14.0,2024
4,Apr,American,CLT,DTW,16.6,16.6,2024
4,Apr,Frontier,JFK,LAX,20.3,10.5,2024
12,Dec,Spirit,EWR,CLT,41.8,47.9,2024
7,Jul,Southwest,CLT,IAH,26.6,27.3,2024
2,Feb,American,MIA,DTW,17.5,24.3,2024
8,Aug,Spirit,MCO,BOS,20.5,20.3,2024
6,Jun,Southwest,LAX,PHX,7.0,14.5,2024
3,Mar,JetBlue,LAX,DTW,21.6,12.8,2024
9,Sep,Alaska,BOS,CLT,18.7,9.6,2024
5,May,Spirit,EWR,DEN,31.5,26.2,2024
8,Aug,Southwest,SLC,LAX,6.0,12.1,2024
7,Jul,Frontier,LAX,JFK,30.0,36.4,2024
8,Aug,Alaska,LGA,BOS,7.2,23.0,2024
7,Jul,Alaska,DTW,LAX,37.6,34.7,2024
3,Mar,Delta,EWR,DFW,38.9,37.8,2024
2,Feb,Spirit,DEN,SFO,61.9,52.1,2024
7,Jul,Alaska,PHX,EWR,7.8,23.9,2024
3,Mar,JetBlue,LGA,ATL,45.6,45.4,2024
3,Mar,Spirit,MSP,ATL,32.6,25.2,2024
2,Feb,Spirit,EWR,DTW,12.4,18.3,2024
4,Apr,Southwest,LAS,MIA,14.4,5.5,2024
8,Aug,Alaska,DFW,BOS,21.1,41.5,2024
12,Dec,JetBlue,EWR,MIA,7.4,26.6,2024
1,Jan,Delta,MIA,JFK,11.0,35.1,2024
1,Jan,Frontier,SFO,BOS,23.7,36.7,2024
12,Dec,JetBlue,LGA,BOS,17.2,25.1,2024
5,May,JetBlue,MSP,PHX,89.6,96.6,2024
11,Nov,American,DFW,SEA,44.6,51.0,2024
5,May,United,DTW,MCO,24.8,12.9,2024
11,Nov,Southwest,PHX,SLC,8.5,0.2,2024
12,Dec,United,PHX,SFO,7.8,13.8,2024
1,Jan,Delta,PHX,DTW,32.4,31.9,2024
6,Jun,Delta,BOS,DFW,17.6,18.0,2024
1,Jan,JetBlue,LAX,ATL,27.1,35.4,2024
5,May,United,LAS,SEA,20.9,17.1,2024
9,Sep,Southwest,DEN,DEN,23.7,18.0,2024
12,Dec,Frontier,SEA,SEA,22.7,28.3,2024
5,May,Spirit,DTW,SEA,25.6,20.9,2024
6,Jun,Southwest,SFO,SFO,11.9,17.9,2024
8,Aug,Spirit,SFO,SLC,43.6,31.2,2024
11,Nov,JetBlue,LAS,DFW,27.7,28.2,2024
1,Jan,Southwest,ORD,MCO,17.5,41.5,2024
2,Feb,American,DTW,JFK,15.4,20.9,2024
9,Sep,Spirit,LGA,BOS,26.8,23.5,2024
3,Mar,United,IAH,IAH,23.7,25.9,2024
6,Jun,Delta,BOS,BOS,12.9,19.1,2024
5,May,Frontier,DTW,IAH,32.2,20.3,2024
11,Nov,Frontier,MSP,ORD,17.9,26.1,2024
2,Feb,Southwest,DTW,PHX,18.1,28.4,2024
7,Jul,Spirit,LAS,SFO,20.1,18.5,2024
4,Apr,Southwest,SLC,ORD,14.5,13.0,2024
1,Jan,Frontier,LAX,SLC,46.9,50.1,2024
4,Apr,Southwest,MIA,MSP,25.4,30.1,2024
6,Jun,JetBlue,LGA,DFW,38.3,47.9,2024
7,Jul,Delta,LAX,PHX,33.0,35.3,2024
7,Jul,Spirit,SLC,JFK,16.1,19.7,2024
7,Jul,United,SFO,ATL,31.7,38.4,2024
3,Mar,Southwest,IAH,JFK,26.3,22.5,2024
6,Jun,Frontier,MSP,SEA,65.0,53.7,2024
8,Aug,American,DEN,CLT,10.8,29.2,2024
4,Apr,Frontier,IAH,SEA,21.5,13.7,2024
8,Aug,Alaska,EWR,JFK,17.2,9.2,2024
2,Feb,Spirit,CLT,SLC,20.3,33.7,2024
10,Oct,JetBlue,SEA,DTW,36.3,24.6,2024
9,Sep,United,CLT,LAX,15.1,17.4,2024
9,Sep,Southwest,ATL,SFO,25.7,36.6,2024
8,Aug,United,LGA,SEA,24.6,32.6,2024
10,Oct,JetBlue,CLT,PHX,43.6,43.0,2024
10,Oct,Spirit,DTW,MSP,21.3,20.9,2024
1,Jan,Alaska,DTW,MCO,9.2,20.9,2024
2,Feb,American,PHX,ATL,25.2,36.8,2024
6,Jun,Spirit,LAX,LAS,13.3,18.2,2024
10,Oct,Southwest,JFK,PHX,33.6,27.2,2024
5,May,Frontier,LGA,MCO,38.6,27.3,2024
12,Dec,American,DEN,LAX,21.3,26.9,2024
9,Sep,JetBlue,DEN,MCO,17.4,23.0,2024
5,May,American,CLT,MIA,21.0,21.4,2024
2,Feb,JetBlue,CLT,DEN,34.5,31.4,2024
10,Oct,Alaska,MCO,IAH,13.8,12.9,2024
4,Apr,American,MIA,SFO,11.3,3.8,2024
9,Sep,United,DEN,ORD,16.0,14.9,2024
1,Jan,Spirit,ATL,EWR,18.1,32.9,2024
11,Nov,United,MIA,CLT,29.8,18.1,2024
1,Jan,JetBlue,MIA,SEA,25.8,20.8,2024
12,Dec,United,JFK,MCO,34.6,42.7,2024
7,Jul,Alaska,SEA,DEN,17.4,25.5,2024
11,Nov,Frontier,LAX,ORD,49.6,49.1,2024
3,Mar,American,CLT,DEN,22.6,13.7,2024
10,Oct,Spirit,LAS,LAS,34.8,40.7,2024
2,Feb,American,CLT,EWR,22.6,26.6,2024
9,Sep,Spirit,SEA,DTW,24.2,17.0,2024
3,Mar,Southwest,EWR,IAH,21.9,13.7,2024
2,Feb,JetBlue,DTW,SFO,25.5,30.7,2024
12,Dec,United,CLT,CLT,6.1,18.3,2024
8,Aug,Alaska,MCO,SEA,0.6,13.3,2024
10,Oct,JetBlue,MSP,ORD,31.2,18.3,2024
6,Jun,United,LAS,MIA,25.3,34.3,2024
6,Jun,Southwest,ATL,MCO,28.4,24.3,2024
10,Oct,American,JFK,IAH,35.4,45.8,2024
11,Nov,Spirit,SEA,CLT,18.6,21.8,2024
7,Jul,Frontier,MCO,PHX,14.8,17.6,2024
7,Jul,American,IAH,ORD,11.4,13.2,2024
11,Nov,Alaska,IAH,CLT,26.2,10.8,2024
6,Jun,Delta,LGA,JFK,10.3,29.4,2024
4,Apr,JetBlue,EWR,MIA,17.2,14.6,2024
11,Nov,United,MSP,MIA,15.5,16.1,2024
9,Sep,Delta,DFW,SLC,7.3,14.8,2024
6,Jun,JetBlue,DFW,ORD,30.9,34.8,2024
4,Apr,Spirit,DTW,MSP,28.4,19.6,2024
12,Dec,United,DEN,SEA,21.2,37.2,2024
3,Mar,Southwest,EWR,MIA,61.9,59.0,2024
4,Apr,JetBlue,DTW,MIA,51.1,57.2,2024
3,Mar,United,DTW,MSP,26.4,28.8,2024
2,Feb,Frontier,DTW,ORD,23.5,37.6,2024
5,May,Frontier,DTW,JFK,23.5,21.5,2024
2,Feb,Spirit,SLC,PHX,35.2,38.0,2024
6,Jun,American,ORD,SLC,20.5,12.1,2024
3,Mar,JetBlue,LGA,BOS,19.8,23.7,2024
6,Jun,United,DTW,DTW,21.4,25.1,2024
11,Nov,Alaska,PHX,MIA,4.9,10.0,2024
10,Oct,American,MSP,PHX,3.7,11.5,2024
9,Sep,Spirit,DFW,ORD,21.7,12.9,2024
1,Jan,American,MIA,MSP,24.5,25.4,2024
6,Jun,Delta,CLT,IAH,34.2,28.0,2024
9,Sep,United,CLT,MSP,8.3,20.1,2024
11,Nov,Delta,LAX,DTW,6.8,7.9,2024
4,Apr,Alaska,MIA,DTW,9.5,7.0,2024
11,Nov,Spirit,LAX,SFO,29.6,31.4,2024
12,Dec,Delta,DEN,BOS,12.8,30.7,2024
2,Feb,Southwest,MSP,DFW,42.9,51.0,2024
4,Apr,Delta,ATL,EWR,12.2,8.7,2024
1,Jan,Delta,SFO,SLC,19.9,28.7,2024
3,Mar,Frontier,SFO,PHX,48.0,43.9,2024
10,Oct,Frontier,PHX,EWR,35.8,192.0,2024
9,Sep,Spirit,JFK,DEN,18.7,2.6,2024
10,Oct,Southwest,MCO,EWR,22.9,20.2,2024
5,May,Southwest,BOS,ATL,26.7,27.2,2024
11,Nov,JetBlue,MSP,DEN,43.7,45.7,2024
6,Jun,Delta,MIA,MSP,9.2,11.9,2024
3,Mar,American,IAH,MSP,40.8,56.6,2024
5,May,Southwest,LAX,ORD,15.4,20.9,2024
11,Nov,United,EWR,LGA,23.1,16.0,2024
8,Aug,JetBlue,LAX,SLC,43.7,38.4,2024
6,Jun,Spirit,SLC,DEN,21.5,21.3,2024
4,Apr,JetBlue,JFK,DEN,42.8,32.5,2024
2,Feb,Delta,ATL,CLT,13.9,20.8,2024
9,Sep,Alaska,MIA,PHX,36.9,29.0,2024
12,Dec,American,IAH,BOS,9.8,18.6,2024
1,Jan,Alaska,PHX,MIA,11.0,23.0,2024
1,Jan,Alaska,IAH,ATL,3.9,14.5,2024
4,Apr,Spirit,ATL,ORD,48.6,46.3,2024
7,Jul,Southwest,SLC,DFW,29.5,32.6,2024
1,Jan,United,EWR,SLC,19.2,32.2,2024
9,Sep,Frontier,SFO,MCO,15.8,19.7,2024
4,Apr,Delta,CLT,ORD,18.2,19.5,2024
3,Mar,Spirit,ATL,IAH,25.8,18.9,2024
1,Jan,American,LAS,ORD,13.1,156.1,2024
10,Oct,Delta,LAX,SFO,7.6,12.7,2024
4,Apr,Delta,LGA,ATL,9.9,11.1,2024
9,Sep,JetBlue,PHX,SLC,23.2,16.3,2024
10,Oct,Alaska,JFK,IAH,28.2,24.9,2024
6,Jun,United,DEN,LAX,18.5,14.2,2024
6,Jun,United,SEA,BOS,44.4,51.8,2024
1,Jan,United,SEA,LGA,52.3,60.7,2024
10,Oct,United,DEN,ORD,18.4,15.6,2024
2,Feb,Southwest,BOS,BOS,24.3,32.1,2024
11,Nov,Southwest,SFO,BOS,16.3,18.4,2024
6,Jun,United,MSP,JFK,25.4,27.4,2024
2,Feb,Spirit,MSP,PHX,17.5,24.0,2024
3,Mar,American,LGA,JFK,30.0,30.1,2024
4,Apr,Southwest,DFW,DTW,16.4,18.0,2024
11,Nov,Southwest,IAH,LAX,24.2,16.7,2024
5,May,Spirit,PHX,MIA,11.7,23.4,2024
9,Sep,Spirit,ORD,CLT,36.0,37.7,2024
12,Dec,Spirit,BOS,SEA,31.6,34.7,2024
4,Apr,Frontier,ATL,MSP,13.6,14.9,2024
11,Nov,Frontier,MIA,SLC,29.8,19.3,2024
9,Sep,American,IAH,PHX,34.5,27.6,2024
11,Nov,Frontier,MSP,LAS,10.1,13.2,2024
10,Oct,United,LGA,IAH,37.5,28.7,2024
3,Mar,Spirit,SEA,SFO,34.9,24.4,2024
8,Aug,Delta,MCO,ORD,4.6,16.8,2024
12,Dec,Spirit,SLC,BOS,42.6,38.8,2024
1,Jan,Southwest,LGA,CLT,20.6,32.0,2024
11,Nov,Delta,LAX,MSP,29.5,29.5,2024
9,Sep,Delta,ORD,JFK,13.9,22.4,2024
9,Sep,American,ORD,SEA,10.6,11.3,2024
10,Oct,United,JFK,DTW,32.9,18.5,2024
2,Feb,Alaska,PHX,ORD,20.6,30.2,2024
4,Apr,Frontier,IAH,EWR,36.5,15.1,2024
8,Aug,Delta,IAH,IAH,20.6,30.5,2024
7,Jul,United,DTW,LGA,12.8,19.9,2024
1,Jan,Frontier,EWR,IAH,21.6,45.3,2024
5,May,JetBlue,SFO,PHX,16.3,14.5,2024
7,Jul,Frontier,ATL,LGA,14.5,114.0,2024
4,Apr,Alaska,LGA,EWR,14.2,8.4,2024
1,Jan,Frontier,DEN,LAX,24.0,21.6,2024
9,Sep,Frontier,ATL,MCO,22.0,13.2,2024
5,May,Alaska,LGA,DFW,15.2,19.2,2024
11,Nov,Alaska,PHX,MIA,13.8,18.3,2024
2,Feb,Frontier,BOS,SFO,25.0,35.2,2024
8,Aug,United,MCO,LGA,25.4,41.7,2024
11,Nov,American,LAX,SLC,20.0,25.7,2024
2,Feb,Spirit,EWR,JFK,36.4,36.6,2024
3,Mar,American,CLT,PHX,17.6,23.0,2024
10,Oct,JetBlue,MSP,DFW,19.3,9.9,2024
1,Jan,Spirit,IAH,ATL,26.2,42.0,2024
11,Nov,Spirit,MCO,SFO,22.4,21.8,2024
2,Feb,American,DTW,EWR,39.4,214.3,2024
7,Jul,United,IAH,LGA,41.5,32.2,2024
10,Oct,Alaska,LAX,DEN,10.9,19.4,2024
2,Feb,United,LAX,PHX,9.7,16.3,2024
6,Jun,Alaska,ORD,SFO,14.7,16.5,2024
3,Mar,United,DEN,MSP,18.3,18.7,2024
4,Apr,Spirit,EWR,SFO,25.7,17.6,2024
11,Nov,American,CLT,CLT,20.4,6.5,2024
8,Aug,United,BOS,LGA,28.8,25.8,2024
3,Mar,Southwest,LAS,ORD,12.9,12.8,2024
10,Oct,Alaska,DTW,DEN,5.7,1.5,2024
6,Jun,Spirit,EWR,PHX,33.2,41.4,2024
1,Jan,Spirit,MIA,DEN,32.1,226.0,2024
7,Jul,Alaska,JFK,SFO,31.8,29.5,2024
8,Aug,JetBlue,PHX,SFO,35.9,36.7,2024
11,Nov,Southwest,SEA,DTW,24.1,8.5,2024
8,Aug,United,EWR,CLT,12.1,182.5,2024
3,Mar,American,ORD,DEN,15.3,16.2,2024
10,Oct,Frontier,LAX,DEN,41.9,46.6,2024
1,Jan,JetBlue,EWR,DFW,24.8,16.4,2024
9,Sep,Southwest,SLC,MCO,14.1,12.7,2024
6,Jun,United,LAS,LAS,13.8,180.1,2024
11,Nov,Spirit,EWR,BOS,9.7,9.0,2024
9,Sep,Spirit,DFW,EWR,13.8,5.4,2024
7,Jul,American,PHX,SEA,20.5,22.1,2024
1,Jan,Frontier,SLC,LAS,23.4,42.8,2024
12,Dec,United,MSP,BOS,19.2,32.2,2024
12,Dec,Alaska,IAH,MCO,7.4,16.4,2024
1,Jan,Southwest,CLT,SFO,13.5,18.4,2024
6,Jun,Southwest,DFW,DFW,-0.2,10.5,2024
5,May,JetBlue,LAS,ORD,11.8,16.2,2024
9,Sep,Spirit,DFW,ATL,10.7,10.5,2024
2,Feb,Frontier,EWR,SFO,16.3,18.2,2024
8,Aug,American,CLT,LAS,22.0,37.6,2024
11,Nov,Delta,LAX,LAX,20.5,19.3,2024
5,May,United,DTW,SFO,19.4,9.2,2024
2,Feb,American,ORD,PHX,6.4,25.5,2024
10,Oct,Frontier,DFW,LAX,31.8,22.1,2024
11,Nov,Frontier,ATL,MSP,14.5,23.6,2024
11,Nov,Delta,LAS,ORD,16.2,31.3,2024
12,Dec,American,LGA,MSP,31.7,43.6,2024
6,Jun,United,DTW,PHX,37.3,45.2,2024
10,Oct,United,LGA,BOS,22.0,19.7,2024
8,Aug,Frontier,ATL,ORD,21.5,10.6,2024
4,Apr,JetBlue,PHX,MCO,37.4,44.3,2024
2,Feb,Frontier,EWR,JFK,7.2,14.5,2024
12,Dec,Southwest,SLC,ORD,22.2,33.6,2024
11,Nov,Southwest,ORD,LAX,36.9,39.5,2024
5,May,Southwest,BOS,DTW,19.4,11.1,2024
12,Dec,JetBlue,ORD,CLT,41.2,47.4,2024
2,Feb,Southwest,CLT,IAH,18.2,40.2,2024
2,Feb,American,LGA,SLC,15.6,33.2,2024
6,Jun,Southwest,IAH,PHX,16.6,22.3,2024
11,Nov,Southwest,SFO,MCO,21.4,26.8,2024
10,Oct,Alaska,SLC,LGA,11.2,26.0,2024
9,Sep,United,SFO,LGA,29.2,19.2,2024
4,Apr,JetBlue,DEN,SLC,26.3,13.8,2024
6,Jun,JetBlue,SEA,DFW,27.3,27.6,2024
7,Jul,Spirit,EWR,MIA,23.4,31.0,2024
11,Nov,Southwest,EWR,LGA,27.1,35.2,2024
6,Jun,Alaska,SLC,PHX,0.4,4.9,2024
8,Aug,Spirit,CLT,LGA,16.3,21.3,2024
4,Apr,Spirit,SFO,BOS,34.0,17.0,2024
12,Dec,Delta,DEN,PHX,11.9,26.0,2024
1,Jan,United,MIA,PHX,30.7,33.5,2024
7,Jul,Southwest,PHX,JFK,21.4,39.2,2024
3,Mar,Delta,LAS,LGA,26.9,48.8,2024
6,Jun,Spirit,ATL,SLC,22.5,33.3,2024
2,Feb,American,MCO,LAX,18.4,33.2,2024
9,Sep,Alaska,ATL,DFW,15.3,1.3,2024
1,Jan,Alaska,SEA,IAH,0.8,11.0,2024
6,Jun,Frontier,ORD,DFW,38.0,39.5,2024
6,Jun,United,LAX,JFK,15.5,21.7,2024
5,May,Alaska,DFW,DTW,25.6,11.9,2024
5,May,JetBlue,SLC,SFO,44.1,43.2,2024
1,Jan,Delta,MIA,BOS,5.8,11.3,2024
10,Oct,Southwest,DEN,LAX,9.7,11.1,2024
12,Dec,Delta,PHX,IAH,6.0,13.4,2024
5,May,Frontier,SEA,MSP,28.6,23.7,2024
2,Feb,JetBlue,MSP,MSP,17.1,21.6,2024
7,Jul,American,DEN,DEN,20.8,21.4,2024
3,Mar,Delta,BOS,SFO,31.0,27.3,2024
4,Apr,Southwest,MSP,BOS,22.0,21.8,2024
3,Mar,Delta,SEA,DTW,5.4,14.0,2024
3,Mar,Alaska,CLT,ATL,18.1,14.5,2024
4,Apr,American,MSP,PHX,56.2,107.0,2024
5,May,Delta,ATL,LAS,24.6,13.0,2024
1,Jan,American,JFK,PHX,10.2,14.9,2024
4,Apr,Spirit,MIA,SFO,20.4,14.8,2024
12,Dec,American,MSP,EWR,49.1,61.4,2024
12,Dec,Spirit,MCO,BOS,18.2,32.7,2024
11,Nov,United,ATL,BOS,71.1,46.9,2024
8,Aug,United,MIA,SLC,6.9,17.7,2024
10,Oct,Southwest,MIA,MSP,15.2,18.3,2024
7,Jul,Southwest,SEA,IAH,20.3,34.1,2024
9,Sep,Southwest,ORD,ORD,-1.7,2.6,2024
5,May,Frontier,SLC,SFO,33.6,46.4,2024
10,Oct,American,BOS,ATL,22.0,19.7,2024
4,Apr,American,JFK,ORD,33.5,362.4,2024
8,Aug,Spirit,SEA,DTW,14.3,34.2,2024
9,Sep,United,DEN,DFW,33.6,25.2,2024
7,Jul,Alaska,PHX,SLC,14.4,21.6,2024
7,Jul,Spirit,EWR,JFK,46.2,55.0,2024
5,May,Spirit,BOS,MCO,30.5,22.9,2024
4,Apr,American,LGA,LAS,19.7,20.2,2024
10,Oct,Spirit,JFK,MIA,14.9,226.6,2024
1,Jan,United,LAS,CLT,47.2,49.9,2024
10,Oct,Delta,PHX,LAS,25.0,25.9,2024
10,Oct,Southwest,MCO,MIA,4.7,7.9,2024
7,Jul,Southwest,DTW,PHX,41.3,37.1,2024
1,Jan,JetBlue,DTW,LAX,7.0,14.6,2024
1,Jan,Alaska,LGA,DTW,26.3,28.2,2024
5,May,United,EWR,DFW,20.5,13.5,2024
9,Sep,JetBlue,DFW,LAX,61.7,56.5,2024
6,Jun,Frontier,LAX,DEN,33.1,35.9,2024
3,Mar,Southwest,EWR,DTW,6.0,4.0,2024
3,Mar,JetBlue,ATL,CLT,8.4,9.2,2024
7,Jul,Delta,ORD,SLC,9.9,18.4,2024
6,Jun,Spirit,MIA,JFK,27.1,30.9,2024
9,Sep,JetBlue,EWR,CLT,22.1,11.3,2024
6,Jun,Delta,IAH,DTW,14.6,10.6,2024
5,May,Southwest,CLT,SEA,17.2,26.6,2024
10,Oct,American,LAS,MCO,18.6,18.8,2024
7,Jul,Spirit,BOS,BOS,28.2,24.7,2024
1,Jan,Frontier,IAH,DFW,35.5,41.2,2024
12,Dec,Frontier,DEN,JFK,26.6,29.1,2024
7,Jul,United,SEA,MIA,26.7,26.0,2024
3,Mar,Spirit,ORD,SFO,35.0,25.4,2024
9,Sep,JetBlue,LAX,DFW,17.2,23.8,2024
6,Jun,Spirit,SLC,CLT,14.3,18.4,2024
9,Sep,Alaska,SEA,ATL,5.8,6.5,2024
5,May,Delta,LAX,LAS,10.9,24.4,2024
7,Jul,Alaska,SLC,MCO,58.9,80.5,2024
4,Apr,Southwest,ATL,SEA,21.3,26.8,2024
7,Jul,Alaska,MSP,BOS,59.2,70.6,2024
1,Jan,Frontier,MCO,SFO,27.3,33.0,2024
7,Jul,Alaska,LGA,IAH,13.0,22.3,2024
8,Aug,Southwest,ORD,ATL,8.0,20.0,2024
5,May,American,LAS,LAS,13.7,3.2,2024
2,Feb,Frontier,DEN,SFO,32.7,36.1,2024
5,May,Spirit,JFK,DTW,45.7,46.6,2024
6,Jun,Frontier,DFW,ATL,63.0,57.0,2024
12,Dec,Alaska,LGA,MSP,13.0,29.1,2024
2,Feb,Alaska,EWR,MCO,50.5,61.0,2024
6,Jun,Alaska,EWR,CLT,24.2,31.8,2024
6,Jun,Frontier,MIA,DEN,29.3,33.0,2024
1,Jan,Southwest,LAX,DEN,14.5,26.0,2024
1,Jan,Alaska,LGA,DTW,10.0,21.8,2024
11,Nov,Spirit,CLT,DTW,23.9,18.8,2024
10,Oct,Southwest,IAH,DTW,-2.4,1.6,2024
3,Mar,American,PHX,DEN,12.1,130.1,2024
10,Oct,Southwest,JFK,MIA,46.6,42.0,2024
10,Oct,Alaska,EWR,SLC,26.0,18.5,2024
12,Dec,Spirit,DEN,DEN,22.0,35.9,2024
3,Mar,Delta,BOS,DFW,26.7,22.0,2024
4,Apr,Frontier,JFK,CLT,24.7,7.6,2024
2,Feb,Spirit,DTW,SFO,22.6,20.8,2024
9,Sep,Alaska,EWR,DEN,21.0,22.2,2024
10,Oct,Spirit,SFO,CLT,32.8,19.4,2024
12,Dec,JetBlue,LAX,DTW,49.8,62.2,2024
11,Nov,JetBlue,JFK,ORD,21.1,15.5,2024
7,Jul,Spirit,LAS,DEN,51.5,50.4,2024
7,Jul,Delta,SFO,BOS,17.0,22.5,2024
6,Jun,Frontier,LAX,MCO,68.9,61.0,2024
3,Mar,JetBlue,SLC,DTW,15.4,12.4,2024
6,Jun,Spirit,SEA,DEN,24.8,18.8,2024
12,Dec,Spirit,MIA,DFW,34.5,40.6,2024
8,Aug,Frontier,DFW,EWR,30.0,13.4,2024
8,Aug,Frontier,EWR,SFO,19.6,21.3,2024
11,Nov,Spirit,IAH,ORD,12.5,15.5,2024
9,Sep,Alaska,MSP,DFW,8.8,13.3,2024
1,Jan,Southwest,DEN,MCO,15.0,75.5,2024
1,Jan,Alaska,LAX,JFK,9.8,24.6,2024
3,Mar,JetBlue,MIA,ORD,30.2,28.6,2024
3,Mar,JetBlue,ATL,ATL,9.8,21.1,2024
10,Oct,Southwest,MSP,ORD,16.9,14.3,2024
8,Aug,Frontier,DEN,SEA,41.6,38.0,2024
10,Oct,Spirit,IAH,EWR,27.4,28.8,2024
1,Jan,JetBlue,DTW,SFO,15.2,21.4,2024
2,Feb,Southwest,MSP,IAH,26.5,27.0,2024
2,Feb,American,SFO,LAS,17.9,23.2,2024
3,Mar,Alaska,SEA,ORD,48.6,41.9,2024
6,Jun,American,IAH,IAH,15.7,10.7,2024
1,Jan,JetBlue,SFO,EWR,19.9,25.5,2024
2,Feb,Spirit,MCO,ATL,34.4,35.6,2024
1,Jan,American,LGA,MCO,35.7,44.1,2024
5,May,Frontier,EWR,EWR,15.9,5.7,2024
7,Jul,Spirit,MIA,BOS,37.6,32.7,2024
8,Aug,JetBlue,SLC,JFK,31.5,17.3,2024
10,Oct,Spirit,ATL,LAS,47.7,54.7,2024
1,Jan,American,SEA,MSP,19.0,32.7,2024
7,Jul,JetBlue,ATL,BOS,12.0,16.8,2024
5,May,United,LAS,MSP,42.2,47.8,2024
10,Oct,Alaska,SLC,IAH,5.3,5.1,2024
1,Jan,Delta,LAS,SLC,19.2,33.6,2024
3,Mar,Alaska,PHX,SLC,20.4,17.8,2024
7,Jul,American,MIA,SLC,11.6,15.9,2024
10,Oct,Southwest,ATL,JFK,13.1,24.0,2024
1,Jan,Delta,MCO,EWR,7.0,26.4,2024
7,Jul,Spirit,SEA,SFO,35.2,30.2,2024
5,May,Frontier,MCO,SFO,31.8,17.9,2024
1,Jan,Spirit,BOS,SLC,16.9,29.1,2024
1,Jan,JetBlue,ATL,EWR,22.0,200.1,2024
1,Jan,Spirit,PHX,LGA,14.0,14.6,2024
11,Nov,Delta,DFW,SLC,5.0,4.7,2024
9,Sep,Spirit,CLT,EWR,35.8,36.0,2024
11,Nov,Southwest,SLC,EWR,16.5,15.4,2024
3,Mar,Southwest,JFK,SLC,51.5,44.6,2024
5,May,Frontier,DEN,CLT,19.9,7.1,2024
11,Nov,Alaska,DEN,ORD,4.8,17.2,2024
10,Oct,Spirit,IAH,CLT,30.1,20.4,2024
12,Dec,Spirit,ORD,EWR,11.6,30.5,2024
9,Sep,Frontier,LAX,MCO,20.8,14.2,2024
6,Jun,JetBlue,DFW,DEN,47.3,48.5,2024
12,Dec,Alaska,IAH,SLC,20.9,29.5,2024
9,Sep,American,LAS,PHX,31.8,37.1,2024
8,Aug,American,SLC,MSP,21.2,24.2,2024
8,Aug,United,PHX,CLT,20.7,31.1,2024
1,Jan,Alaska,CLT,BOS,15.9,35.2,2024
9,Sep,Southwest,ATL,LGA,32.7,30.8,2024
6,Jun,United,MIA,CLT,19.0,36.2,2024
9,Sep,Southwest,DTW,DFW,4.7,7.5,2024
3,Mar,United,PHX,CLT,14.4,11.8,2024
12,Dec,Alaska,SLC,LGA,10.6,8.6,2024
3,Mar,American,EWR,MIA,12.4,6.4,2024
6,Jun,Southwest,SEA,CLT,10.7,29.6,2024
9,Sep,Alaska,LAX,MCO,6.8,10.4,2024
7,Jul,Alaska,SFO,SFO,18.9,34.8,2024
3,Mar,American,SLC,MSP,11.2,17.5,2024
3,Mar,Delta,SFO,MSP,15.2,19.0,2024
2,Feb,American,CLT,MCO,16.4,36.5,2024
9,Sep,Southwest,SEA,MCO,6.7,22.5,2024
3,Mar,Delta,DTW,LAX,19.8,15.6,2024
11,Nov,United,ATL,PHX,18.4,234.9,2024
5,May,Frontier,MSP,IAH,15.9,14.7,2024
9,Sep,JetBlue,ORD,MCO,26.6,18.7,2024
8,Aug,Southwest,JFK,DEN,25.5,21.1,2024
2,Feb,Spirit,SLC,MCO,48.4,50.7,2024
3,Mar,JetBlue,CLT,SLC,16.0,14.4,2024
2,Feb,JetBlue,DFW,LAX,30.9,42.8,2024
8,Aug,Delta,ORD,DFW,22.2,25.8,2024
6,Jun,United,DFW,EWR,8.7,23.2,2024
6,Jun,American,DEN,EWR,4.8,20.7,2024
12,Dec,Delta,IAH,LGA,10.7,22.4,2024
9,Sep,Frontier,PHX,CLT,12.2,11.9,2024
8,Aug,United,SEA,MSP,29.3,36.7,2024
4,Apr,Spirit,BOS,ATL,21.8,28.2,2024
12,Dec,Spirit,ORD,DEN,25.8,16.3,2024
4,Apr,American,IAH,MCO,3.3,8.4,2024
9,Sep,American,SEA,ATL,24.5,19.7,2024
1,Jan,United,ATL,BOS,13.4,21.0,2024
2,Feb,American,DTW,CLT,33.4,45.5,2024
2,Feb,Southwest,MSP,DFW,39.7,37.9,2024
6,Jun,Frontier,BOS,SLC,18.4,21.8,2024
4,Apr,Southwest,ORD,EWR,12.9,11.9,2024
11,Nov,Delta,IAH,IAH,24.5,25.8,2024
10,Oct,American,MSP,LGA,14.3,10.8,2024
3,Mar,Frontier,CLT,MIA,27.8,15.8,2024
3,Mar,American,PHX,MCO,8.4,8.1,2024
3,Mar,United,ATL,MSP,48.4,36.3,2024
6,Jun,Southwest,JFK,LAS,19.7,39.5,2024
8,Aug,JetBlue,LAS,LGA,47.3,44.8,2024
11,Nov,Delta,PHX,LGA,26.7,29.8,2024
7,Jul,Alaska,CLT,DEN,11.2,6.2,2024
4,Apr,Southwest,LAS,SEA,15.0,17.5,2024
11,Nov,United,DTW,ORD,13.2,2.7,2024
12,Dec,Delta,MIA,JFK,19.9,25.5,2024
4,Apr,JetBlue,SFO,ORD,11.9,14.7,2024
11,Nov,Spirit,LAX,SEA,13.5,8.0,2024
10,Oct,Alaska,DTW,BOS,3.1,-1.1,2024
11,Nov,Delta,JFK,DFW,17.3,23.9,2024
11,Nov,Frontier,DEN,LAX,33.1,26.2,2024
11,Nov,Southwest,DEN,PHX,30.0,29.2,2024
2,Feb,JetBlue,SLC,CLT,15.1,9.4,2024
1,Jan,Alaska,SLC,MSP,15.0,27.6,2024
9,Sep,United,JFK,CLT,11.4,12.3,2024
12,Dec,Frontier,PHX,SLC,23.8,19.0,2024
12,Dec,Delta,DTW,IAH,74.5,73.8,2024
2,Feb,Southwest,LGA,MSP,35.1,48.3,2024
8,Aug,United,ORD,MCO,35.4,49.5,2024
9,Sep,JetBlue,ATL,MCO,11.9,17.5,2024
4,Apr,Frontier,PHX,ATL,24.4,24.5,2024
8,Aug,Delta,ORD,EWR,9.1,16.8,2024
9,Sep,American,DEN,SEA,22.2,22.1,2024
10,Oct,Southwest,SLC,JFK,24.3,24.5,2024
10,Oct,Southwest,PHX,ORD,26.3,24.8,2024
5,May,American,EWR,MCO,0.9,6.7,2024
7,Jul,United,ATL,EWR,35.3,43.6,2024
10,Oct,Southwest,JFK,LAX,21.8,21.3,2024
4,Apr,Frontier,LAS,LAX,30.1,21.7,2024
1,Jan,United,DEN,CLT,26.5,20.0,2024
3,Mar,JetBlue,DTW,PHX,25.6,17.5,2024
5,May,American,PHX,ATL,22.6,20.2,2024
3,Mar,United,LAX,MCO,21.6,27.9,2024
12,Dec,JetBlue,DEN,CLT,29.0,26.2,2024
11,Nov,Spirit,ATL,ATL,39.9,35.5,2024
7,Jul,Delta,PHX,EWR,7.9,10.2,2024
12,Dec,Southwest,LAS,IAH,21.0,20.6,2024
9,Sep,American,ORD,DEN,11.2,18.8,2024
12,Dec,Delta,CLT,DEN,7.3,266.3,2024
6,Jun,Spirit,DFW,PHX,16.8,25.8,2024
10,Oct,Delta,MSP,BOS,11.8,11.5,2024
1,Jan,Delta,JFK,PHX,95.6,111.2,2024
7,Jul,Frontier,MCO,LAX,31.2,24.3,2024
3,Mar,United,LGA,ATL,29.1,27.7,2024
5,May,Spirit,DEN,EWR,20.4,9.3,2024
10,Oct,Southwest,CLT,IAH,18.9,18.4,2024
4,Apr,American,SEA,SFO,12.1,9.4,2024
10,Oct,Alaska,DEN,DFW,28.5,29.9,2024
5,May,Frontier,MSP,PHX,23.7,16.5,2024
5,May,Alaska,ATL,PHX,78.7,83.3,2024
6,Jun,Southwest,ATL,MIA,17.0,30.1,2024
10,Oct,Frontier,SFO,ORD,5.5,16.1,2024
12,Dec,Southwest,DEN,DTW,12.8,20.3,2024
10,Oct,Southwest,DTW,MSP,18.6,22.5,2024
11,Nov,JetBlue,CLT,SLC,47.9,43.9,2024
6,Jun,Spirit,LGA,PHX,15.5,25.3,2024
8,Aug,JetBlue,IAH,CLT,14.8,11.5,2024
8,Aug,JetBlue,SFO,SEA,17.2,20.1,2024
11,Nov,JetBlue,IAH,LGA,29.1,28.1,2024
9,Sep,Southwest,SLC,JFK,17.5,13.5,2024
8,Aug,Southwest,MCO,SFO,7.8,19.5,2024
11,Nov,Alaska,SFO,DTW,36.3,25.9,2024
2,Feb,American,SEA,SEA,25.4,42.3,2024
12,Dec,Alaska,MSP,BOS,17.3,25.9,2024
10,Oct,Alaska,IAH,IAH,15.1,16.4,2024
12,Dec,American,MIA,DTW,13.1,29.3,2024
11,Nov,American,LAS,ATL,16.9,21.7,2024
1,Jan,Alaska,ATL,DFW,35.3,46.8,2024
10,Oct,Alaska,SEA,LGA,22.2,25.8,2024
2,Feb,Alaska,BOS,IAH,29.9,50.6,2024
2,Feb,Frontier,LAX,SLC,90.3,96.0,2024
12,Dec,American,CLT,DFW,5.8,28.1,2024
3,Mar,American,IAH,JFK,15.4,13.8,2024
10,Oct,JetBlue,LGA,SEA,6.5,15.1,2024
7,Jul,Frontier,CLT,CLT,32.3,23.9,2024
2,Feb,Southwest,MCO,MCO,1.3,16.9,2024
1,Jan,American,MCO,ATL,15.0,17.2,2024
6,Jun,Frontier,LAS,DEN,9.7,14.5,2024
9,Sep,United,ORD,EWR,20.6,18.9,2024
3,Mar,Spirit,MCO,JFK,11.8,11.5,2024
6,Jun,American,SLC,PHX,65.4,57.9,2024
3,Mar,Frontier,IAH,PHX,16.3,1.4,2024
1,Jan,American,MCO,DEN,28.6,39.7,2024
12,Dec,Frontier,SEA,SEA,38.6,41.0,2024
5,May,Southwest,ATL,ATL,44.1,41.6,2024
10,Oct,Frontier,CLT,DEN,10.5,7.5,2024
11,Nov,Alaska,SLC,ATL,44.9,68.9,2024
4,Apr,Frontier,PHX,SFO,36.6,39.8,2024
7,Jul,Frontier,BOS,CLT,16.6,11.9,2024
6,Jun,JetBlue,JFK,DTW,19.9,25.3,2024
10,Oct,Delta,MSP,LAS,23.4,90.6,2024
7,Jul,Alaska,DFW,SEA,15.5,18.4,2024
5,May,Alaska,MSP,SEA,12.9,9.3,2024
4,Apr,Southwest,LGA,ORD,8.6,4.6,2024
7,Jul,JetBlue,ATL,MCO,22.6,26.0,2024
7,Jul,United,DEN,DFW,17.1,27.9,2024
6,Jun,Spirit,LGA,LGA,35.8,38.1,2024
8,Aug,Spirit,IAH,JFK,18.0,26.3,2024
4,Apr,Frontier,SFO,LAX,17.0,14.9,2024
10,Oct,Delta,EWR,LAS,11.3,3.8,2024
5,May,Spirit,SEA,DTW,20.3,16.2,2024
4,Apr,JetBlue,BOS,ATL,25.7,28.7,2024
12,Dec,Alaska,DTW,LGA,8.1,25.0,2024
1,Jan,JetBlue,SLC,MIA,47.4,49.4,2024
12,Dec,Southwest,MIA,JFK,29.6,34.7,2024
8,Aug,JetBlue,BOS,ATL,31.9,23.3,2024
1,Jan,American,MSP,SLC,11.2,21.0,2024
5,May,JetBlue,SEA,EWR,15.6,18.7,2024
6,Jun,Delta,ATL,IAH,5.9,9.5,2024
6,Jun,JetBlue,LAS,MIA,21.2,31.1,2024
5,May,United,LAX,LAS,17.1,3.3,2024
3,Mar,Frontier,DTW,JFK,17.9,12.9,2024
5,May,Spirit,MSP,LAX,66.2,49.5,2024
12,Dec,American,EWR,SEA,22.2,29.8,2024
8,Aug,Delta,LAX,EWR,19.8,24.9,2024
2,Feb,Delta,DFW,SEA,13.9,30.5,2024
6,Jun,Alaska,BOS,SEA,34.3,30.7,2024
9,Sep,Southwest,EWR,DTW,34.7,51.7,2024
8,Aug,Spirit,PHX,ATL,67.0,68.3,2024
11,Nov,Southwest,ORD,SFO,39.6,47.7,2024
8,Aug,American,DFW,LAX,39.4,47.8,2024
8,Aug,Delta,JFK,CLT,16.2,18.0,2024
7,Jul,Alaska,DEN,IAH,19.1,25.1,2024
8,Aug,United,IAH,DFW,28.7,44.9,2024
6,Jun,JetBlue,ORD,IAH,37.9,38.6,2024
2,Feb,JetBlue,PHX,DEN,39.8,39.5,2024
2,Feb,JetBlue,MIA,EWR,33.0,38.0,2024
8,Aug,Southwest,SLC,MSP,5.1,10.4,2024
11,Nov,Delta,DTW,LAS,25.6,31.6,2024
1,Jan,Frontier,MIA,DEN,21.5,26.0,2024
6,Jun,Delta,DFW,SEA,24.1,25.0,2024
6,Jun,United,JFK,IAH,6.2,14.3,2024
11,Nov,Southwest,LGA,ORD,45.8,42.2,2024
4,Apr,United,SLC,JFK,16.9,4.2,2024
12,Dec,Delta,MSP,MIA,19.1,31.0,2024
11,Nov,JetBlue,PHX,DTW,36.6,35.0,2024
11,Nov,Spirit,MIA,SLC,22.5,24.8,2024
10,Oct,Frontier,JFK,SFO,24.3,13.2,2024
3,Mar,Southwest,LAX,PHX,28.1,38.4,2024
11,Nov,Southwest,ATL,CLT,18.3,14.2,2024
3,Mar,Southwest,MIA,JFK,9.2,8.7,2024
1,Jan,Alaska,EWR,MCO,9.1,15.4,2024
3,Mar,Frontier,ORD,JFK,24.6,13.2,2024
4,Apr,Alaska,DEN,EWR,27.7,21.7,2024
11,Nov,JetBlue,CLT,LAS,36.4,37.8,2024
11,Nov,Alaska,CLT,SLC,22.6,32.7,2024
5,May,Southwest,DFW,IAH,38.6,45.0,2024
3,Mar,Alaska,DFW,DEN,20.3,21.4,2024
6,Jun,Frontier,SEA,EWR,21.4,26.2,2024
11,Nov,Alaska,SFO,SFO,13.3,17.4,2024
12,Dec,American,LGA,SLC,21.6,38.6,2024
5,May,Southwest,CLT,DEN,45.0,39.6,2024
3,Mar,Alaska,DEN,MCO,14.5,20.7,2024
6,Jun,Frontier,MSP,MIA,15.0,21.8,2024
6,Jun,JetBlue,DFW,IAH,25.6,22.2,2024
8,Aug,Alaska,LGA,SFO,3.4,12.9,2024
2,Feb,Alaska,LGA,IAH,-2.4,4.6,2024
1,Jan,Spirit,DTW,ORD,15.7,22.3,2024
4,Apr,Southwest,DTW,DEN,22.3,13.2,2024
7,Jul,Alaska,LGA,MSP,19.6,28.2,2024
11,Nov,American,SEA,EWR,14.1,18.2,2024
10,Oct,American,LAX,BOS,22.9,35.5,2024
3,Mar,Spirit,MSP,SFO,19.9,14.2,2024
3,Mar,Frontier,EWR,MSP,20.0,20.0,2024
5,May,Frontier,EWR,ATL,41.2,31.9,2024
5,May,Alaska,JFK,CLT,7.4,6.7,2024
10,Oct,Southwest,DFW,BOS,7.7,10.6,2024
3,Mar,Frontier,ORD,LGA,47.0,44.8,2024
9,Sep,Delta,JFK,MCO,3.9,9.8,2024
4,Apr,Frontier,DFW,DEN,16.3,13.1,2024
3,Mar,Delta,IAH,LGA,25.2,30.6,2024
11,Nov,United,JFK,CLT,14.8,10.1,2024
2,Feb,American,DEN,MCO,10.9,20.9,2024
10,Oct,Delta,LAS,SLC,36.8,24.0,2024
11,Nov,United,MIA,ATL,13.2,9.1,2024
9,Sep,Delta,JFK,DFW,11.7,21.1,2024
4,Apr,Southwest,EWR,ORD,34.4,19.0,2024
3,Mar,Alaska,SLC,SEA,17.2,24.3,2024
7,Jul,American,MIA,LAS,22.8,31.6,2024
8,Aug,Delta,CLT,BOS,20.4,29.2,2024
11,Nov,Southwest,LAS,DEN,28.4,31.1,2024
2,Feb,United,SLC,LAS,31.0,187.1,2024
7,Jul,Southwest,SLC,ATL,12.9,16.1,2024
12,Dec,United,LAS,MIA,26.7,34.7,2024
5,May,Delta,DFW,SFO,7.8,17.4,2024
11,Nov,Alaska,PHX,MCO,21.6,15.6,2024
5,May,JetBlue,LAS,DTW,59.3,51.9,2024
3,Mar,Alaska,SLC,ORD,10.7,20.7,2024
5,May,Southwest,CLT,MIA,21.5,24.2,2024
12,Dec,Frontier,SLC,LGA,68.7,68.5,2024
2,Feb,JetBlue,LAX,IAH,36.5,47.8,2024
4,Apr,American,PHX,SLC,21.1,1.6,2024
6,Jun,JetBlue,SLC,IAH,18.2,15.8,2024
1,Jan,Frontier,LGA,JFK,31.1,47.8,2024
10,Oct,Alaska,MCO,CLT,20.7,10.9,2024
4,Apr,American,LAX,SFO,27.8,23.1,2024
6,Jun,Frontier,SLC,DEN,18.1,18.6,2024
9,Sep,Spirit,LGA,DEN,16.6,43.8,2024
11,Nov,Delta,IAH,SFO,32.9,21.8,2024
11,Nov,Frontier,LGA,BOS,32.1,22.7,2024
2,Feb,Delta,LAX,SEA,11.7,28.5,2024
11,Nov,Southwest,SLC,IAH,16.1,23.7,2024
7,Jul,Frontier,ATL,IAH,14.9,20.3,2024
6,Jun,JetBlue,MIA,LGA,48.4,97.5,2024
2,Feb,Frontier,PHX,MIA,34.0,36.8,2024
8,Aug,American,DEN,CLT,16.9,17.4,2024
7,Jul,American,EWR,MCO,13.6,20.1,2024
11,Nov,JetBlue,DEN,JFK,18.3,20.9,2024
5,May,Alaska,BOS,BOS,10.3,24.1,2024
12,Dec,Spirit,DFW,SFO,33.3,44.7,2024
5,May,Frontier,JFK,SEA,24.8,12.1,2024
7,Jul,Delta,SLC,DFW,12.5,17.5,2024
9,Sep,Alaska,LAS,ORD,27.8,22.4,2024
11,Nov,Delta,BOS,ORD,0.2,2.7,2024
9,Sep,American,CLT,PHX,17.2,19.9,2024
9,Sep,Southwest,EWR,CLT,45.2,42.9,2024
6,Jun,Spirit,MSP,MSP,33.5,28.0,2024
10,Oct,Delta,SFO,SLC,34.2,32.4,2024
6,Jun,Frontier,MCO,SEA,15.7,22.0,2024
3,Mar,United,DFW,IAH,14.6,19.7,2024
1,Jan,American,MIA,DEN,4.1,27.1,2024
7,Jul,JetBlue,SEA,SFO,24.7,33.2,2024
4,Apr,Frontier,JFK,DEN,30.2,12.8,2024
1,Jan,JetBlue,PHX,SLC,39.5,41.7,2024
8,Aug,Alaska,SFO,LGA,38.0,41.1,2024
12,Dec,Alaska,SFO,SLC,3.9,20.1,2024
6,Jun,American,DFW,DFW,37.9,32.6,2024
6,Jun,Alaska,ORD,SFO,25.4,24.8,2024
2,Feb,Alaska,SFO,JFK,21.9,34.3,2024
1,Jan,American,DFW,DTW,15.8,27.2,2024
2,Feb,Delta,MSP,SLC,29.5,29.2,2024
4,Apr,American,MCO,MCO,18.0,16.7,2024
2,Feb,American,LGA,MIA,33.2,45.5,2024
1,Jan,Frontier,SFO,SFO,31.4,35.3,2024
7,Jul,Alaska,LGA,ORD,8.1,21.7,2024
11,Nov,United,DFW,MCO,11.2,-0.9,2024
11,Nov,JetBlue,MIA,LGA,22.6,16.9,2024
12,Dec,Alaska,ORD,MIA,19.7,40.5,2024
8,Aug,Delta,MIA,CLT,28.6,38.3,2024
6,Jun,Southwest,ORD,SFO,15.1,24.2,2024
4,Apr,Delta,BOS,CLT,6.1,14.4,2024
6,Jun,JetBlue,ATL,LGA,13.6,16.8,2024
3,Mar,Southwest,DFW,MIA,22.1,24.0,2024
12,Dec,American,DTW,BOS,28.4,41.9,2024
8,Aug,Frontier,ATL,MSP,40.8,36.7,2024
10,Oct,United,DTW,MIA,20.0,7.9,2024
2,Feb,United,MSP,MIA,21.9,21.8,2024
5,May,Frontier,MSP,LAS,28.3,33.1,2024
1,Jan,JetBlue,CLT,MIA,14.7,26.2,2024
6,Jun,Frontier,LGA,DFW,25.9,23.7,2024
2,Feb,Alaska,BOS,LAX,9.6,16.0,2024
4,Apr,Frontier,DTW,DFW,32.9,24.8,2024
6,Jun,JetBlue,BOS,DTW,22.9,16.9,2024
10,Oct,United,IAH,DEN,26.9,28.6,2024
11,Nov,Spirit,DFW,LGA,21.0,20.7,2024
8,Aug,Frontier,DTW,BOS,34.4,28.7,2024
12,Dec,Southwest,SLC,JFK,16.5,22.2,2024
8,Aug,Frontier,MSP,BOS,27.9,23.7,2024
11,Nov,Southwest,IAH,CLT,13.3,-0.9,2024
6,Jun,Alaska,MIA,SLC,5.7,15.4,2024
4,Apr,Delta,JFK,PHX,28.3,28.9,2024
8,Aug,American,LAS,LAX,16.0,33.7,2024
8,Aug,Frontier,BOS,BOS,42.4,44.8,2024
10,Oct,Alaska,SLC,BOS,37.5,29.9,2024
1,Jan,Southwest,DTW,SFO,18.3,36.2,2024
4,Apr,American,CLT,ATL,18.6,11.9,2024
4,Apr,Frontier,MIA,IAH,28.6,21.0,2024
7,Jul,JetBlue,JFK,ORD,44.0,47.7,2024
11,Nov,Southwest,DTW,MCO,10.9,16.8,2024
7,Jul,Southwest,ORD,DEN,28.9,40.1,2024
11,Nov,Southwest,SLC,MCO,15.9,12.0,2024
8,Aug,Delta,MCO,CLT,33.2,43.8,2024
11,Nov,Alaska,MIA,PHX,32.3,32.7,2024
5,May,JetBlue,LGA,SLC,36.0,18.3,2024
7,Jul,United,LGA,ATL,16.3,11.0,2024
8,Aug,Delta,ORD,SFO,9.0,16.6,2024
9,Sep,Delta,DTW,IAH,12.9,5.9,2024
3,Mar,Southwest,SFO,LAX,15.1,16.4,2024
3,Mar,Delta,SLC,SLC,12.9,12.1,2024
4,Apr,Alaska,ORD,PHX,3.2,8.8,2024
5,May,Alaska,LAX,CLT,11.3,11.3,2024
10,Oct,Alaska,LGA,PHX,15.6,9.4,2024
1,Jan,United,LAS,PHX,23.8,194.4,2024
7,Jul,Delta,JFK,BOS,11.2,19.8,2024
9,Sep,Frontier,LAS,SEA,19.7,15.7,2024
8,Aug,Spirit,DEN,DTW,46.4,47.3,2024
5,May,Alaska,LAX,LAX,18.1,20.2,2024
4,Apr,Delta,CLT,LGA,32.5,37.8,2024
12,Dec,Southwest,LAS,JFK,44.5,54.3,2024
7,Jul,JetBlue,SLC,SEA,24.7,23.2,2024
5,May,Alaska,PHX,ATL,11.7,10.9,2024
7,Jul,United,DFW,ORD,13.6,19.7,2024
12,Dec,Southwest,PHX,CLT,20.6,20.8,2024
1,Jan,Delta,SEA,LGA,26.3,44.3,2024
1,Jan,Alaska,MSP,SFO,13.7,29.6,2024
10,Oct,United,SFO,DTW,29.9,39.1,2024
3,Mar,Spirit,SFO,ORD,29.9,21.7,2024
11,Nov,American,DFW,IAH,43.1,43.4,2024
2,Feb,Alaska,CLT,DEN,19.8,26.5,2024
2,Feb,Spirit,BOS,MCO,14.5,14.3,2024
7,Jul,Spirit,EWR,CLT,16.1,12.8,2024
12,Dec,Alaska,JFK,JFK,17.5,17.9,2024
10,Oct,Delta,LAS,ORD,10.9,16.8,2024
2,Feb,JetBlue,ORD,IAH,50.2,46.5,2024
11,Nov,Delta,SEA,MCO,23.5,30.2,2024
4,Apr,Frontier,SFO,ORD,28.7,25.1,2024
2,Feb,JetBlue,DFW,SEA,28.5,35.7,2024
6,Jun,Frontier,MSP,SLC,19.0,33.4,2024
8,Aug,Frontier,SLC,IAH,13.6,28.6,2024
10,Oct,American,SFO,CLT,31.1,34.2,2024
4,Apr,Southwest,PHX,DTW,25.2,28.7,2024
5,May,Southwest,BOS,EWR,6.1,0.3,2024
4,Apr,Frontier,ORD,ORD,20.6,26.2,2024
3,Mar,Frontier,BOS,CLT,7.6,11.9,2024
5,May,Spirit,SLC,SLC,14.8,15.4,2024
9,Sep,Alaska,CLT,SEA,12.5,11.1,2024
8,Aug,Southwest,SEA,LAX,8.7,17.6,2024
8,Aug,United,BOS,LGA,49.3,41.9,2024
8,Aug,JetBlue,MCO,BOS,19.5,24.2,2024
12,Dec,Delta,JFK,SLC,27.5,27.0,2024
8,Aug,United,PHX,MIA,43.1,41.6,2024
7,Jul,United,LAX,IAH,16.3,17.6,2024
8,Aug,Delta,MSP,MSP,19.8,23.1,2024
11,Nov,American,SFO,DTW,1.9,7.7,2024
8,Aug,Spirit,SEA,BOS,16.0,14.7,2024
8,Aug,Southwest,EWR,CLT,43.4,49.2,2024
12,Dec,American,MIA,SEA,31.3,38.6,2024
10,Oct,American,DFW,LAX,7.6,16.5,2024
7,Jul,Southwest,LGA,SEA,18.7,20.2,2024
12,Dec,Frontier,EWR,DEN,18.5,166.9,2024
1,Jan,American,SLC,LAX,21.5,21.5,2024
4,Apr,United,MIA,PHX,21.8,18.6,2024
4,Apr,Frontier,SFO,PHX,30.1,25.5,2024
5,May,Alaska,MSP,DFW,16.9,11.2,2024
10,Oct,Delta,SLC,DFW,11.5,12.7,2024
6,Jun,Frontier,LGA,SEA,27.1,24.8,2024
4,Apr,Alaska,MSP,JFK,12.7,15.9,2024
2,Feb,Frontier,BOS,CLT,27.6,31.4,2024
6,Jun,Frontier,SFO,IAH,34.2,35.3,2024
8,Aug,Frontier,ATL,SEA,33.8,33.0,2024
8,Aug,Frontier,ATL,MCO,18.2,26.2,2024
7,Jul,United,MCO,SFO,25.0,17.9,2024
6,Jun,Alaska,DTW,MCO,21.1,15.7,2024
2,Feb,United,CLT,LGA,27.1,30.2,2024
7,Jul,JetBlue,MIA,SLC,21.1,18.8,2024
11,Nov,Southwest,LAS,LAX,13.5,15.1,2024
12,Dec,Southwest,LGA,BOS,22.8,18.5,2024
5,May,Alaska,DFW,SLC,12.7,20.5,2024
6,Jun,United,MCO,DEN,26.2,23.1,2024
10,Oct,Southwest,SLC,BOS,17.7,12.5,2024
8,Aug,Frontier,SFO,LGA,33.8,39.6,2024
8,Aug,JetBlue,ATL,DEN,13.9,26.2,2024
3,Mar,Frontier,LAS,LAX,47.6,44.7,2024
12,Dec,Alaska,MSP,DFW,20.7,44.8,2024
12,Dec,Delta,LAX,JFK,-0.3,18.4,2024
7,Jul,American,LAX,LAS,13.8,22.4,2024
1,Jan,Spirit,CLT,PHX,36.0,32.5,2024
1,Jan,Southwest,LGA,MIA,3.9,18.6,2024
7,Jul,United,MSP,LAX,27.2,24.6,2024
10,Oct,Southwest,SFO,LAS,15.4,4.1,2024
9,Sep,United,LAS,MCO,20.2,16.0,2024
7,Jul,Alaska,BOS,LGA,17.4,15.0,2024
10,Oct,Alaska,ORD,LAS,0.5,8.1,2024
5,May,American,CLT,SEA,22.1,26.4,2024
8,Aug,Frontier,SFO,DEN,2.0,13.9,2024
2,Feb,Southwest,ATL,DEN,7.8,23.3,2024
9,Sep,American,DTW,JFK,22.8,21.5,2024
6,Jun,United,SLC,EWR,21.9,25.8,2024
9,Sep,JetBlue,EWR,ATL,18.6,14.1,2024
2,Feb,JetBlue,PHX,LAS,27.2,31.9,2024
3,Mar,Spirit,ATL,SFO,35.0,27.1,2024
12,Dec,Delta,DEN,MIA,6.2,19.7,2024
8,Aug,United,ORD,CLT,31.4,40.5,2024
1,Jan,United,LGA,DEN,34.9,31.3,2024
10,Oct,Frontier,IAH,SLC,23.2,10.8,2024
7,Jul,United,SLC,JFK,27.2,25.7,2024
7,Jul,Alaska,IAH,DTW,8.0,19.9,2024
1,Jan,Alaska,EWR,MCO,28.9,39.0,2024
9,Sep,JetBlue,LAX,DTW,23.7,21.6,2024
8,Aug,JetBlue,CLT,MIA,14.3,6.6,2024
4,Apr,Spirit,MSP,DFW,25.7,28.2,2024
10,Oct,Spirit,MSP,PHX,31.7,27.3,2024
11,Nov,JetBlue,EWR,LAX,10.4,3.8,2024
5,May,Southwest,SEA,DFW,14.2,20.5,2024
2,Feb,Southwest,MIA,MCO,27.6,42.1,2024
9,Sep,JetBlue,SEA,PHX,52.7,59.9,2024
12,Dec,American,PHX,ATL,16.3,30.1,2024
12,Dec,Southwest,ATL,DTW,6.3,12.8,2024
6,Jun,Alaska,BOS,IAH,14.4,17.8,2024
3,Mar,Southwest,LAS,BOS,19.5,20.4,2024
12,Dec,Southwest,DEN,SLC,24.7,27.0,2024
7,Jul,Southwest,LAS,BOS,13.4,13.9,2024
9,Sep,Spirit,EWR,DEN,23.9,12.7,2024
3,Mar,Spirit,IAH,DFW,20.2,17.1,2024
2,Feb,Delta,SEA,MSP,27.9,44.1,2024
7,Jul,Southwest,MIA,IAH,27.6,28.1,2024
7,Jul,American,MCO,BOS,30.2,98.8,2024
4,Apr,Spirit,SLC,EWR,18.5,132.1,2024
11,Nov,Delta,DFW,JFK,8.4,9.4,2024
9,Sep,Alaska,MCO,SFO,13.6,21.9,2024
8,Aug,Alaska,PHX,LAS,3.9,20.6,2024
1,Jan,Southwest,MSP,PHX,4.9,4.4,2024
1,Jan,United,MCO,DEN,7.8,20.1,2024
5,May,Delta,DTW,DFW,0.7,8.4,2024
6,Jun,Spirit,LAX,MIA,13.3,28.2,2024
3,Mar,Alaska,DFW,SLC,18.6,81.5,2024
9,Sep,Southwest,SFO,SFO,11.1,14.8,2024
12,Dec,Frontier,SLC,MSP,17.5,24.2,2024
10,Oct,American,LGA,MSP,8.6,7.6,2024
6,Jun,Frontier,EWR,IAH,23.9,25.1,2024
4,Apr,JetBlue,MSP,LAS,12.8,19.2,2024
12,Dec,Alaska,IAH,MSP,34.2,35.1,2024
7,Jul,Southwest,BOS,MSP,17.1,19.1,2024
8,Aug,United,ATL,DEN,10.5,10.7,2024
9,Sep,American,CLT,BOS,29.8,27.2,2024
11,Nov,Alaska,ORD,ATL,4.0,13.2,2024
6,Jun,Delta,JFK,IAH,20.1,19.1,2024
6,Jun,American,DTW,LGA,43.1,49.5,2024
8,Aug,Southwest,JFK,PHX,25.4,40.1,2024
12,Dec,Spirit,ATL,LAS,40.2,41.9,2024
5,May,Alaska,MCO,MCO,16.0,19.3,2024
3,Mar,Alaska,JFK,SEA,16.5,24.4,2024
12,Dec,United,SEA,CLT,18.6,27.4,2024
3,Mar,Alaska,CLT,MSP,20.2,19.2,2024
6,Jun,Spirit,DTW,LGA,24.2,33.6,2024
2,Feb,American,EWR,LAS,20.6,30.9,2024
6,Jun,Alaska,MCO,MIA,13.2,22.9,2024
6,Jun,Frontier,EWR,DFW,42.5,55.2,2024
8,Aug,American,SLC,SFO,48.6,56.7,2024
7,Jul,JetBlue,ATL,MCO,28.6,26.4,2024
8,Aug,Spirit,DFW,ORD,40.4,51.6,2024
9,Sep,JetBlue,PHX,PHX,16.8,14.3,2024
6,Jun,Southwest,MCO,ORD,32.3,37.8,2024
3,Mar,Delta,IAH,ATL,49.5,46.2,2024
10,Oct,Delta,LAX,DTW,13.1,7.9,2024
3,Mar,Frontier,DFW,MSP,33.6,33.7,2024
11,Nov,United,CLT,DEN,7.1,7.8,2024
12,Dec,Spirit,DFW,SEA,25.1,29.0,2024
1,Jan,Southwest,EWR,BOS,6.9,20.5,2024
11,Nov,Delta,CLT,JFK,12.0,13.8,2024
5,May,Alaska,IAH,LAX,53.9,65.9,2024
4,Apr,American,SFO,DFW,31.2,28.7,2024
9,Sep,Southwest,CLT,DEN,25.3,8.3,2024
9,Sep,American,MIA,MIA,5.1,13.3,2024
5,May,United,SLC,MSP,28.5,21.0,2024
10,Oct,Spirit,SEA,SEA,39.9,44.8,2024
4,Apr,Alaska,ATL,DEN,19.6,14.8,2024
7,Jul,Southwest,ORD,JFK,25.0,30.5,2024
6,Jun,Alaska,DEN,CLT,20.6,27.1,2024
4,Apr,Frontier,IAH,EWR,35.9,20.3,2024
10,Oct,Alaska,BOS,MIA,11.1,14.6,2024
2,Feb,Spirit,BOS,SFO,36.7,54.4,2024
1,Jan,Alaska,SLC,JFK,25.3,26.4,2024
4,Apr,United,LAS,BOS,15.0,11.4,2024
4,Apr,Spirit,MIA,DFW,11.4,166.1,2024
1,Jan,JetBlue,LGA,DTW,27.7,35.8,2024
6,Jun,United,EWR,MIA,25.2,26.9,2024
4,Apr,Frontier,DFW,BOS,29.8,24.3,2024
1,Jan,Alaska,PHX,LAX,29.8,230.2,2024
1,Jan,JetBlue,CLT,MIA,20.3,22.6,2024
1,Jan,Southwest,SLC,MSP,21.0,38.7,2024
8,Aug,American,ORD,MIA,29.5,35.7,2024
10,Oct,American,DEN,LAS,18.6,15.5,2024
8,Aug,American,MIA,EWR,62.8,68.5,2024
2,Feb,Frontier,DEN,DEN,15.0,31.6,2024
11,Nov,United,SFO,BOS,42.9,42.4,2024
7,Jul,Southwest,JFK,ORD,15.8,32.2,2024
8,Aug,Southwest,MSP,EWR,21.0,16.6,2024
8,Aug,JetBlue,LAX,SLC,6.9,12.8,2024
11,Nov,Southwest,SLC,LGA,35.2,37.7,2024
10,Oct,American,MIA,MIA,22.4,12.9,2024
11,Nov,Southwest,MCO,SLC,44.0,34.0,2024
7,Jul,JetBlue,DEN,IAH,19.8,25.1,2024
5,May,Southwest,LAS,LAS,1.1,3.0,2024
1,Jan,Southwest,JFK,MSP,27.7,27.8,2024
12,Dec,American,LGA,JFK,14.3,14.8,2024
9,Sep,Southwest,SLC,ORD,23.4,27.3,2024
7,Jul,United,SEA,BOS,15.5,23.2,2024
2,Feb,Spirit,SFO,LAS,32.7,43.3,2024
6,Jun,JetBlue,DEN,LAS,42.2,40.7,2024
2,Feb,JetBlue,CLT,CLT,71.5,75.5,2024
1,Jan,JetBlue,PHX,ATL,45.4,49.1,2024
7,Jul,Southwest,EWR,IAH,15.4,10.8,2024
2,Feb,United,LAS,CLT,14.0,17.1,2024
2,Feb,Spirit,SFO,SEA,29.7,24.0,2024
11,Nov,Alaska,MIA,MIA,11.7,14.4,2024
5,May,Alaska,LAS,LGA,19.7,34.2,2024
5,May,JetBlue,LGA,DTW,19.8,16.2,2024
7,Jul,Delta,LAS,SLC,8.1,21.1,2024
1,Jan,Alaska,ORD,DEN,2.7,26.0,2024
8,Aug,Alaska,SEA,LAX,12.4,13.8,2024
3,Mar,American,SLC,CLT,21.8,21.1,2024
4,Apr,Delta,MCO,SLC,48.2,36.0,2024
9,Sep,Delta,EWR,EWR,12.9,4.5,2024
4,Apr,Frontier,SFO,MSP,24.0,24.8,2024
10,Oct,JetBlue,SFO,SFO,37.9,37.0,2024
12,Dec,Spirit,MCO,LGA,32.7,21.4,2024
5,May,Frontier,MSP,SLC,29.7,26.1,2024
7,Jul,Spirit,ORD,SFO,25.8,22.2,2024
4,Apr,Delta,BOS,BOS,6.9,7.5,2024
1,Jan,Delta,SEA,MSP,16.9,20.9,2024
9,Sep,Alaska,MSP,MSP,6.9,12.5,2024
4,Apr,United,MCO,DTW,41.3,42.4,2024
9,Sep,American,EWR,CLT,16.2,20.3,2024
6,Jun,Southwest,SFO,LAX,4.0,14.4,2024
1,Jan,JetBlue,DFW,JFK,16.8,25.4,2024
12,Dec,Alaska,BOS,LAS,14.7,35.3,2024
3,Mar,Alaska,LGA,CLT,20.8,0.5,2024
11,Nov,JetBlue,ATL,MCO,27.9,26.2,2024
2,Feb,Delta,LGA,EWR,37.9,44.8,2024
9,Sep,Southwest,LAX,LAX,38.9,22.5,2024
12,Dec,Alaska,JFK,ORD,11.5,14.7,2024
1,Jan,Southwest,BOS,MCO,22.8,39.6,2024
9,Sep,Southwest,MIA,SEA,22.5,21.0,2024
9,Sep,JetBlue,MIA,SEA,28.5,15.2,2024
8,Aug,Frontier,IAH,SFO,21.7,31.5,2024
8,Aug,JetBlue,SEA,MIA,50.5,46.2,2024
11,Nov,Spirit,SFO,MSP,38.0,28.9,2024
12,Dec,Frontier,DTW,SEA,7.5,25.2,2024
1,Jan,Alaska,EWR,LAS,12.0,30.0,2024
11,Nov,Alaska,BOS,EWR,5.0,9.2,2024
8,Aug,Spirit,LAS,DEN,44.3,38.1,2024
10,Oct,Spirit,MCO,DTW,19.7,26.9,2024
3,Mar,Frontier,EWR,ATL,31.3,25.8,2024
11,Nov,Alaska,SLC,SLC,13.2,4.6,2024
7,Jul,United,EWR,LGA,15.4,15.1,2024
11,Nov,JetBlue,LAS,DTW,19.7,21.7,2024
1,Jan,JetBlue,MSP,MSP,14.5,109.2,2024
1,Jan,United,DEN,SEA,5.2,17.7,2024
10,Oct,JetBlue,SLC,ORD,39.0,27.8,2024
5,May,Delta,PHX,ATL,43.0,32.6,2024
5,May,Delta,SFO,SLC,-5.4,9.8,2024
8,Aug,Spirit,LAS,CLT,49.0,42.1,2024
7,Jul,United,DTW,SEA,23.4,30.2,2024
8,Aug,Alaska,CLT,LAS,15.6,8.8,2024
6,Jun,United,MSP,MSP,35.5,36.8,2024
6,Jun,Delta,PHX,BOS,52.1,49.1,2024
2,Feb,Southwest,DTW,LAS,14.5,21.3,2024
6,Jun,Frontier,BOS,MCO,7.3,15.9,2024
5,May,JetBlue,SLC,MIA,31.0,25.6,2024
3,Mar,American,JFK,DEN,11.3,3.9,2024
6,Jun,American,BOS,SLC,12.6,23.9,2024
8,Aug,United,MSP,IAH,12.6,13.1,2024
9,Sep,Frontier,SEA,MIA,5.4,6.6,2024
1,Jan,American,EWR,MIA,36.2,37.6,2024
3,Mar,Frontier,LAX,JFK,56.2,52.8,2024
3,Mar,Southwest,SFO,ATL,24.0,20.7,2024
11,Nov,American,BOS,LAS,21.3,11.6,2024
8,Aug,Delta,SFO,SFO,3.3,11.1,2024
1,Jan,United,SLC,JFK,24.7,35.2,2024
5,May,Alaska,DTW,PHX,26.9,29.1,2024
3,Mar,American,LAS,DEN,11.0,13.2,2024
2,Feb,JetBlue,IAH,ATL,40.2,34.1,2024
8,Aug,Spirit,MIA,CLT,16.2,25.2,2024
3,Mar,Spirit,EWR,DEN,35.4,28.0,2024
7,Jul,Frontier,SLC,MCO,33.6,36.5,2024
12,Dec,Frontier,MIA,JFK,21.6,96.3,2024
11,Nov,United,IAH,DEN,22.9,14.2,2024
1,Jan,Frontier,MIA,LGA,41.5,41.1,2024
6,Jun,Southwest,DFW,IAH,17.0,17.8,2024
3,Mar,Delta,IAH,DFW,20.1,23.3,2024
8,Aug,Spirit,SLC,LAX,27.5,26.8,2024
6,Jun,American,MSP,SEA,20.7,25.2,2024
12,Dec,Delta,DFW,DEN,14.9,18.3,2024
2,Feb,Frontier,PHX,DFW,27.6,22.8,2024
6,Jun,Southwest,DEN,DTW,8.2,13.7,2024
7,Jul,Spirit,ORD,DFW,62.0,61.1,2024
5,May,Alaska,EWR,SEA,28.1,17.6,2024
3,Mar,American,SEA,ORD,41.3,35.5,2024
4,Apr,Alaska,SFO,DTW,28.2,25.6,2024
4,Apr,Frontier,SLC,IAH,23.7,21.0,2024
6,Jun,Alaska,DTW,BOS,9.9,23.7,2024
10,Oct,United,CLT,CLT,34.2,25.4,2024
1,Jan,Alaska,LGA,MCO,15.4,17.0,2024
11,Nov,United,ATL,MCO,46.7,52.3,2024
4,Apr,Alaska,JFK,LAS,5.7,12.6,2024
10,Oct,Spirit,CLT,LAX,34.1,16.2,2024
4,Apr,JetBlue,BOS,ATL,24.8,12.6,2024
10,Oct,Southwest,MCO,CLT,49.3,43.5,2024
1,Jan,American,LAX,CLT,19.4,21.6,2024
9,Sep,Delta,DEN,SEA,29.0,24.2,2024
4,Apr,Spirit,LAS,ORD,14.2,20.2,2024
7,Jul,Delta,MCO,LAX,4.4,21.7,2024
12,Dec,American,DTW,DFW,23.8,41.2,2024
3,Mar,Southwest,IAH,IAH,20.8,29.9,2024
10,Oct,Southwest,SEA,BOS,31.8,40.3,2024
12,Dec,Alaska,LAX,IAH,34.6,45.9,2024
3,Mar,Delta,LAS,PHX,6.2,-0.3,2024
8,Aug,American,SFO,SEA,20.2,34.8,2024
8,Aug,Alaska,IAH,IAH,27.5,27.9,2024
11,Nov,American,EWR,LGA,23.9,26.7,2024
12,Dec,Frontier,DEN,SLC,22.2,28.7,2024
1,Jan,Frontier,CLT,JFK,28.4,31.5,2024
10,Oct,Delta,DEN,DTW,10.5,-2.4,2024
2,Feb,American,MIA,DEN,18.0,29.2,2024
8,Aug,American,DTW,SEA,26.6,25.4,2024
1,Jan,Alaska,SLC,SEA,51.5,54.3,2024
12,Dec,Frontier,ORD,IAH,52.4,63.2,2024
8,Aug,United,PHX,LAS,12.7,12.0,2024
8,Aug,United,JFK,DTW,24.4,29.8,2024
2,Feb,JetBlue,ORD,DTW,4.0,7.3,2024
4,Apr,Alaska,LAX,MCO,21.8,20.1,2024
6,Jun,JetBlue,MSP,DTW,16.0,28.4,2024
12,Dec,Southwest,IAH,LGA,6.3,14.9,2024
11,Nov,United,LAX,LAX,29.2,25.3,2024
9,Sep,United,CLT,DTW,45.2,44.9,2024
8,Aug,United,DEN,BOS,19.1,16.6,2024
12,Dec,United,CLT,EWR,25.9,35.3,2024
8,Aug,Southwest,LGA,JFK,11.3,10.4,2024
7,Jul,Delta,LAX,IAH,31.0,37.0,2024
9,Sep,Southwest,IAH,SFO,21.4,5.2,2024
2,Feb,Delta,CLT,LAX,4.1,20.2,2024
3,Mar,JetBlue,MCO,MSP,16.9,20.3,2024
10,Oct,United,ORD,SEA,10.1,21.0,2024
8,Aug,Alaska,DEN,BOS,5.3,19.0,2024
6,Jun,Alaska,MIA,ATL,31.9,37.4,2024
10,Oct,Delta,LAS,LAS,42.2,43.9,2024
9,Sep,Spirit,DEN,SEA,33.3,38.2,2024
10,Oct,Spirit,ATL,LAS,40.2,35.6,2024
4,Apr,Spirit,DTW,DEN,49.5,41.5,2024
8,Aug,Southwest,DEN,MSP,16.6,31.5,2024
10,Oct,Delta,SEA,DTW,1.6,19.3,2024
3,Mar,American,DTW,DFW,13.0,4.3,2024
3,Mar,JetBlue,EWR,LGA,32.0,28.0,2024
8,Aug,JetBlue,JFK,LAS,35.1,33.6,2024
5,May,Frontier,SEA,MCO,28.9,31.7,2024
3,Mar,United,LAX,CLT,16.9,25.3,2024
10,Oct,United,SLC,MCO,22.6,14.3,2024
11,Nov,Frontier,LAS,DFW,56.6,49.7,2024
1,Jan,Southwest,DEN,LAX,23.6,28.9,2024
3,Mar,Delta,DEN,MSP,-5.1,9.3,2024
12,Dec,American,SLC,DFW,19.7,12.4,2024
9,Sep,JetBlue,DFW,IAH,26.3,26.7,2024
5,May,Delta,EWR,EWR,16.3,15.0,2024
12,Dec,American,EWR,PHX,27.5,49.6,2024
10,Oct,Alaska,EWR,LAX,12.3,6.8,2024
2,Feb,Delta,SFO,DTW,21.3,33.3,2024
7,Jul,United,IAH,LAX,29.8,41.1,2024
2,Feb,Alaska,ATL,IAH,7.5,25.4,2024
4,Apr,Alaska,ORD,ATL,40.4,34.4,2024
12,Dec,JetBlue,SEA,MSP,40.2,40.3,2024
7,Jul,American,ATL,JFK,25.4,25.2,2024
4,Apr,Spirit,SFO,LGA,49.2,34.0,2024
7,Jul,United,SFO,LGA,11.1,19.6,2024
7,Jul,Alaska,SEA,MIA,14.9,26.3,2024
1,Jan,Spirit,SLC,JFK,30.8,41.1,2024
6,Jun,Southwest,LGA,MCO,2.5,20.6,2024
9,Sep,Southwest,MIA,ORD,8.3,0.4,2024
2,Feb,United,CLT,DTW,17.1,24.1,2024
3,Mar,American,LAS,JFK,62.7,53.5,2024
10,Oct,Frontier,LGA,LGA,39.3,33.1,2024
5,May,American,MIA,ORD,20.4,13.0,2024
9,Sep,JetBlue,JFK,LGA,45.5,38.3,2024
4,Apr,United,LAS,SLC,22.5,19.0,2024
1,Jan,Southwest,IAH,IAH,22.9,31.1,2024
4,Apr,United,MCO,DEN,26.2,18.1,2024
6,Jun,Delta,LAX,CLT,24.3,21.7,2024
5,May,American,DFW,ORD,12.9,19.1,2024
1,Jan,Alaska,IAH,SEA,1.1,18.6,2024
4,Apr,Frontier,ATL,SFO,44.1,36.3,2024
6,Jun,Delta,MIA,IAH,23.6,17.7,2024
10,Oct,Southwest,ORD,PHX,19.2,22.7,2024
10,Oct,American,SEA,PHX,33.3,28.9,2024
4,Apr,Southwest,DEN,SLC,6.6,6.4,2024
9,Sep,Southwest,MCO,ATL,6.5,-0.1,2024
5,May,Southwest,DEN,LAX,13.2,11.8,2024
8,Aug,JetBlue,MIA,ATL,16.3,13.3,2024
9,Sep,Southwest,BOS,LAS,6.1,11.0,2024
10,Oct,Southwest,LAS,CLT,32.9,37.7,2024
5,May,Delta,MSP,IAH,8.9,9.5,2024
6,Jun,Delta,MCO,IAH,5.8,17.8,2024
1,Jan,Delta,ORD,SFO,15.3,27.9,2024
11,Nov,American,MSP,DTW,39.8,43.2,2024
12,Dec,JetBlue,MIA,IAH,14.0,27.3,2024
7,Jul,American,MIA,MCO,26.3,25.8,2024
4,Apr,JetBlue,MCO,SLC,25.8,24.2,2024
11,Nov,JetBlue,SFO,DEN,21.7,21.5,2024
2,Feb,United,LGA,LAS,38.2,45.7,2024
5,May,Alaska,EWR,IAH,41.0,48.4,2024
12,Dec,United,DTW,MSP,19.3,18.6,2024
3,Mar,United,ATL,DEN,21.3,11.7,2024
6,Jun,JetBlue,MIA,MCO,31.7,32.4,2024
8,Aug,JetBlue,MSP,CLT,45.8,54.7,2024
7,Jul,American,ATL,SLC,37.1,33.5,2024
3,Mar,JetBlue,LAX,MCO,32.4,29.5,2024
8,Aug,Spirit,LAS,MIA,33.0,26.3,2024
2,Feb,Southwest,MSP,LAS,26.6,33.1,2024
10,Oct,Southwest,DEN,EWR,25.6,24.7,2024
9,Sep,JetBlue,LAS,MIA,14.6,23.6,2024
4,Apr,Southwest,MSP,LAX,20.5,27.4,2024
1,Jan,JetBlue,DEN,SEA,18.8,25.0,2024
8,Aug,Spirit,CLT,DEN,18.5,11.8,2024
7,Jul,United,SFO,MIA,20.0,15.8,2024
11,Nov,Frontier,DTW,MIA,28.3,30.8,2024
5,May,JetBlue,EWR,LAS,24.5,26.5,2024
10,Oct,United,JFK,MIA,15.6,23.6,2024
5,May,Spirit,LAX,DEN,22.7,15.2,2024
7,Jul,Delta,EWR,LAS,10.6,1.2,2024
5,May,Southwest,SLC,ATL,30.6,30.4,2024
8,Aug,Spirit,DEN,PHX,56.1,55.3,2024
11,Nov,Delta,DFW,SEA,25.1,26.8,2024
6,Jun,Southwest,DTW,SLC,25.2,35.3,2024
5,May,Spirit,JFK,EWR,25.6,24.9,2024
9,Sep,Spirit,SEA,MSP,21.6,19.0,2024
11,Nov,Alaska,ORD,DEN,19.2,14.5,2024
2,Feb,Alaska,DFW,IAH,-3.7,20.1,2024
1,Jan,Alaska,ATL,LAS,19.7,25.8,2024
8,Aug,Delta,LAX,DFW,11.1,16.0,2024
12,Dec,Spirit,MSP,DTW,30.2,31.7,2024
3,Mar,Alaska,LAS,SFO,-2.4,15.9,2024
11,Nov,Frontier,BOS,BOS,59.4,46.3,2024
12,Dec,JetBlue,PHX,SFO,20.1,168.8,2024
12,Dec,Alaska,PHX,MIA,4.5,21.3,2024
12,Dec,Delta,IAH,CLT,15.1,13.4,2024
7,Jul,Spirit,BOS,SFO,32.2,39.0,2024
10,Oct,Southwest,EWR,MCO,11.0,16.4,2024
11,Nov,American,JFK,LGA,23.2,6.9,2024
8,Aug,Southwest,PHX,DEN,8.2,21.0,2024
6,Jun,American,CLT,SEA,21.3,25.1,2024
12,Dec,JetBlue,LAS,PHX,14.7,16.6,2024
10,Oct,Spirit,LAX,JFK,20.4,17.2,2024
9,Sep,Southwest,IAH,LAX,33.7,25.4,2024
7,Jul,Delta,BOS,DEN,18.2,111.4,2024
10,Oct,JetBlue,ORD,PHX,21.7,21.3,2024
5,May,Frontier,SFO,ORD,14.2,9.7,2024
8,Aug,Southwest,LAS,MSP,13.0,13.8,2024
2,Feb,JetBlue,SEA,EWR,23.0,32.3,2024
7,Jul,Frontier,JFK,CLT,22.8,23.6,2024
4,Apr,Spirit,ATL,LAX,20.2,19.9,2024
9,Sep,Spirit,DTW,ORD,45.9,34.7,2024
12,Dec,American,EWR,MCO,37.5,34.3,2024
1,Jan,JetBlue,EWR,IAH,60.2,76.0,2024
7,Jul,Spirit,DFW,MCO,40.4,40.0,2024
6,Jun,Delta,JFK,MCO,16.5,36.5,2024
8,Aug,Southwest,CLT,CLT,5.6,24.2,2024
5,May,American,SEA,DEN,15.6,21.8,2024
1,Jan,JetBlue,ATL,MIA,18.1,22.9,2024
1,Jan,United,MSP,ORD,21.5,32.0,2024
9,Sep,American,IAH,LAS,5.4,12.8,2024
10,Oct,American,IAH,SFO,5.6,12.7,2024
6,Jun,Delta,MSP,LAX,34.7,28.7,2024
10,Oct,Delta,DTW,CLT,21.9,38.7,2024
5,May,Frontier,MIA,BOS,28.6,17.1,2024
1,Jan,JetBlue,SFO,EWR,23.2,199.4,2024
6,Jun,Frontier,IAH,EWR,35.3,32.4,2024
6,Jun,United,DFW,EWR,22.9,31.6,2024
3,Mar,Frontier,LGA,SLC,20.3,13.5,2024
8,Aug,American,SLC,ORD,23.1,29.4,2024
1,Jan,JetBlue,DTW,MCO,38.0,37.7,2024
1,Jan,Alaska,PHX,DFW,7.3,32.2,2024
6,Jun,United,JFK,ATL,37.7,38.1,2024
10,Oct,JetBlue,IAH,SEA,33.7,32.1,2024
1,Jan,American,DFW,CLT,18.6,26.2,2024
6,Jun,JetBlue,MIA,DEN,10.0,15.4,2024
1,Jan,Delta,MSP,MCO,46.6,54.8,2024
6,Jun,Delta,SEA,BOS,7.5,12.8,2024
3,Mar,Southwest,PHX,MCO,25.3,15.8,2024
8,Aug,United,MIA,MCO,26.2,32.7,2024
6,Jun,Alaska,ORD,DFW,27.0,27.1,2024
11,Nov,American,CLT,CLT,10.0,8.6,2024
1,Jan,United,SEA,JFK,31.9,43.5,2024
5,May,Delta,MCO,DEN,3.3,1.8,2024
8,Aug,Alaska,IAH,MIA,8.9,6.6,2024
3,Mar,American,ATL,DTW,12.9,10.9,2024
12,Dec,Frontier,SEA,MIA,32.9,35.3,2024
6,Jun,Southwest,ORD,LAS,17.2,24.9,2024
5,May,Delta,ATL,PHX,9.8,11.6,2024
6,Jun,Delta,MCO,JFK,13.1,14.2,2024
10,Oct,Alaska,EWR,MIA,24.7,28.4,2024
1,Jan,United,LAS,LAS,16.9,23.7,2024
7,Jul,Spirit,LGA,DEN,50.3,43.9,2024
9,Sep,JetBlue,EWR,PHX,34.5,24.2,2024
2,Feb,Spirit,JFK,MCO,38.2,45.5,2024
10,Oct,Frontier,SFO,DTW,41.6,35.2,2024
5,May,United,EWR,JFK,30.2,17.8,2024
10,Oct,Delta,SEA,DFW,9.5,18.4,2024
4,Apr,United,PHX,PHX,34.5,36.1,2024
6,Jun,JetBlue,DTW,MIA,12.6,17.3,2024
6,Jun,Southwest,MIA,EWR,9.7,16.6,2024
11,Nov,American,LAX,SFO,7.9,0.6,2024
2,Feb,Delta,BOS,IAH,19.4,27.3,2024
2,Feb,United,MCO,SFO,23.2,22.5,2024
4,Apr,Delta,MCO,CLT,17.9,20.0,2024
1,Jan,American,MSP,SLC,1.5,13.3,2024
9,Sep,Frontier,CLT,IAH,41.0,35.6,2024
7,Jul,United,BOS,CLT,23.9,21.2,2024
12,Dec,Frontier,MSP,IAH,16.3,24.1,2024
7,Jul,Southwest,SEA,ORD,27.3,30.6,2024
3,Mar,American,EWR,ATL,22.4,22.3,2024
11,Nov,JetBlue,ORD,ATL,39.4,24.5,2024
12,Dec,JetBlue,MSP,SFO,20.5,25.6,2024
3,Mar,Delta,BOS,PHX,19.0,20.9,2024
1,Jan,JetBlue,SLC,BOS,13.8,31.3,2024
3,Mar,United,LAX,SEA,13.1,17.7,2024
3,Mar,Frontier,ATL,LGA,21.7,11.2,2024
4,Apr,JetBlue,SEA,DTW,19.0,20.6,2024
4,Apr,Southwest,LAS,LGA,32.9,31.8,2024
3,Mar,Alaska,SEA,JFK,28.9,34.3,2024
10,Oct,United,LGA,MCO,19.3,30.9,2024
12,Dec,Alaska,LAS,LGA,31.8,31.3,2024
8,Aug,Frontier,JFK,MCO,21.0,24.6,2024
8,Aug,Delta,CLT,SEA,40.8,47.2,2024
1,Jan,Frontier,MSP,MSP,16.9,29.9,2024
7,Jul,Delta,BOS,EWR,17.6,22.4,2024
11,Nov,Spirit,MSP,BOS,36.6,23.4,2024
2,Feb,JetBlue,SFO,LGA,37.5,50.6,2024
1,Jan,JetBlue,IAH,IAH,40.7,43.7,2024
3,Mar,Delta,DTW,SEA,26.0,25.2,2024
4,Apr,United,MIA,IAH,25.2,26.4,2024
6,Jun,American,DTW,MIA,30.9,35.4,2024
10,Oct,Delta,LGA,MSP,16.6,14.2,2024
5,May,Spirit,LAX,BOS,40.1,25.0,2024
4,Apr,Southwest,SLC,CLT,34.6,25.9,2024
8,Aug,Frontier,EWR,ORD,36.4,43.6,2024
11,Nov,United,PHX,ORD,4.1,7.1,2024
12,Dec,Frontier,SEA,JFK,10.3,15.9,2024
4,Apr,American,DEN,ORD,10.0,1.7,2024
10,Oct,Spirit,SFO,LAS,36.4,14.8,2024
12,Dec,Spirit,MSP,MIA,30.0,30.9,2024
2,Feb,American,EWR,SEA,13.1,23.0,2024
3,Mar,Spirit,DEN,DFW,33.8,18.1,2024
6,Jun,United,EWR,MCO,34.8,233.3,2024
8,Aug,Delta,CLT,CLT,26.8,33.5,2024
8,Aug,Frontier,LAS,DEN,31.7,32.0,2024
11,Nov,American,BOS,SFO,20.3,18.3,2024
9,Sep,Southwest,SEA,SEA,9.2,7.9,2024
7,Jul,Alaska,MSP,SFO,7.1,9.5,2024
2,Feb,United,DEN,SEA,43.7,46.2,2024
8,Aug,JetBlue,DTW,DFW,12.1,31.2,2024
7,Jul,Alaska,EWR,ATL,29.1,29.8,2024
8,Aug,Delta,MIA,DEN,11.6,20.9,2024
12,Dec,Spirit,MCO,MIA,22.7,37.1,2024
3,Mar,United,BOS,DFW,16.5,13.0,2024
7,Jul,Southwest,CLT,LAX,29.2,22.5,2024
10,Oct,Alaska,BOS,LGA,22.9,9.7,2024
9,Sep,Alaska,LAS,BOS,35.2,27.0,2024
3,Mar,American,ATL,LAX,9.3,14.6,2024
10,Oct,Delta,ORD,LAS,36.3,34.2,2024
6,Jun,Delta,BOS,JFK,10.7,19.8,2024
2,Feb,United,MCO,JFK,11.7,18.7,2024
2,Feb,Frontier,MSP,IAH,24.7,25.9,2024
5,May,United,JFK,ORD,4.8,-2.3,2024
5,May,Southwest,PHX,CLT,39.2,34.9,2024
7,Jul,Spirit,PHX,SFO,36.8,32.3,2024
12,Dec,Spirit,EWR,MSP,20.7,31.2,2024
2,Feb,JetBlue,ATL,PHX,11.3,19.1,2024
11,Nov,Frontier,EWR,DFW,39.9,23.9,2024
7,Jul,United,DFW,EWR,17.2,25.0,2024
5,May,Alaska,JFK,LAS,26.7,21.2,2024
6,Jun,United,SLC,PHX,45.4,53.4,2024
8,Aug,United,LAX,SLC,21.6,25.4,2024
10,Oct,Spirit,IAH,LGA,14.5,22.9,2024
12,Dec,Southwest,PHX,ATL,35.0,46.8,2024
4,Apr,American,DFW,MSP,18.3,16.5,2024
7,Jul,Frontier,ATL,DFW,32.6,40.0,2024
6,Jun,JetBlue,CLT,CLT,19.1,10.0,2024
10,Oct,Southwest,PHX,PHX,22.6,25.4,2024
2,Feb,United,IAH,MCO,15.1,24.5,2024
8,Aug,American,EWR,LAS,17.2,17.2,2024
10,Oct,United,MSP,SEA,20.0,12.6,2024
9,Sep,Southwest,CLT,MCO,23.2,15.6,2024
5,May,Frontier,LAX,JFK,26.9,21.9,2024
10,Oct,Delta,MCO,PHX,26.1,19.7,2024
4,Apr,Frontier,DFW,MCO,8.7,23.6,2024
6,Jun,Frontier,ATL,LGA,26.8,27.3,2024
8,Aug,United,SFO,DEN,27.9,28.8,2024
11,Nov,Frontier,MIA,DTW,11.5,17.5,2024
3,Mar,Frontier,PHX,LGA,49.6,44.3,2024
10,Oct,Spirit,ATL,MIA,29.1,36.6,2024
11,Nov,American,MIA,DFW,6.0,17.7,2024
11,Nov,JetBlue,PHX,LGA,23.4,15.3,2024
1,Jan,Delta,DTW,LAX,27.2,30.8,2024
4,Apr,United,DTW,ATL,19.8,10.0,2024
4,Apr,United,SFO,IAH,18.5,23.6,2024
1,Jan,American,MIA,SFO,9.3,28.3,2024
9,Sep,Spirit,DFW,JFK,33.0,29.2,2024
3,Mar,Spirit,LAX,JFK,53.7,42.0,2024
5,May,Delta,SFO,DTW,1.9,6.0,2024
6,Jun,Delta,SLC,BOS,28.1,22.1,2024
8,Aug,Frontier,DTW,DTW,18.1,34.5,2024
6,Jun,Delta,SLC,DTW,19.6,28.5,2024
3,Mar,Frontier,SFO,BOS,32.9,36.4,2024
6,Jun,United,BOS,LAS,18.6,33.0,2024
1,Jan,Delta,ORD,LAS,6.7,18.4,2024
4,Apr,United,CLT,LAX,8.6,23.1,2024
6,Jun,Frontier,DEN,IAH,29.5,35.8,2024
7,Jul,United,SEA,DEN,8.8,9.6,2024
11,Nov,Alaska,DTW,BOS,15.2,20.4,2024
11,Nov,Delta,DFW,DTW,3.0,16.3,2024
10,Oct,Southwest,SFO,MSP,4.7,18.3,2024
3,Mar,Frontier,SFO,ORD,20.2,34.7,2024
9,Sep,Spirit,IAH,CLT,25.4,22.4,2024
12,Dec,JetBlue,DTW,CLT,38.0,53.1,2024
12,Dec,JetBlue,SEA,ORD,25.7,32.9,2024
7,Jul,Southwest,BOS,MCO,28.9,30.7,2024
1,Jan,Delta,PHX,SLC,-2.6,12.8,2024
2,Feb,United,DTW,CLT,5.9,18.2,2024
1,Jan,American,LAS,SLC,17.7,30.0,2024
11,Nov,Southwest,JFK,SEA,9.4,10.2,2024
9,Sep,JetBlue,DEN,MSP,17.3,15.2,2024
9,Sep,JetBlue,ATL,PHX,51.9,40.4,2024
7,Jul,United,ATL,LAX,17.5,26.7,2024
10,Oct,JetBlue,MCO,MIA,22.7,30.4,2024
3,Mar,JetBlue,LGA,SLC,14.0,8.8,2024
5,May,United,MIA,LAS,38.9,32.4,2024
4,Apr,Delta,BOS,LAS,27.4,24.3,2024
7,Jul,Spirit,ORD,JFK,77.6,72.9,2024
9,Sep,Alaska,JFK,PHX,18.6,9.5,2024
12,Dec,Frontier,MIA,SEA,28.2,32.6,2024
2,Feb,Spirit,MSP,CLT,35.1,41.4,2024
8,Aug,JetBlue,MIA,JFK,62.6,65.1,2024
9,Sep,Alaska,SEA,SFO,16.0,10.9,2024
10,Oct,Alaska,PHX,MCO,18.7,20.8,2024
10,Oct,Delta,LAX,LGA,0.8,15.9,2024
9,Sep,Frontier,DTW,DFW,33.1,37.3,2024
10,Oct,American,EWR,SEA,14.8,15.8,2024
7,Jul,Delta,LGA,MSP,14.2,16.2,2024
9,Sep,Frontier,MIA,DTW,29.8,20.4,2024
9,Sep,United,LAX,IAH,6.7,12.1,2024
3,Mar,United,DEN,LGA,21.7,20.2,2024
4,Apr,United,EWR,IAH,6.5,9.9,2024
2,Feb,JetBlue,EWR,DTW,6.9,25.7,2024
10,Oct,Southwest,LAX,MIA,29.7,29.8,2024
3,Mar,JetBlue,EWR,PHX,8.9,13.2,2024
11,Nov,Delta,DEN,MSP,24.2,29.4,2024
11,Nov,American,SEA,MCO,8.1,24.5,2024
5,May,American,MCO,EWR,12.5,9.1,2024
5,May,American,DTW,DTW,18.4,17.2,2024
6,Jun,Frontier,PHX,ORD,19.4,31.5,2024
7,Jul,Alaska,LAX,IAH,12.4,7.9,2024
7,Jul,American,ORD,JFK,14.7,17.9,2024
1,Jan,Alaska,IAH,MCO,2.5,15.1,2024
2,Feb,Southwest,LAX,ORD,9.9,25.8,2024
12,Dec,Spirit,LAS,SLC,19.0,25.4,2024
9,Sep,American,LAX,ORD,23.9,23.1,2024
10,Oct,Alaska,SFO,BOS,33.0,24.2,2024
2,Feb,JetBlue,SFO,SEA,40.8,44.5,2024
6,Jun,Frontier,DTW,DEN,24.2,24.5,2024
11,Nov,Frontier,DEN,LGA,16.6,24.5,2024
11,Nov,American,SEA,PHX,15.2,5.1,2024
1,Jan,Frontier,IAH,LGA,19.0,26.5,2024
3,Mar,United,JFK,LAS,46.2,38.5,2024
2,Feb,Delta,DTW,MSP,26.6,34.4,2024
3,Mar,JetBlue,IAH,PHX,49.9,46.3,2024
5,May,Southwest,LGA,SEA,26.3,22.4,2024
11,Nov,JetBlue,LAS,SFO,21.4,19.0,2024
10,Oct,United,MSP,LAX,22.9,27.0,2024
6,Jun,American,EWR,LAX,12.3,11.0,2024
9,Sep,American,PHX,DFW,12.9,105.6,2024
12,Dec,Frontier,PHX,LAS,13.6,30.0,2024
11,Nov,Frontier,DFW,DTW,48.6,53.7,2024
10,Oct,Southwest,BOS,MIA,18.4,26.1,2024
12,Dec,Spirit,SEA,SFO,16.5,34.2,2024
12,Dec,Frontier,CLT,SLC,30.2,44.3,2024
4,Apr,Delta,SLC,DFW,9.1,16.1,2024
7,Jul,American,CLT,LAX,23.4,24.5,2024
6,Jun,Alaska,SEA,SLC,-1.0,14.2,2024
2,Feb,Southwest,SEA,IAH,11.5,21.2,2024
10,Oct,Spirit,SLC,SFO,21.8,21.8,2024
11,Nov,Frontier,LAS,MIA,27.2,8.1,2024
11,Nov,Spirit,LGA,PHX,23.0,12.9,2024
11,Nov,Spirit,SEA,MIA,27.8,22.0,2024
8,Aug,American,BOS,LAS,-1.3,16.7,2024
7,Jul,Alaska,CLT,ORD,11.4,15.0,2024
7,Jul,Spirit,DFW,DEN,31.5,32.9,2024
8,Aug,JetBlue,JFK,ATL,25.4,21.2,2024
12,Dec,Southwest,EWR,ATL,24.9,25.7,2024
12,Dec,Southwest,DEN,MCO,2.2,25.9,2024
11,Nov,Southwest,MSP,DEN,20.7,3.8,2024
1,Jan,American,CLT,SLC,25.8,30.3,2024
1,Jan,Southwest,LGA,JFK,15.6,39.4,2024
8,Aug,JetBlue,MCO,ORD,18.1,28.7,2024
4,Apr,Delta,DEN,MSP,38.3,35.5,2024
5,May,Delta,SLC,LGA,5.1,6.8,2024
8,Aug,United,SFO,ORD,58.9,58.5,2024
5,May,JetBlue,ORD,ORD,14.2,13.4,2024
10,Oct,JetBlue,MSP,MSP,20.0,13.0,2024
4,Apr,Southwest,DTW,LAX,21.4,20.1,2024
12,Dec,Spirit,EWR,ORD,19.0,17.7,2024
6,Jun,Frontier,MSP,MCO,16.3,25.7,2024
12,Dec,United,LAX,EWR,20.3,21.9,2024
5,May,Alaska,DTW,BOS,22.5,23.9,2024
7,Jul,Alaska,MCO,LAS,14.1,28.8,2024
10,Oct,JetBlue,SFO,EWR,33.4,26.2,2024
7,Jul,JetBlue,DEN,DFW,21.5,23.3,2024
4,Apr,JetBlue,DTW,MCO,20.4,17.6,2024
12,Dec,American,LAS,IAH,37.2,45.0,2024
5,May,Frontier,PHX,ATL,34.7,27.3,2024
3,Mar,JetBlue,SFO,SFO,20.8,19.8,2024
4,Apr,Alaska,DTW,MCO,-1.5,1.0,2024
4,Apr,American,DTW,BOS,22.8,14.9,2024
3,Mar,Spirit,LAX,SEA,30.0,30.4,2024
10,Oct,Alaska,LGA,SEA,-5.6,2.7,2024
5,May,JetBlue,MCO,LAS,20.9,13.5,2024
5,May,Spirit,DFW,DTW,75.2,65.5,2024
11,Nov,Alaska,MSP,MCO,12.9,6.1,2024
7,Jul,Delta,IAH,DEN,20.1,23.7,2024
4,Apr,Spirit,ORD,MCO,13.6,17.2,2024
4,Apr,American,SLC,LAX,12.0,11.9,2024
9,Sep,Frontier,DEN,PHX,27.6,33.2,2024
6,Jun,Frontier,ATL,LAS,12.3,12.8,2024
4,Apr,Spirit,LAS,SFO,39.3,37.7,2024
2,Feb,American,SEA,IAH,12.4,23.1,2024
6,Jun,Spirit,ORD,BOS,21.0,28.2,2024
2,Feb,Southwest,LAX,MIA,39.9,48.3,2024
5,May,JetBlue,ATL,PHX,17.6,19.7,2024
6,Jun,Frontier,BOS,MSP,42.4,44.1,2024
4,Apr,United,MSP,LAS,45.0,31.3,2024
3,Mar,Spirit,PHX,EWR,25.4,6.2,2024
7,Jul,United,LGA,LGA,10.3,8.1,2024
2,Feb,United,MIA,DEN,16.8,13.2,2024
11,Nov,United,DEN,JFK,15.9,18.9,2024
6,Jun,Frontier,LAS,PHX,14.1,13.1,2024
4,Apr,Frontier,MSP,MIA,40.0,35.0,2024
6,Jun,Delta,MCO,LAX,7.5,24.1,2024
4,Apr,United,MIA,SFO,43.4,38.6,2024
4,Apr,Alaska,DFW,DTW,37.5,37.7,2024
4,Apr,Southwest,MIA,DFW,21.5,14.8,2024
9,Sep,United,LAS,DEN,5.9,4.3,2024
7,Jul,Southwest,SFO,SLC,10.6,12.7,2024
3,Mar,American,EWR,MCO,30.7,22.9,2024
3,Mar,Spirit,DEN,PHX,22.7,18.7,2024
6,Jun,Alaska,JFK,JFK,9.8,24.6,2024
6,Jun,JetBlue,SLC,LAX,21.9,23.6,2024
4,Apr,Frontier,ATL,ORD,21.3,8.4,2024
9,Sep,Spirit,EWR,CLT,17.2,154.0,2024
4,Apr,Spirit,IAH,PHX,14.9,21.5,2024
9,Sep,United,MSP,LGA,18.3,14.2,2024
4,Apr,Southwest,ATL,SFO,7.1,87.6,2024
2,Feb,Alaska,PHX,LAX,18.9,38.1,2024
2,Feb,Southwest,SFO,SFO,47.8,72.1,2024
5,May,JetBlue,DEN,CLT,9.2,12.9,2024
4,Apr,Frontier,MSP,ORD,54.4,40.0,2024
7,Jul,American,EWR,DEN,40.9,107.1,2024
11,Nov,United,MCO,SEA,20.8,26.0,2024
5,May,Southwest,DTW,DFW,15.9,13.5,2024
6,Jun,Spirit,MIA,IAH,23.3,25.5,2024
10,Oct,United,SLC,SLC,28.9,35.0,2024
4,Apr,Alaska,LAX,SEA,5.0,4.4,2024
12,Dec,Delta,SEA,JFK,55.5,305.5,2024
2,Feb,Spirit,MSP,DEN,15.4,29.8,2024
10,Oct,Southwest,SFO,DEN,76.4,64.7,2024
9,Sep,American,BOS,LGA,38.3,139.9,2024
10,Oct,Alaska,SEA,JFK,18.7,14.5,2024
7,Jul,JetBlue,EWR,MSP,11.4,11.5,2024
4,Apr,Southwest,IAH,LAS,22.3,26.2,2024
3,Mar,Delta,SLC,BOS,31.4,31.7,2024
10,Oct,JetBlue,DFW,PHX,25.4,21.4,2024
3,Mar,American,BOS,ATL,29.7,26.7,2024
9,Sep,United,EWR,MIA,14.2,16.7,2024
5,May,United,LGA,JFK,4.1,14.7,2024
3,Mar,Southwest,DFW,ORD,17.9,25.5,2024
5,May,JetBlue,MCO,JFK,31.3,32.0,2024
2,Feb,Delta,LAS,LAS,20.3,33.4,2024
11,Nov,Delta,DEN,SEA,28.0,40.4,2024
4,Apr,American,LGA,CLT,35.1,46.5,2024
10,Oct,Alaska,LGA,JFK,33.6,28.0,2024
2,Feb,JetBlue,LAX,MIA,43.0,52.9,2024
2,Feb,JetBlue,LAX,PHX,46.6,51.3,2024
12,Dec,United,SFO,MIA,18.6,13.9,2024
8,Aug,Frontier,DFW,DFW,22.9,11.4,2024
1,Jan,Spirit,MSP,MSP,38.3,40.9,2024
7,Jul,American,MCO,SEA,14.1,12.7,2024
5,May,American,MIA,MCO,36.9,34.2,2024
11,Nov,Alaska,ORD,CLT,0.5,12.5,2024
8,Aug,American,LAX,SFO,26.1,28.2,2024
1,Jan,JetBlue,EWR,ATL,23.1,26.9,2024
11,Nov,Spirit,ORD,LAS,37.9,47.5,2024
7,Jul,United,CLT,SEA,41.8,34.8,2024
5,May,American,LGA,LAX,29.0,37.5,2024
4,Apr,Frontier,EWR,DTW,36.0,21.5,2024
7,Jul,Frontier,MCO,BOS,69.0,65.1,2024
10,Oct,United,SFO,LGA,20.0,17.1,2024
2,Feb,Alaska,EWR,SLC,40.5,47.6,2024
12,Dec,Frontier,DEN,JFK,14.7,19.0,2024
1,Jan,American,LAX,DEN,24.4,27.8,2024
1,Jan,JetBlue,ATL,JFK,32.7,58.3,2024
11,Nov,United,MSP,ORD,35.8,42.1,2024
12,Dec,Southwest,EWR,EWR,11.5,28.5,2024
1,Jan,Spirit,DEN,IAH,40.4,39.1,2024
12,Dec,Alaska,ORD,DTW,-8.5,27.8,2024
5,May,American,CLT,CLT,18.4,14.4,2024
10,Oct,JetBlue,EWR,DFW,28.1,26.4,2024
7,Jul,United,MIA,MIA,26.7,19.8,2024
2,Feb,Delta,SLC,DEN,40.0,217.3,2024
10,Oct,JetBlue,IAH,LAS,22.1,25.9,2024
8,Aug,JetBlue,LAS,DEN,17.7,26.1,2024
4,Apr,Frontier,SEA,SFO,45.7,37.7,2024
12,Dec,Delta,SLC,IAH,25.7,41.4,2024
3,Mar,Delta,DEN,IAH,31.2,26.2,2024
10,Oct,Spirit,LGA,MCO,16.0,14.3,2024
11,Nov,Southwest,DEN,LAX,19.1,292.4,2024
8,Aug,Southwest,DTW,MSP,12.7,22.5,2024
2,Feb,Frontier,SFO,MSP,16.4,22.8,2024
11,Nov,Southwest,LAS,LGA,2.6,340.9,2024
11,Nov,JetBlue,LGA,LGA,42.8,31.3,2024
3,Mar,Spirit,ORD,JFK,33.4,31.2,2024
12,Dec,JetBlue,SEA,DTW,24.9,42.3,2024
3,Mar,JetBlue,MSP,DTW,23.9,10.7,2024
10,Oct,Frontier,EWR,BOS,21.5,21.5,2024
11,Nov,Southwest,PHX,DEN,8.6,3.0,2024
1,Jan,United,IAH,DEN,6.7,11.7,2024
6,Jun,Spirit,ORD,DFW,84.5,85.6,2024
2,Feb,Frontier,BOS,MSP,38.3,38.1,2024
1,Jan,Frontier,EWR,DFW,14.2,21.1,2024
2,Feb,JetBlue,IAH,IAH,33.4,39.9,2024
12,Dec,JetBlue,LGA,EWR,12.3,13.8,2024
6,Jun,JetBlue,SFO,IAH,27.5,34.4,2024
4,Apr,Southwest,SLC,LAX,16.7,11.8,2024
6,Jun,American,SEA,DFW,38.3,44.3,2024
12,Dec,Southwest,LGA,MCO,6.1,22.3,2024
9,Sep,Frontier,SFO,LGA,14.0,16.8,2024
10,Oct,American,ATL,MCO,5.1,12.3,2024
12,Dec,Frontier,SEA,JFK,17.4,23.7,2024
10,Oct,Southwest,SLC,IAH,25.3,21.7,2024
8,Aug,Spirit,MCO,MCO,15.3,110.3,2024
1,Jan,Frontier,MCO,SFO,9.7,18.3,2024
8,Aug,United,PHX,MSP,28.9,31.0,2024
9,Sep,United,BOS,LAS,23.8,13.5,2024
6,Jun,JetBlue,ATL,LAX,40.3,44.1,2024
10,Oct,Southwest,DFW,SEA,32.7,34.9,2024
5,May,American,DFW,DTW,16.3,11.6,2024
6,Jun,American,LAS,IAH,14.3,7.4,2024
6,Jun,United,CLT,ATL,10.4,17.9,2024
9,Sep,JetBlue,CLT,LAS,34.2,31.2,2024
4,Apr,Frontier,SFO,LAS,23.1,27.4,2024
2,Feb,Spirit,BOS,LAX,17.2,19.7,2024
11,Nov,American,ORD,EWR,32.7,32.7,2024
11,Nov,Southwest,MCO,DFW,21.9,204.4,2024
9,Sep,JetBlue,LAS,MSP,18.1,15.9,2024
2,Feb,Alaska,DTW,LGA,-0.7,20.9,2024
10,Oct,Southwest,MSP,MIA,26.4,16.3,2024
9,Sep,Southwest,BOS,LAX,9.1,2.2,2024
2,Feb,Frontier,ATL,DFW,5.9,20.7,2024
12,Dec,United,SLC,BOS,9.3,21.9,2024
8,Aug,Spirit,EWR,LAX,31.9,30.0,2024
9,Sep,Frontier,BOS,ATL,22.0,5.7,2024
12,Dec,Frontier,PHX,JFK,40.3,49.0,2024
10,Oct,Southwest,LAX,EWR,3.7,235.6,2024
9,Sep,Frontier,IAH,LAX,14.4,19.1,2024
10,Oct,Delta,MSP,DTW,27.6,30.1,2024
9,Sep,JetBlue,JFK,MCO,9.7,17.2,2024
2,Feb,Delta,BOS,BOS,0.1,23.3,2024
4,Apr,Spirit,DFW,SLC,29.0,27.7,2024
7,Jul,Frontier,ATL,ORD,50.0,44.5,2024
12,Dec,Southwest,MIA,SLC,19.8,32.6,2024
2,Feb,Frontier,SEA,MIA,15.8,13.9,2024
1,Jan,Southwest,LAX,DFW,20.7,42.8,2024
3,Mar,United,LAX,LGA,42.4,38.8,2024
12,Dec,United,EWR,LGA,28.2,30.3,2024
4,Apr,Alaska,ATL,SFO,42.6,44.0,2024
8,Aug,Frontier,DFW,DEN,33.1,22.2,2024
6,Jun,United,JFK,SLC,13.6,12.9,2024
11,Nov,Alaska,MCO,SLC,14.2,15.3,2024
2,Feb,Spirit,DTW,LAS,42.3,40.6,2024
9,Sep,Spirit,MCO,LGA,36.6,32.8,2024
2,Feb,United,CLT,LAS,17.0,18.0,2024
12,Dec,Alaska,SFO,DTW,43.5,59.7,2024
5,May,American,SFO,DEN,17.7,17.3,2024
12,Dec,United,IAH,LAX,18.0,19.5,2024
4,Apr,Southwest,LAX,CLT,15.9,9.7,2024
7,Jul,Alaska,MCO,EWR,16.3,281.3,2024
8,Aug,Southwest,CLT,SLC,45.7,52.2,2024
5,May,Alaska,ATL,ATL,10.9,7.1,2024
10,Oct,JetBlue,LGA,BOS,29.1,25.4,2024
5,May,Alaska,MCO,SLC,4.9,13.8,2024
2,Feb,Delta,MSP,MCO,1.9,21.8,2024
8,Aug,Alaska,BOS,CLT,14.1,18.8,2024
2,Feb,Alaska,CLT,DEN,12.1,63.7,2024
10,Oct,Frontier,DEN,ATL,28.6,156.3,2024
12,Dec,American,SFO,MIA,15.1,11.5,2024
6,Jun,American,SEA,LAS,12.2,19.6,2024
8,Aug,Frontier,DTW,SFO,15.2,9.7,2024
6,Jun,Spirit,DFW,LAX,33.5,26.2,2024
4,Apr,JetBlue,DTW,LGA,13.7,0.1,2024
4,Apr,JetBlue,PHX,EWR,17.3,22.1,2024
6,Jun,United,EWR,EWR,25.9,20.0,2024
4,Apr,JetBlue,MIA,DTW,25.7,32.0,2024
8,Aug,American,DTW,LAX,27.2,31.7,2024
9,Sep,Delta,DTW,SLC,21.9,13.6,2024
1,Jan,Alaska,LAX,ORD,24.3,38.6,2024
4,Apr,Delta,MSP,SEA,8.3,-0.4,2024
4,Apr,American,ORD,SLC,30.6,22.6,2024
2,Feb,Frontier,IAH,EWR,15.4,26.9,2024
6,Jun,United,DFW,DFW,17.8,19.0,2024
3,Mar,Frontier,SLC,SEA,19.1,22.7,2024
7,Jul,Delta,EWR,ATL,14.0,17.1,2024
11,Nov,Alaska,DFW,DFW,9.4,9.3,2024
11,Nov,Alaska,SLC,SFO,1.2,-2.0,2024
5,May,Delta,CLT,ATL,13.5,3.9,2024
4,Apr,United,ATL,IAH,14.9,10.2,2024
5,May,Delta,EWR,DFW,5.6,9.1,2024
8,Aug,Frontier,CLT,MCO,22.9,33.2,2024
3,Mar,Southwest,EWR,DTW,34.3,31.8,2024
7,Jul,Spirit,MCO,SEA,27.7,24.4,2024
6,Jun,American,ATL,IAH,24.8,38.5,2024
12,Dec,Delta,LGA,SFO,9.9,22.5,2024
1,Jan,Delta,DEN,ORD,6.5,27.8,2024
7,Jul,Frontier,DEN,DTW,36.3,49.1,2024
7,Jul,United,SFO,BOS,42.0,46.3,2024
12,Dec,Delta,MSP,CLT,16.9,39.1,2024
1,Jan,United,BOS,SEA,22.7,32.3,2024
9,Sep,American,DFW,DEN,16.8,0.5,2024
6,Jun,Southwest,DFW,LGA,9.4,16.0,2024
12,Dec,JetBlue,JFK,PHX,16.3,23.6,2024
2,Feb,American,CLT,MIA,6.1,15.6,2024
5,May,Delta,SLC,EWR,19.3,20.1,2024
11,Nov,Spirit,JFK,EWR,44.3,37.0,2024
4,Apr,Southwest,BOS,DFW,24.0,21.1,2024
7,Jul,JetBlue,DTW,DEN,32.0,19.1,2024
8,Aug,JetBlue,IAH,PHX,15.1,27.5,2024
11,Nov,Alaska,BOS,DTW,14.2,12.9,2024
11,Nov,Alaska,CLT,LAS,8.6,13.5,2024
1,Jan,Delta,SLC,IAH,22.0,43.7,2024
5,May,Frontier,SEA,MCO,32.9,32.1,2024
3,Mar,Alaska,LAS,JFK,23.9,28.8,2024
1,Jan,JetBlue,DEN,MIA,26.6,35.4,2024
12,Dec,JetBlue,DEN,LGA,9.2,29.1,2024
3,Mar,American,JFK,LAS,8.3,12.2,2024
6,Jun,Frontier,ORD,ORD,39.2,34.5,2024
7,Jul,Alaska,DEN,EWR,4.0,11.9,2024
8,Aug,Alaska,ATL,MCO,18.7,29.4,2024
11,Nov,American,MIA,DFW,8.1,13.2,2024
4,Apr,JetBlue,MCO,CLT,13.1,10.3,2024
3,Mar,United,ATL,LAX,28.6,42.3,2024
5,May,Delta,SFO,MCO,43.0,45.3,2024
9,Sep,United,CLT,LGA,13.7,15.5,2024
6,Jun,United,LGA,SLC,19.1,17.0,2024
9,Sep,JetBlue,SEA,MCO,42.6,36.2,2024
6,Jun,Delta,LAX,EWR,7.9,14.7,2024
2,Feb,United,MSP,SLC,15.4,64.9,2024
5,May,Spirit,BOS,LGA,23.1,14.2,2024
12,Dec,Spirit,DEN,DFW,41.7,36.9,2024
11,Nov,Spirit,MSP,IAH,40.0,133.1,2024
9,Sep,American,JFK,DFW,29.7,36.0,2024
8,Aug,American,CLT,ORD,26.3,30.7,2024
7,Jul,Delta,MIA,IAH,21.2,20.1,2024
1,Jan,United,DFW,MCO,26.1,29.6,2024
4,Apr,Spirit,ATL,DEN,28.3,13.9,2024
12,Dec,Southwest,CLT,LAS,15.9,35.4,2024
7,Jul,Alaska,BOS,CLT,-2.7,10.1,2024
11,Nov,Southwest,LAS,LAS,21.5,23.4,2024
7,Jul,Delta,MIA,DTW,2.6,21.4,2024
6,Jun,Alaska,DEN,LAX,7.2,5.1,2024
8,Aug,Delta,SFO,IAH,16.7,23.6,2024
11,Nov,Southwest,SEA,MSP,-3.5,15.6,2024
6,Jun,United,ATL,EWR,6.8,15.0,2024
10,Oct,United,ATL,JFK,27.0,29.4,2024
3,Mar,JetBlue,ORD,EWR,31.2,24.3,2024
4,Apr,Alaska,SEA,DFW,8.5,7.4,2024
3,Mar,Frontier,MIA,PHX,18.8,10.4,2024
1,Jan,Delta,ATL,SLC,11.8,15.8,2024
10,Oct,Frontier,DTW,MIA,18.7,19.0,2024
5,May,United,ATL,DEN,17.2,25.5,2024
1,Jan,Southwest,JFK,IAH,63.2,80.5,2024
1,Jan,Alaska,JFK,ORD,19.2,29.9,2024
2,Feb,Southwest,ORD,SEA,21.2,38.3,2024
4,Apr,Frontier,PHX,MIA,14.8,18.1,2024
6,Jun,American,BOS,SLC,15.0,31.5,2024
8,Aug,United,PHX,ORD,14.2,24.7,2024
3,Mar,Spirit,LAX,BOS,32.0,23.3,2024
1,Jan,Spirit,MSP,CLT,26.4,34.5,2024
3,Mar,JetBlue,EWR,EWR,12.6,10.1,2024
12,Dec,JetBlue,MSP,DEN,25.2,13.5,2024
3,Mar,Frontier,DFW,SLC,24.7,21.3,2024
5,May,Alaska,DFW,JFK,12.5,11.8,2024
11,Nov,Delta,MIA,BOS,16.3,21.6,2024
12,Dec,American,DTW,SLC,29.3,46.4,2024
12,Dec,Alaska,ORD,LAS,7.8,16.9,2024
4,Apr,Southwest,SLC,IAH,5.7,12.5,2024
4,Apr,Southwest,ATL,ORD,6.1,7.6,2024
9,Sep,Delta,DEN,DTW,21.4,17.3,2024
7,Jul,JetBlue,LGA,DEN,13.9,15.8,2024
4,Apr,JetBlue,ATL,DEN,21.2,2.5,2024
3,Mar,Southwest,SLC,DFW,33.8,21.8,2024
6,Jun,Spirit,SLC,EWR,23.3,27.6,2024
3,Mar,Delta,DFW,MSP,20.1,14.7,2024
6,Jun,Frontier,SLC,SEA,23.3,28.8,2024
11,Nov,Alaska,JFK,EWR,40.5,33.3,2024
11,Nov,Frontier,CLT,LAX,15.7,5.7,2024
12,Dec,United,DFW,SEA,17.8,19.9,2024
9,Sep,Alaska,ATL,ORD,7.5,13.8,2024
6,Jun,American,LGA,LAS,38.9,37.7,2024
12,Dec,JetBlue,MIA,MIA,18.5,24.6,2024
4,Apr,Alaska,LGA,MCO,29.7,29.5,2024
5,May,JetBlue,ATL,ATL,33.8,35.4,2024
6,Jun,Frontier,LAS,ATL,18.4,14.9,2024
11,Nov,JetBlue,DTW,SEA,11.4,5.4,2024
3,Mar,Frontier,CLT,EWR,22.8,17.9,2024
8,Aug,United,ATL,PHX,7.7,21.3,2024
4,Apr,Spirit,LAX,LAX,24.1,16.5,2024
8,Aug,United,IAH,EWR,30.9,34.0,2024
10,Oct,Frontier,IAH,DFW,48.7,45.8,2024
10,Oct,Alaska,JFK,SLC,22.0,27.1,2024
3,Mar,American,MCO,LAS,13.4,33.4,2024
10,Oct,JetBlue,SEA,ORD,23.5,22.3,2024
7,Jul,Southwest,ATL,MIA,30.9,27.2,2024
11,Nov,JetBlue,CLT,SEA,16.1,9.2,2024
12,Dec,American,PHX,SFO,30.5,43.8,2024
9,Sep,Alaska,DFW,ATL,30.1,28.4,2024
4,Apr,American,PHX,SEA,9.3,17.3,2024
8,Aug,Southwest,MIA,LGA,29.9,33.2,2024
3,Mar,Frontier,DEN,MIA,40.1,30.4,2024
7,Jul,United,LAS,SFO,13.5,26.9,2024
3,Mar,Southwest,DEN,LAS,18.0,10.7,2024
12,Dec,American,MIA,DTW,30.0,56.6,2024
7,Jul,Southwest,ORD,DEN,20.9,17.3,2024
11,Nov,JetBlue,DFW,IAH,50.5,40.8,2024
10,Oct,American,PHX,MSP,7.3,15.0,2024
10,Oct,Spirit,SFO,DEN,20.9,20.8,2024
11,Nov,Frontier,ATL,SEA,17.1,22.0,2024
11,Nov,Alaska,JFK,CLT,18.6,18.8,2024
6,Jun,United,SEA,DFW,13.6,20.3,2024
2,Feb,United,LGA,ATL,19.5,27.9,2024
11,Nov,Southwest,SFO,JFK,12.2,10.3,2024
3,Mar,Frontier,ATL,SLC,10.3,21.6,2024
6,Jun,Southwest,LAS,BOS,15.8,13.3,2024
4,Apr,Spirit,MIA,SFO,25.1,37.5,2024
6,Jun,Spirit,SLC,MSP,32.3,28.5,2024
1,Jan,Southwest,LAX,SFO,13.9,27.9,2024
10,Oct,Alaska,MIA,LAS,12.6,247.3,2024
12,Dec,JetBlue,ORD,ATL,20.2,142.6,2024
1,Jan,United,LGA,MSP,19.8,47.2,2024
3,Mar,American,PHX,SLC,13.6,12.6,2024
8,Aug,American,ORD,ATL,40.6,55.4,2024
8,Aug,United,ORD,MCO,12.0,16.7,2024
11,Nov,Alaska,SFO,SLC,2.6,8.8,2024
4,Apr,Spirit,LAX,IAH,32.3,21.6,2024
6,Jun,Spirit,ATL,DEN,35.1,33.6,2024
8,Aug,Southwest,SFO,ORD,9.8,215.6,2024
7,Jul,Delta,MCO,LAX,4.6,23.3,2024
11,Nov,Frontier,MIA,PHX,49.1,29.2,2024
7,Jul,Southwest,JFK,JFK,8.3,8.0,2024
4,Apr,Alaska,DFW,SLC,7.1,14.6,2024
9,Sep,United,SLC,LGA,15.1,11.0,2024
12,Dec,JetBlue,SLC,SLC,31.3,38.9,2024
10,Oct,Frontier,DTW,MSP,13.2,10.5,2024
6,Jun,Southwest,ORD,LGA,11.3,18.9,2024
12,Dec,Spirit,DFW,IAH,29.8,39.9,2024
11,Nov,American,SEA,MIA,18.6,16.9,2024
3,Mar,JetBlue,IAH,MCO,26.3,17.1,2024
5,May,United,DFW,MCO,26.4,12.1,2024
5,May,Spirit,MIA,MSP,24.4,28.7,2024
5,May,Delta,EWR,MIA,24.9,15.6,2024
8,Aug,Southwest,ORD,MCO,21.0,18.1,2024
9,Sep,JetBlue,SFO,SLC,12.9,18.4,2024
9,Sep,JetBlue,LAX,PHX,22.0,17.7,2024
6,Jun,American,ATL,ORD,13.4,20.4,2024
6,Jun,Spirit,ATL,JFK,15.1,24.9,2024
9,Sep,Frontier,JFK,SFO,19.9,16.3,2024
4,Apr,Frontier,SLC,MCO,38.1,18.0,2024
6,Jun,Southwest,SFO,DEN,16.7,24.5,2024
4,Apr,Delta,DEN,LAS,2.0,4.8,2024
11,Nov,JetBlue,IAH,PHX,18.2,125.8,2024
1,Jan,American,MSP,DTW,19.8,32.7,2024
7,Jul,Frontier,ATL,MIA,27.9,31.3,2024
10,Oct,Spirit,PHX,LGA,19.0,11.1,2024
11,Nov,Southwest,LAS,MIA,20.1,21.8,2024
12,Dec,Southwest,LGA,SFO,28.9,42.4,2024
6,Jun,Spirit,ATL,MIA,11.9,31.9,2024
9,Sep,Spirit,ATL,MSP,9.0,22.7,2024
7,Jul,Spirit,SFO,SLC,48.0,36.0,2024
7,Jul,Frontier,DFW,JFK,24.4,24.3,2024
2,Feb,Delta,BOS,LAX,19.2,33.0,2024
12,Dec,American,EWR,DTW,14.6,21.1,2024
11,Nov,Spirit,DTW,EWR,22.2,24.5,2024
9,Sep,Delta,PHX,SFO,3.5,6.5,2024
10,Oct,JetBlue,DTW,ATL,46.9,34.9,2024
9,Sep,Alaska,SFO,LAX,8.1,17.7,2024
6,Jun,Spirit,DFW,LAS,18.3,14.5,2024
3,Mar,United,LAX,IAH,12.3,10.9,2024
1,Jan,United,IAH,MCO,10.5,23.1,2024
4,Apr,Delta,EWR,IAH,30.7,28.1,2024
3,Mar,Frontier,LAS,IAH,22.6,18.6,2024
12,Dec,Frontier,DEN,PHX,36.4,49.2,2024
1,Jan,Delta,LAS,SEA,12.2,21.4,2024
3,Mar,Alaska,SEA,SEA,15.2,14.1,2024
4,Apr,Alaska,MCO,LAX,31.7,18.9,2024
8,Aug,Alaska,EWR,IAH,18.6,21.9,2024
9,Sep,Alaska,MCO,MIA,16.7,12.1,2024
3,Mar,Spirit,IAH,MIA,21.4,27.9,2024
6,Jun,United,DFW,SLC,18.3,15.1,2024
10,Oct,JetBlue,EWR,MIA,12.3,15.3,2024
11,Nov,Alaska,DFW,PHX,11.2,15.3,2024
5,May,Alaska,JFK,SEA,14.3,18.0,2024
6,Jun,Delta,ORD,CLT,22.8,28.4,2024
4,Apr,Alaska,IAH,SEA,13.1,8.6,2024
10,Oct,Frontier,CLT,SLC,46.4,59.7,2024
6,Jun,JetBlue,SEA,ATL,16.6,35.6,2024
7,Jul,Spirit,IAH,MCO,27.9,24.5,2024
9,Sep,Spirit,ORD,ORD,22.6,16.7,2024
10,Oct,JetBlue,JFK,BOS,17.1,20.5,2024
7,Jul,Spirit,CLT,EWR,27.0,28.4,2024
6,Jun,American,BOS,EWR,40.0,37.8,2024
1,Jan,Spirit,DEN,LGA,17.4,23.1,2024
2,Feb,JetBlue,SFO,EWR,15.8,23.0,2024
1,Jan,Alaska,CLT,LAS,18.5,37.9,2024
9,Sep,Spirit,SFO,SLC,19.2,21.3,2024
10,Oct,Southwest,MSP,ATL,15.1,20.4,2024
10,Oct,Alaska,ORD,IAH,28.4,37.2,2024
9,Sep,United,MSP,JFK,37.3,41.2,2024
7,Jul,Spirit,ORD,JFK,61.0,72.6,2024
2,Feb,Spirit,LAX,BOS,40.4,47.6,2024
6,Jun,United,DFW,ORD,15.4,25.4,2024
11,Nov,Spirit,LGA,MIA,14.8,25.6,2024
4,Apr,Delta,JFK,JFK,12.6,14.1,2024
1,Jan,Delta,MIA,DTW,11.4,25.8,2024
1,Jan,American,JFK,IAH,17.5,33.5,2024
12,Dec,Alaska,LAX,EWR,31.1,45.7,2024
5,May,American,LGA,MSP,34.6,36.9,2024
12,Dec,Southwest,ORD,ATL,21.8,25.9,2024
2,Feb,Delta,BOS,JFK,18.5,14.9,2024
4,Apr,United,DTW,DTW,17.7,15.5,2024
1,Jan,Southwest,LAX,LGA,17.2,30.0,2024
4,Apr,Spirit,DEN,MSP,43.6,42.2,2024
11,Nov,Delta,PHX,MSP,16.2,4.5,2024
6,Jun,Southwest,PHX,LAS,12.1,22.6,2024
10,Oct,Alaska,LAS,JFK,7.0,22.5,2024
4,Apr,JetBlue,MSP,JFK,23.6,14.4,2024
1,Jan,Spirit,PHX,DEN,49.6,51.3,2024
7,Jul,Spirit,JFK,DTW,31.5,43.5,2024
2,Feb,JetBlue,MIA,DTW,22.7,32.9,2024
9,Sep,Southwest,DFW,DFW,41.9,54.0,2024
3,Mar,Delta,DTW,LAX,33.9,34.5,2024
8,Aug,JetBlue,LGA,LAX,16.8,22.5,2024
8,Aug,JetBlue,MCO,LGA,25.7,25.7,2024
3,Mar,Southwest,LAX,PHX,6.6,6.1,2024
4,Apr,JetBlue,PHX,DTW,32.9,28.4,2024
2,Feb,Alaska,ORD,SLC,12.4,36.8,2024
4,Apr,Spirit,SFO,LGA,47.6,43.7,2024
11,Nov,Frontier,SFO,MIA,27.1,16.5,2024
11,Nov,United,ATL,SFO,31.4,21.3,2024
11,Nov,JetBlue,SEA,LAS,11.6,13.7,2024
9,Sep,Alaska,ATL,DTW,24.8,13.4,2024
2,Feb,Frontier,SEA,DFW,16.3,24.0,2024
12,Dec,Spirit,DTW,DTW,31.9,26.8,2024
12,Dec,Southwest,DTW,MCO,17.1,29.3,2024
3,Mar,JetBlue,LAX,MCO,15.4,2.0,2024
11,Nov,JetBlue,SEA,LGA,68.5,73.1,2024
11,Nov,American,SLC,SLC,10.0,13.8,2024
4,Apr,Frontier,PHX,LGA,23.9,20.5,2024
5,May,Southwest,SFO,DTW,52.2,57.3,2024
1,Jan,Southwest,MSP,MSP,14.8,24.0,2024
7,Jul,Alaska,CLT,DTW,11.2,14.3,2024
10,Oct,American,MIA,EWR,22.8,32.4,2024
7,Jul,Frontier,DTW,CLT,14.5,17.3,2024
9,Sep,American,MIA,SLC,31.5,40.3,2024
4,Apr,Alaska,LAX,MIA,14.0,113.5,2024
6,Jun,Frontier,LAX,BOS,11.0,15.3,2024
11,Nov,United,BOS,MIA,28.8,35.7,2024
2,Feb,JetBlue,CLT,DEN,46.7,53.1,2024
12,Dec,Delta,LGA,SEA,34.4,32.9,2024
12,Dec,Delta,DTW,JFK,10.5,21.3,2024
4,Apr,American,EWR,EWR,33.0,32.5,2024
2,Feb,Southwest,SEA,BOS,32.8,42.3,2024
10,Oct,Southwest,LGA,JFK,26.0,27.4,2024
5,May,Alaska,DEN,MSP,17.7,8.5,2024
7,Jul,United,BOS,SFO,42.0,50.7,2024
1,Jan,Delta,JFK,SEA,13.0,31.2,2024
10,Oct,Spirit,IAH,BOS,37.7,23.5,2024
10,Oct,Spirit,DEN,LAX,17.0,16.9,2024
7,Jul,Alaska,JFK,LAS,25.5,25.0,2024
10,Oct,Alaska,LAS,MSP,10.5,26.0,2024
6,Jun,Southwest,CLT,LGA,24.6,22.5,2024
6,Jun,Frontier,PHX,MSP,26.5,40.1,2024
12,Dec,United,LGA,EWR,40.2,54.0,2024
8,Aug,Frontier,SLC,ATL,26.2,13.3,2024
8,Aug,United,BOS,SFO,12.0,25.8,2024
6,Jun,American,LAS,MSP,30.2,37.9,2024
3,Mar,Delta,CLT,DTW,11.5,19.2,2024
5,May,United,DTW,LGA,13.0,19.5,2024
2,Feb,United,ATL,EWR,40.6,56.0,2024
5,May,Frontier,LGA,CLT,25.3,8.1,2024
9,Sep,United,ATL,LGA,21.8,15.1,2024
10,Oct,Spirit,MSP,LAX,37.3,28.6,2024
1,Jan,Delta,SEA,BOS,15.2,27.5,2024
10,Oct,Frontier,MSP,ORD,12.9,23.7,2024
5,May,American,EWR,LAS,34.0,37.2,2024
12,Dec,JetBlue,LAX,JFK,38.6,39.7,2024
6,Jun,Southwest,MSP,JFK,7.6,23.0,2024
11,Nov,Spirit,IAH,SFO,25.4,24.5,2024
7,Jul,Alaska,ORD,SEA,-0.8,8.3,2024
9,Sep,Frontier,MSP,ORD,36.5,26.3,2024
6,Jun,Alaska,SLC,CLT,12.4,21.5,2024
5,May,Frontier,MSP,JFK,22.4,18.4,2024
12,Dec,Delta,SLC,MIA,19.6,38.7,2024
7,Jul,Frontier,DFW,ORD,38.0,44.9,2024
1,Jan,Frontier,SLC,EWR,37.9,36.1,2024
11,Nov,Spirit,IAH,JFK,50.9,38.2,2024
5,May,Frontier,JFK,MIA,24.4,25.4,2024
2,Feb,Delta,SLC,SEA,22.3,31.8,2024
4,Apr,Spirit,DFW,PHX,30.1,37.0,2024
7,Jul,Alaska,DFW,PHX,12.5,13.1,2024
5,May,Frontier,SFO,ORD,19.6,15.6,2024
12,Dec,Delta,SFO,DTW,3.2,27.9,2024
6,Jun,JetBlue,EWR,SLC,22.3,12.4,2024
2,Feb,Southwest,EWR,LAS,-2.8,18.2,2024
3,Mar,Southwest,DEN,MSP,22.9,23.9,2024
7,Jul,United,CLT,LAS,26.7,28.3,2024
11,Nov,Alaska,DFW,BOS,26.8,18.9,2024
2,Feb,Alaska,MSP,DTW,21.0,39.2,2024
12,Dec,Alaska,SLC,DEN,19.8,37.1,2024
6,Jun,United,SFO,JFK,23.1,33.9,2024
5,May,Alaska,BOS,MSP,24.6,36.2,2024
10,Oct,American,LAS,MSP,15.6,4.7,2024
1,Jan,Spirit,LGA,JFK,30.0,37.9,2024
12,Dec,Delta,LAX,DTW,18.8,28.9,2024
11,Nov,American,EWR,MIA,24.6,21.2,2024
10,Oct,Frontier,SFO,MSP,30.7,29.6,2024
11,Nov,Frontier,IAH,BOS,40.9,33.8,2024
4,Apr,Frontier,SFO,EWR,26.5,23.8,2024
11,Nov,Delta,ATL,JFK,39.6,31.0,2024
2,Feb,Spirit,ORD,LAS,42.3,55.9,2024
4,Apr,Southwest,MIA,LGA,18.9,7.9,2024
1,Jan,Spirit,CLT,MCO,57.7,59.0,2024
2,Feb,Frontier,ORD,EWR,19.0,31.3,2024
8,Aug,Alaska,MSP,BOS,41.6,62.5,2024
6,Jun,Spirit,DFW,IAH,47.1,50.4,2024
2,Feb,American,SEA,LAS,49.0,51.8,2024
12,Dec,Southwest,DFW,ORD,44.0,65.0,2024
6,Jun,Spirit,IAH,PHX,23.1,21.2,2024
10,Oct,United,SFO,MIA,9.7,12.8,2024
9,Sep,Frontier,MIA,LAX,26.8,16.1,2024
7,Jul,Alaska,DFW,SEA,22.6,19.3,2024
9,Sep,Frontier,MSP,MCO,25.5,20.3,2024
5,May,Spirit,LAS,MIA,22.6,19.2,2024
7,Jul,Southwest,LAS,IAH,9.9,13.8,2024
11,Nov,JetBlue,SLC,MCO,22.0,22.4,2024
7,Jul,Frontier,ORD,SFO,31.2,34.5,2024
12,Dec,American,BOS,DTW,30.4,27.6,2024
12,Dec,Alaska,MIA,SFO,-2.2,36.2,2024
3,Mar,Alaska,MCO,ATL,18.0,22.5,2024
7,Jul,Delta,MIA,BOS,43.2,45.8,2024
1,Jan,Southwest,LGA,ATL,62.6,66.0,2024
9,Sep,Frontier,DTW,ORD,22.3,24.4,2024
10,Oct,Alaska,EWR,LAX,5.6,9.0,2024
6,Jun,Alaska,PHX,ORD,12.2,10.8,2024
5,May,American,DFW,DFW,28.2,17.2,2024
7,Jul,Delta,PHX,DTW,9.5,22.3,2024
5,May,Alaska,MCO,IAH,19.3,11.5,2024
10,Oct,Frontier,BOS,DEN,37.5,32.0,2024
5,May,Alaska,LAS,CLT,25.0,27.1,2024
11,Nov,American,CLT,EWR,32.7,20.4,2024
10,Oct,Frontier,LAS,SEA,32.9,37.7,2024
11,Nov,Spirit,SFO,SEA,15.7,10.5,2024
7,Jul,American,BOS,SFO,19.5,14.4,2024
10,Oct,Spirit,MCO,JFK,43.1,31.5,2024
7,Jul,JetBlue,DTW,SFO,3.0,10.9,2024
11,Nov,Southwest,EWR,SLC,12.3,172.9,2024
3,Mar,Frontier,SLC,ATL,16.1,16.6,2024
3,Mar,Spirit,ORD,MSP,26.5,25.2,2024
10,Oct,JetBlue,MIA,SFO,46.8,30.2,2024
12,Dec,United,MCO,ATL,24.8,24.6,2024
3,Mar,Frontier,SLC,PHX,10.1,10.5,2024
6,Jun,Alaska,SEA,MSP,1.3,13.4,2024
12,Dec,Frontier,MCO,DFW,10.2,24.0,2024
6,Jun,American,SEA,SFO,33.9,44.9,2024
3,Mar,Frontier,ORD,JFK,38.8,34.9,2024
3,Mar,Spirit,PHX,JFK,28.1,20.1,2024
8,Aug,Southwest,MSP,MIA,19.6,18.0,2024
8,Aug,Spirit,LAS,LAS,35.7,33.1,2024
7,Jul,United,JFK,SFO,17.6,25.7,2024
10,Oct,Alaska,CLT,LAS,24.3,21.9,2024
4,Apr,United,EWR,JFK,30.4,33.6,2024
4,Apr,Frontier,DEN,SLC,14.1,10.1,2024
3,Mar,JetBlue,MSP,DTW,25.3,24.0,2024
5,May,United,SLC,ATL,12.4,0.7,2024
3,Mar,Frontier,LAX,EWR,23.0,20.1,2024
8,Aug,Spirit,JFK,LAS,16.9,23.8,2024
7,Jul,Delta,ATL,CLT,31.0,33.9,2024
3,Mar,Delta,CLT,SLC,19.3,12.8,2024
9,Sep,Delta,CLT,PHX,14.5,12.4,2024
12,Dec,Alaska,DTW,EWR,20.2,35.7,2024
5,May,United,SFO,ORD,27.2,26.1,2024
9,Sep,Alaska,DEN,SLC,35.9,36.1,2024
7,Jul,Alaska,MCO,MSP,39.7,23.9,2024
7,Jul,American,EWR,DTW,17.5,31.3,2024
6,Jun,Southwest,LGA,SFO,12.3,8.3,2024
2,Feb,Delta,MIA,LAX,42.5,49.4,2024
9,Sep,Frontier,CLT,DTW,35.5,28.4,2024
6,Jun,Delta,MCO,LGA,17.6,19.7,2024
8,Aug,Delta,EWR,MSP,24.7,26.2,2024
1,Jan,JetBlue,ORD,LAX,16.7,25.4,2024
5,May,JetBlue,JFK,DEN,27.1,29.1,2024
12,Dec,Spirit,MSP,DFW,19.8,29.3,2024
1,Jan,Spirit,ATL,ORD,33.0,51.5,2024
10,Oct,Delta,DTW,DTW,34.8,31.6,2024
11,Nov,Delta,LAX,MIA,16.7,31.4,2024
8,Aug,Alaska,LAX,SEA,6.1,6.0,2024
8,Aug,JetBlue,CLT,LAS,18.0,21.0,2024
1,Jan,Southwest,IAH,EWR,17.1,28.5,2024
9,Sep,American,LAS,ORD,11.6,10.5,2024
2,Feb,Southwest,ORD,PHX,9.0,19.8,2024
12,Dec,Alaska,DFW,ATL,10.8,22.0,2024
9,Sep,American,CLT,LAS,14.8,10.5,2024
1,Jan,United,DEN,EWR,31.4,46.3,2024
12,Dec,United,MCO,LAS,14.9,15.5,2024
10,Oct,Southwest,MCO,BOS,19.7,8.9,2024
9,Sep,JetBlue,DEN,ATL,16.4,13.7,2024
4,Apr,Spirit,PHX,EWR,20.1,19.2,2024
9,Sep,Spirit,EWR,SEA,24.6,19.6,2024
7,Jul,Delta,BOS,DTW,21.3,17.6,2024
11,Nov,Frontier,DTW,DTW,23.0,17.1,2024
6,Jun,United,MIA,PHX,31.1,44.6,2024
5,May,Frontier,SLC,ATL,31.1,26.4,2024
11,Nov,Alaska,JFK,JFK,15.0,30.7,2024
9,Sep,Spirit,PHX,LAS,30.0,26.7,2024
2,Feb,JetBlue,MCO,SLC,11.0,36.7,2024
11,Nov,JetBlue,ORD,EWR,30.0,20.1,2024
12,Dec,American,CLT,SLC,15.3,35.4,2024
2,Feb,United,MIA,MIA,40.9,55.6,2024
11,Nov,Southwest,LAX,MIA,16.0,18.4,2024
12,Dec,Alaska,JFK,DTW,18.1,21.8,2024
9,Sep,JetBlue,LGA,SFO,19.7,17.2,2024
12,Dec,Southwest,IAH,BOS,8.8,128.1,2024
3,Mar,Southwest,DFW,MCO,4.8,5.7,2024
8,Aug,Alaska,LAS,MCO,30.8,32.9,2024
11,Nov,United,PHX,DEN,12.7,168.4,2024
9,Sep,Alaska,LAX,ATL,20.4,10.7,2024
8,Aug,Southwest,MIA,MIA,33.9,33.9,2024
4,Apr,Spirit,MIA,CLT,34.1,29.0,2024
12,Dec,Southwest,MIA,PHX,20.7,40.0,2024
1,Jan,Delta,ATL,CLT,14.6,27.0,2024
4,Apr,Spirit,DTW,MSP,21.4,9.2,2024
9,Sep,Spirit,ATL,CLT,34.4,24.1,2024
2,Feb,Alaska,LAS,LAX,37.5,37.7,2024
3,Mar,Southwest,ATL,MSP,16.3,22.6,2024
10,Oct,Delta,DFW,BOS,14.5,18.9,2024
8,Aug,Frontier,ATL,DFW,15.4,19.0,2024
6,Jun,United,SLC,BOS,43.7,42.0,2024
8,Aug,Southwest,PHX,CLT,21.1,25.5,2024
7,Jul,JetBlue,CLT,MSP,8.2,12.2,2024
5,May,Alaska,MCO,LAX,14.4,18.7,2024
9,Sep,Southwest,DFW,MCO,16.0,20.8,2024
4,Apr,Delta,MCO,EWR,49.7,45.1,2024
6,Jun,JetBlue,DTW,DTW,34.6,178.7,2024
2,Feb,United,DEN,LAX,15.0,20.1,2024
2,Feb,Alaska,CLT,LGA,9.0,26.6,2024
2,Feb,American,CLT,EWR,34.3,40.3,2024
10,Oct,American,EWR,DFW,19.9,23.6,2024
7,Jul,Delta,EWR,MIA,16.7,18.3,2024
2,Feb,United,DFW,MSP,23.9,24.3,2024
12,Dec,United,LAS,JFK,20.3,25.4,2024
2,Feb,Frontier,ATL,LGA,53.4,52.2,2024
9,Sep,Frontier,DEN,ATL,37.3,16.8,2024
7,Jul,Southwest,LAS,LAS,30.0,36.8,2024
11,Nov,Frontier,MCO,IAH,50.9,34.8,2024
3,Mar,American,DEN,MIA,14.7,21.7,2024
3,Mar,Southwest,DFW,DTW,43.8,88.5,2024
7,Jul,United,EWR,LAX,25.6,28.2,2024
5,May,Delta,LAX,MCO,7.5,19.2,2024
10,Oct,Delta,EWR,MIA,20.4,20.6,2024
6,Jun,JetBlue,IAH,LAX,39.1,38.2,2024
12,Dec,Spirit,LAX,DFW,24.5,35.7,2024
8,Aug,Delta,EWR,MSP,16.6,11.0,2024
9,Sep,Spirit,ATL,JFK,18.3,20.3,2024
1,Jan,American,EWR,SFO,36.1,50.5,2024
3,Mar,JetBlue,ORD,MCO,19.2,12.9,2024
11,Nov,American,CLT,ORD,50.8,46.5,2024
7,Jul,Frontier,MIA,DFW,15.1,15.9,2024
6,Jun,Frontier,PHX,MCO,38.1,26.8,2024
7,Jul,Southwest,LGA,ORD,14.6,14.8,2024
8,Aug,Spirit,DFW,ATL,36.0,42.3,2024
6,Jun,Southwest,LGA,SLC,1.4,9.4,2024
3,Mar,Delta,DFW,MSP,30.0,29.4,2024
2,Feb,JetBlue,SLC,DTW,15.6,17.7,2024
12,Dec,American,ATL,EWR,26.2,40.0,2024
7,Jul,American,DTW,DFW,17.3,237.2,2024
12,Dec,Frontier,MIA,LGA,20.6,15.0,2024
12,Dec,United,SFO,PHX,62.2,67.9,2024
12,Dec,Delta,LGA,SFO,18.9,39.6,2024
11,Nov,Alaska,DFW,MSP,17.7,25.0,2024
1,Jan,Southwest,PHX,MSP,53.5,58.3,2024
3,Mar,Spirit,LGA,DTW,25.2,13.1,2024
12,Dec,Frontier,DFW,JFK,30.0,45.3,2024
11,Nov,Alaska,SLC,EWR,21.1,18.4,2024
4,Apr,Frontier,IAH,LAS,26.8,20.5,2024
1,Jan,Spirit,LGA,MCO,23.8,27.9,2024
5,May,United,JFK,EWR,11.8,7.1,2024
10,Oct,Southwest,SFO,BOS,11.7,11.3,2024
3,Mar,Spirit,JFK,EWR,30.8,19.7,2024
2,Feb,Southwest,BOS,DEN,30.0,37.9,2024
3,Mar,Frontier,LAS,MIA,25.0,34.2,2024
8,Aug,Spirit,IAH,ATL,25.3,21.7,2024
6,Jun,American,LAX,PHX,13.3,20.7,2024
7,Jul,Southwest,LGA,MIA,29.1,27.6,2024
12,Dec,JetBlue,ATL,CLT,10.6,23.0,2024
6,Jun,Southwest,LAS,ORD,8.8,7.5,2024
6,Jun,Spirit,JFK,CLT,10.8,22.0,2024
12,Dec,JetBlue,LAX,MIA,24.7,28.0,2024
3,Mar,Spirit,JFK,LAS,26.0,27.7,2024
12,Dec,Southwest,LAS,LAX,12.2,24.7,2024
8,Aug,United,ORD,BOS,23.2,28.0,2024
12,Dec,Spirit,EWR,MCO,31.1,52.1,2024
7,Jul,American,CLT,EWR,7.9,27.2,2024
7,Jul,United,BOS,EWR,17.4,17.3,2024
6,Jun,American,SEA,ATL,15.2,31.0,2024
5,May,Spirit,JFK,EWR,24.6,12.0,2024
10,Oct,Spirit,ORD,JFK,23.8,20.2,2024
8,Aug,United,DFW,DTW,16.2,22.2,2024
5,May,Frontier,PHX,MIA,26.2,20.4,2024
9,Sep,Spirit,DTW,ATL,35.5,27.2,2024
9,Sep,Delta,CLT,MCO,12.3,12.2,2024
1,Jan,Southwest,SFO,LGA,10.1,16.4,2024
6,Jun,Southwest,SFO,SLC,51.0,46.4,2024
7,Jul,Delta,SEA,LAX,8.8,9.9,2024
3,Mar,Delta,PHX,DTW,21.2,15.3,2024
7,Jul,JetBlue,SLC,SEA,32.9,29.8,2024
11,Nov,United,SLC,JFK,3.4,11.7,2024
11,Nov,Spirit,LAX,LAS,16.1,21.6,2024
7,Jul,Southwest,CLT,DEN,18.1,26.0,2024
11,Nov,JetBlue,ATL,DEN,29.1,21.5,2024
2,Feb,Spirit,PHX,IAH,24.0,25.8,2024
7,Jul,Spirit,JFK,DTW,32.5,36.1,2024
1,Jan,Alaska,MSP,BOS,25.0,28.5,2024
5,May,Southwest,PHX,BOS,29.5,26.1,2024
9,Sep,Spirit,BOS,JFK,23.7,12.2,2024
7,Jul,Delta,JFK,DFW,14.7,8.5,2024
7,Jul,JetBlue,JFK,CLT,49.5,51.8,2024
11,Nov,Alaska,ATL,CLT,6.3,5.6,2024
12,Dec,JetBlue,BOS,LGA,11.8,20.3,2024
2,Feb,JetBlue,PHX,ORD,39.5,47.8,2024
8,Aug,United,DTW,PHX,49.9,51.1,2024
3,Mar,Alaska,CLT,SEA,7.4,12.5,2024
8,Aug,JetBlue,DFW,LAS,34.1,26.8,2024
3,Mar,Frontier,ATL,ORD,8.7,13.9,2024
10,Oct,Southwest,SEA,ATL,10.3,1.8,2024
7,Jul,United,ORD,MIA,21.7,18.6,2024
2,Feb,Frontier,DTW,MSP,25.7,23.5,2024
4,Apr,Frontier,LGA,BOS,9.9,9.1,2024
11,Nov,Southwest,LAX,SFO,4.3,10.9,2024
6,Jun,Alaska,CLT,LAX,8.2,20.4,2024
11,Nov,Frontier,JFK,ATL,35.8,37.0,2024
9,Sep,JetBlue,DEN,MCO,30.9,17.0,2024
5,May,JetBlue,DTW,ORD,42.7,36.3,2024
9,Sep,Alaska,SLC,DFW,18.5,15.9,2024
5,May,Southwest,LAS,LGA,10.6,20.5,2024
10,Oct,Spirit,SEA,IAH,35.2,39.0,2024
8,Aug,American,ORD,LGA,23.0,30.3,2024
1,Jan,JetBlue,IAH,SLC,40.9,49.4,2024
7,Jul,JetBlue,SEA,DFW,30.4,27.7,2024
4,Apr,Spirit,EWR,LGA,5.0,21.7,2024
5,May,United,CLT,LAX,12.2,14.2,2024
6,Jun,Southwest,CLT,PHX,30.4,36.6,2024
5,May,Spirit,EWR,BOS,29.2,26.3,2024
12,Dec,Frontier,ATL,MSP,16.2,25.1,2024
1,Jan,Spirit,PHX,MIA,30.2,42.5,2024
12,Dec,JetBlue,SLC,SEA,22.1,362.4,2024
9,Sep,Southwest,DEN,MCO,12.2,14.0,2024
2,Feb,United,IAH,DEN,24.6,33.3,2024
9,Sep,Southwest,ORD,LAX,36.1,33.5,2024
10,Oct,Southwest,DFW,BOS,38.6,30.6,2024
2,Feb,Spirit,DFW,LAX,40.5,35.5,2024
9,Sep,United,MIA,JFK,25.6,30.1,2024
6,Jun,JetBlue,LAS,SLC,15.2,23.3,2024
11,Nov,Frontier,ATL,BOS,12.3,23.5,2024
9,Sep,Southwest,EWR,MSP,11.5,18.5,2024
6,Jun,American,LAS,LGA,27.9,34.7,2024
6,Jun,JetBlue,MIA,BOS,31.6,21.1,2024
11,Nov,Spirit,JFK,ORD,18.2,10.4,2024
2,Feb,United,LGA,SEA,21.3,30.0,2024
8,Aug,Delta,BOS,EWR,20.8,24.7,2024
3,Mar,Alaska,SEA,DFW,25.9,19.2,2024
7,Jul,American,EWR,MSP,21.8,28.8,2024
5,May,JetBlue,DEN,SEA,20.7,22.5,2024
3,Mar,Alaska,ATL,ATL,-0.5,4.7,2024
1,Jan,United,LGA,ORD,5.4,27.3,2024
8,Aug,American,SEA,ATL,27.3,31.6,2024
3,Mar,JetBlue,PHX,CLT,16.7,14.6,2024
2,Feb,Alaska,IAH,IAH,6.0,21.6,2024
1,Jan,Frontier,CLT,MCO,31.0,31.3,2024
4,Apr,Delta,MCO,ORD,17.4,20.0,2024
8,Aug,JetBlue,MSP,CLT,25.4,35.4,2024
3,Mar,Frontier,PHX,DEN,36.3,38.1,2024
1,Jan,Delta,LAS,PHX,21.6,39.3,2024
4,Apr,Delta,MSP,SFO,5.1,9.7,2024
9,Sep,Southwest,ORD,SEA,21.0,21.7,2024
1,Jan,Spirit,ORD,ORD,42.2,48.2,2024
12,Dec,United,ATL,IAH,46.9,54.0,2024
11,Nov,Southwest,LAX,LGA,7.4,16.5,2024
2,Feb,Delta,MIA,EWR,25.7,39.3,2024
9,Sep,United,DTW,MSP,43.7,32.7,2024
2,Feb,United,PHX,DFW,13.0,23.0,2024
3,Mar,United,SFO,ORD,38.0,36.3,2024
7,Jul,American,ATL,MIA,13.9,25.5,2024
3,Mar,JetBlue,SFO,LAX,53.3,61.6,2024
9,Sep,Delta,CLT,IAH,34.5,30.8,2024
6,Jun,United,MIA,DFW,27.0,21.7,2024
3,Mar,Alaska,JFK,LGA,2.9,6.7,2024
9,Sep,American,SFO,JFK,19.8,11.8,2024
1,Jan,American,SFO,PHX,35.3,41.3,2024
10,Oct,Alaska,ATL,MIA,12.8,17.5,2024
3,Mar,Delta,PHX,DEN,17.4,24.2,2024
1,Jan,Southwest,CLT,IAH,20.7,27.1,2024
2,Feb,American,SEA,PHX,22.4,22.8,2024
12,Dec,Delta,SLC,LAS,26.8,30.0,2024
8,Aug,American,ORD,EWR,26.0,46.1,2024
7,Jul,Delta,CLT,PHX,7.5,22.0,2024
2,Feb,United,DFW,PHX,27.2,30.1,2024
2,Feb,Spirit,JFK,DFW,13.6,22.7,2024
9,Sep,Southwest,PHX,DTW,21.7,10.1,2024
6,Jun,Alaska,IAH,SEA,33.3,41.1,2024
5,May,American,EWR,ATL,47.0,49.7,2024
10,Oct,Alaska,IAH,EWR,29.5,33.2,2024
6,Jun,Frontier,JFK,LGA,20.3,31.6,2024
9,Sep,American,SLC,PHX,33.6,28.1,2024
11,Nov,American,LGA,JFK,33.5,25.6,2024
7,Jul,Spirit,IAH,SFO,24.2,21.4,2024
10,Oct,JetBlue,MSP,IAH,30.5,22.0,2024
10,Oct,JetBlue,SFO,LAX,24.1,26.7,2024
9,Sep,Spirit,MCO,LAS,33.4,18.5,2024
4,Apr,Alaska,BOS,DEN,18.3,39.3,2024
2,Feb,United,LAX,SEA,26.9,26.3,2024
12,Dec,American,BOS,DEN,7.0,15.1,2024
8,Aug,Frontier,BOS,CLT,50.4,52.9,2024
4,Apr,Southwest,DFW,SEA,13.5,15.6,2024
9,Sep,Frontier,DFW,DEN,24.9,11.3,2024
4,Apr,JetBlue,IAH,DEN,14.4,15.1,2024
8,Aug,Delta,EWR,MCO,5.1,15.5,2024
9,Sep,Delta,DTW,LGA,27.4,29.6,2024
9,Sep,Delta,LGA,LAS,5.1,4.5,2024
10,Oct,United,LGA,LAX,31.5,39.5,2024
4,Apr,Spirit,ORD,ATL,20.6,14.6,2024
1,Jan,American,JFK,MIA,35.7,42.9,2024
3,Mar,American,MSP,CLT,25.1,26.5,2024
9,Sep,Alaska,LAS,ATL,0.1,17.1,2024
4,Apr,Frontier,LAS,SFO,40.4,36.5,2024
5,May,Frontier,SEA,SLC,12.7,16.4,2024
7,Jul,JetBlue,LGA,CLT,40.6,47.0,2024
5,May,Delta,EWR,JFK,11.4,8.9,2024
4,Apr,United,EWR,MCO,34.2,32.8,2024
2,Feb,Alaska,SLC,PHX,11.0,20.8,2024
2,Feb,Southwest,EWR,BOS,50.2,59.1,2024
4,Apr,American,DTW,MSP,45.1,40.2,2024
10,Oct,American,MCO,CLT,16.0,29.0,2024
10,Oct,United,DTW,SLC,12.2,11.0,2024
9,Sep,Alaska,DTW,LGA,-0.2,3.2,2024
8,Aug,Alaska,DTW,MSP,15.5,39.6,2024
3,Mar,JetBlue,BOS,LAX,13.2,20.8,2024
9,Sep,Spirit,JFK,IAH,19.6,23.9,2024
5,May,United,MCO,MIA,21.7,23.3,2024
11,Nov,Alaska,MSP,DEN,12.2,16.3,2024
3,Mar,JetBlue,EWR,DFW,19.5,143.7,2024
5,May,Alaska,LAS,LAX,57.0,62.5,2024
10,Oct,American,LAX,EWR,5.6,14.2,2024
4,Apr,JetBlue,ORD,SFO,25.1,21.0,2024
8,Aug,Alaska,PHX,SEA,23.4,21.8,2024
12,Dec,Spirit,MCO,SEA,19.5,29.7,2024
5,May,Spirit,LAX,LAX,36.4,29.3,2024
10,Oct,JetBlue,PHX,CLT,12.6,9.3,2024
12,Dec,Spirit,SEA,DEN,31.0,33.4,2024
8,Aug,JetBlue,LGA,SLC,28.0,22.5,2024
9,Sep,Spirit,ATL,PHX,20.8,14.9,2024
4,Apr,Alaska,JFK,LAS,8.9,18.1,2024
7,Jul,JetBlue,SFO,MCO,16.5,19.7,2024
2,Feb,Spirit,CLT,SEA,24.2,24.3,2024
6,Jun,Delta,IAH,DEN,20.0,141.9,2024
8,Aug,Spirit,LAS,SLC,39.2,35.6,2024
12,Dec,Delta,SEA,MSP,26.3,39.0,2024
7,Jul,Alaska,PHX,DTW,16.6,27.5,2024
7,Jul,Delta,DFW,SEA,35.1,31.7,2024
8,Aug,Delta,MCO,EWR,64.0,75.5,2024
7,Jul,United,SEA,DEN,34.9,38.2,2024
5,May,Spirit,ATL,ATL,24.8,17.9,2024
7,Jul,Southwest,SEA,SLC,34.5,43.7,2024
10,Oct,Alaska,BOS,SLC,15.8,234.5,2024
3,Mar,JetBlue,CLT,LGA,19.0,11.5,2024
5,May,United,MSP,PHX,41.0,46.6,2024
7,Jul,Alaska,EWR,DEN,24.6,32.3,2024
9,Sep,Delta,IAH,SFO,35.9,24.9,2024
2,Feb,JetBlue,ATL,EWR,1.4,18.5,2024
4,Apr,Southwest,LGA,ORD,28.1,23.6,2024
12,Dec,Alaska,EWR,BOS,24.5,37.9,2024
7,Jul,JetBlue,DEN,DTW,43.3,32.4,2024
1,Jan,Spirit,MCO,MCO,30.5,31.9,2024
2,Feb,Spirit,PHX,ATL,14.2,20.2,2024
9,Sep,American,JFK,SFO,4.5,7.7,2024
10,Oct,American,BOS,IAH,22.4,20.9,2024
7,Jul,Alaska,PHX,DFW,11.4,16.6,2024
12,Dec,United,LGA,EWR,21.0,21.7,2024
10,Oct,Southwest,LAX,MIA,39.1,74.6,2024
7,Jul,United,SLC,IAH,32.1,31.3,2024
6,Jun,JetBlue,MCO,EWR,15.0,11.7,2024
3,Mar,Southwest,JFK,SFO,21.3,19.3,2024
10,Oct,Alaska,MSP,ORD,51.7,43.4,2024
3,Mar,United,LAS,DEN,18.6,20.8,2024
2,Feb,JetBlue,BOS,IAH,66.1,70.6,2024
11,Nov,Delta,IAH,LGA,26.9,30.6,2024
6,Jun,JetBlue,SEA,ATL,11.6,10.6,2024
4,Apr,Spirit,IAH,EWR,11.4,16.7,2024
5,May,United,LAX,CLT,13.7,6.4,2024
3,Mar,Alaska,SEA,MSP,8.6,16.0,2024
6,Jun,Alaska,PHX,SFO,17.7,27.5,2024
11,Nov,Southwest,LAS,ORD,21.0,22.2,2024
12,Dec,Frontier,IAH,MSP,14.7,25.3,2024
3,Mar,Southwest,SEA,EWR,22.7,22.1,2024
8,Aug,Frontier,SLC,ATL,46.7,40.5,2024
9,Sep,Frontier,ORD,ATL,23.8,27.3,2024
4,Apr,Delta,LAS,EWR,24.5,19.1,2024
9,Sep,Frontier,MSP,LAX,25.5,22.6,2024
12,Dec,United,LAS,IAH,17.9,19.4,2024
7,Jul,Spirit,MCO,IAH,58.0,56.2,2024
3,Mar,Alaska,BOS,DEN,24.8,24.6,2024
7,Jul,Alaska,MSP,DEN,10.4,13.2,2024
1,Jan,Delta,SEA,SEA,39.7,50.1,2024
3,Mar,American,CLT,LAS,35.4,43.7,2024
6,Jun,Alaska,MSP,DTW,19.1,12.2,2024
4,Apr,JetBlue,MSP,MSP,14.6,19.5,2024
7,Jul,American,LGA,IAH,20.8,28.4,2024
3,Mar,American,CLT,DFW,10.4,12.3,2024
1,Jan,Delta,SLC,IAH,36.9,41.0,2024
9,Sep,Frontier,ORD,MCO,16.5,17.6,2024
6,Jun,Delta,DTW,CLT,26.8,22.2,2024
8,Aug,JetBlue,PHX,SFO,13.7,19.4,2024
3,Mar,Frontier,LGA,MSP,14.0,9.6,2024
8,Aug,Delta,SEA,LAX,38.4,40.7,2024
2,Feb,Delta,IAH,LAS,31.9,39.3,2024
12,Dec,Delta,BOS,DEN,16.9,27.3,2024
4,Apr,Alaska,LGA,ATL,22.9,29.3,2024
3,Mar,Delta,MIA,SLC,16.8,11.1,2024
10,Oct,Delta,LAS,MCO,28.3,29.3,2024
1,Jan,Spirit,CLT,SLC,31.7,38.1,2024
7,Jul,American,LAS,MSP,29.2,33.8,2024
11,Nov,American,BOS,JFK,14.9,9.1,2024
10,Oct,JetBlue,MIA,PHX,16.7,15.5,2024
2,Feb,Southwest,LGA,MIA,24.6,21.0,2024
4,Apr,JetBlue,JFK,EWR,16.0,8.1,2024
9,Sep,Alaska,SEA,ATL,13.8,7.2,2024
6,Jun,Alaska,PHX,SLC,19.0,18.3,2024
8,Aug,Alaska,CLT,DEN,14.9,19.3,2024
2,Feb,United,DFW,JFK,6.2,23.2,2024
7,Jul,JetBlue,IAH,JFK,19.1,29.0,2024
6,Jun,Spirit,MIA,DEN,50.4,56.9,2024
9,Sep,JetBlue,LAS,JFK,33.1,36.5,2024
7,Jul,Delta,LAS,MSP,28.6,34.8,2024
1,Jan,Delta,SEA,ATL,5.3,22.5,2024
8,Aug,Delta,ORD,ATL,37.5,24.8,2024
11,Nov,Southwest,IAH,DTW,26.6,18.7,2024
10,Oct,Spirit,DTW,SEA,37.2,39.4,2024
3,Mar,Spirit,ORD,LAS,26.7,18.1,2024
2,Feb,Alaska,LGA,PHX,9.3,16.9,2024
12,Dec,Delta,DFW,JFK,15.0,25.2,2024
3,Mar,United,IAH,LAS,13.6,13.7,2024
11,Nov,Spirit,CLT,IAH,20.3,17.0,2024
6,Jun,American,SLC,CLT,13.5,23.3,2024
3,Mar,United,JFK,DFW,15.6,17.6,2024
10,Oct,Spirit,CLT,LAX,13.1,18.1,2024
5,May,Spirit,SFO,JFK,22.9,13.9,2024
6,Jun,Southwest,BOS,LGA,27.7,22.3,2024
8,Aug,Delta,EWR,SFO,14.9,132.6,2024
7,Jul,JetBlue,LAS,MCO,17.4,13.9,2024
11,Nov,Spirit,MCO,CLT,20.6,31.3,2024
8,Aug,American,DEN,LAX,26.0,27.4,2024
3,Mar,Frontier,MIA,BOS,33.6,19.0,2024
4,Apr,Alaska,LAX,PHX,15.7,212.0,2024
6,Jun,Frontier,EWR,LGA,24.9,20.3,2024
11,Nov,Southwest,DFW,IAH,10.9,17.4,2024
7,Jul,United,DEN,EWR,20.3,43.1,2024
9,Sep,Spirit,SFO,PHX,37.1,20.3,2024
1,Jan,Delta,JFK,SEA,27.5,24.7,2024
8,Aug,Southwest,PHX,MSP,16.3,29.5,2024
8,Aug,Southwest,DTW,EWR,16.7,25.0,2024
6,Jun,JetBlue,SEA,SEA,20.8,19.5,2024
4,Apr,Frontier,DTW,BOS,20.6,9.9,2024
3,Mar,Alaska,DTW,LGA,25.4,20.1,2024
11,Nov,JetBlue,MCO,EWR,11.2,14.5,2024
3,Mar,JetBlue,ORD,LAS,12.7,17.4,2024
6,Jun,Alaska,ATL,SLC,21.7,20.7,2024
8,Aug,United,LAS,LGA,13.1,23.1,2024
7,Jul,JetBlue,LAS,SEA,16.8,23.8,2024
11,Nov,Alaska,LAX,BOS,21.6,30.8,2024
1,Jan,Southwest,EWR,LAS,13.8,20.1,2024
11,Nov,Spirit,SEA,JFK,16.8,13.4,2024
6,Jun,Southwest,JFK,PHX,25.8,31.3,2024
7,Jul,Alaska,MSP,LAS,21.5,22.5,2024
12,Dec,Southwest,ATL,DFW,20.4,35.6,2024
7,Jul,Spirit,SLC,MIA,18.4,15.7,2024
9,Sep,American,CLT,JFK,24.4,19.3,2024
11,Nov,American,ATL,IAH,56.5,54.0,2024
11,Nov,Alaska,PHX,DFW,12.3,16.2,2024
10,Oct,Alaska,ATL,BOS,11.9,15.5,2024
5,May,United,BOS,LAS,18.2,9.2,2024
1,Jan,Spirit,MIA,CLT,24.4,20.9,2024
2,Feb,Alaska,LGA,LAS,13.1,21.7,2024
4,Apr,JetBlue,DFW,JFK,17.4,12.6,2024
5,May,Southwest,SFO,MIA,28.9,18.6,2024
9,Sep,Frontier,BOS,SFO,29.3,24.2,2024
11,Nov,JetBlue,MSP,DTW,48.8,27.6,2024
1,Jan,Alaska,DEN,EWR,14.0,29.2,2024
3,Mar,Southwest,JFK,CLT,10.7,15.7,2024
5,May,American,LAX,MCO,26.1,25.6,2024
3,Mar,Frontier,SFO,LAS,29.6,23.8,2024
4,Apr,Southwest,DTW,SLC,8.3,10.1,2024
3,Mar,Frontier,DTW,BOS,13.2,13.9,2024
4,Apr,United,PHX,MIA,35.4,24.6,2024
1,Jan,Delta,DFW,SEA,5.2,23.6,2024
12,Dec,Frontier,ORD,ORD,34.3,46.8,2024
8,Aug,Spirit,DTW,SLC,35.7,39.3,2024
4,Apr,Southwest,JFK,ORD,5.1,1.8,2024
7,Jul,Alaska,CLT,ORD,21.6,33.0,2024
2,Feb,United,SEA,JFK,18.9,22.0,2024
2,Feb,American,DEN,MIA,27.0,50.6,2024
6,Jun,Frontier,ORD,MCO,6.3,14.4,2024
2,Feb,Frontier,ORD,DTW,25.8,119.6,2024
6,Jun,American,MSP,LAX,19.1,29.5,2024
11,Nov,Delta,LAX,BOS,11.2,16.8,2024
2,Feb,Alaska,ATL,EWR,13.1,30.5,2024
4,Apr,JetBlue,BOS,ORD,34.3,25.6,2024
7,Jul,JetBlue,SEA,EWR,23.5,23.2,2024
8,Aug,Southwest,SLC,PHX,18.3,8.0,2024
3,Mar,American,LAS,MCO,23.9,16.4,2024
9,Sep,United,DTW,DEN,19.8,16.1,2024
2,Feb,Delta,IAH,MSP,28.0,33.4,2024
8,Aug,JetBlue,PHX,BOS,33.8,39.0,2024
8,Aug,Southwest,LAS,ATL,36.6,33.3,2024
4,Apr,Frontier,JFK,MCO,39.3,38.8,2024
1,Jan,Southwest,ATL,MIA,6.6,25.8,2024
1,Jan,American,DEN,SLC,23.1,28.3,2024
2,Feb,United,PHX,CLT,19.8,14.7,2024
12,Dec,United,MSP,IAH,18.5,22.5,2024
9,Sep,Frontier,DFW,EWR,16.1,15.0,2024
2,Feb,JetBlue,ATL,SFO,27.4,33.7,2024
2,Feb,Frontier,LAX,PHX,29.4,42.3,2024
6,Jun,Southwest,DFW,EWR,41.0,39.7,2024
7,Jul,American,LGA,LGA,28.5,36.0,2024
7,Jul,Frontier,PHX,SFO,40.0,41.2,2024
9,Sep,United,BOS,MIA,15.0,10.8,2024
6,Jun,Southwest,LAX,LGA,38.3,43.0,2024
8,Aug,United,ORD,DEN,28.1,32.8,2024
11,Nov,Delta,DTW,ATL,9.2,14.5,2024
6,Jun,United,CLT,ORD,16.5,22.8,2024
2,Feb,United,MSP,EWR,14.8,170.7,2024
1,Jan,Southwest,LAS,CLT,39.1,40.3,2024
5,May,United,LAX,DFW,17.4,23.3,2024
9,Sep,United,SLC,BOS,8.8,7.6,2024
8,Aug,Delta,EWR,ATL,10.3,19.4,2024
4,Apr,United,MIA,LGA,20.3,12.0,2024
5,May,United,BOS,CLT,29.0,8.2,2024
5,May,Southwest,ATL,MCO,4.4,16.5,2024
6,Jun,American,LAX,MCO,24.1,29.4,2024
3,Mar,Frontier,EWR,PHX,21.1,18.0,2024
5,May,Delta,LAX,MIA,9.6,19.6,2024
2,Feb,Frontier,SLC,IAH,25.9,109.1,2024
10,Oct,United,PHX,LAX,28.2,26.7,2024
1,Jan,American,SLC,JFK,16.4,15.6,2024
11,Nov,Frontier,PHX,EWR,26.2,28.0,2024
1,Jan,Southwest,EWR,SFO,32.4,28.9,2024
10,Oct,Delta,MSP,SLC,54.3,57.2,2024
7,Jul,Alaska,EWR,BOS,11.1,18.1,2024
2,Feb,Frontier,IAH,IAH,31.8,39.5,2024
4,Apr,Southwest,SEA,PHX,13.2,10.9,2024
5,May,American,IAH,SFO,15.4,3.5,2024
7,Jul,Delta,MSP,DFW,3.8,19.9,2024
2,Feb,United,SFO,LGA,12.6,19.8,2024
6,Jun,Frontier,IAH,LGA,27.4,31.8,2024
1,Jan,American,JFK,DFW,15.0,23.7,2024
7,Jul,Frontier,LAS,DEN,32.3,32.1,2024
9,Sep,Southwest,JFK,ATL,24.4,20.9,2024
5,May,Delta,IAH,SLC,8.3,30.0,2024
5,May,American,LGA,MIA,73.5,64.4,2024
4,Apr,Spirit,BOS,ATL,51.9,56.8,2024
3,Mar,Alaska,ORD,SEA,10.5,9.2,2024
9,Sep,Frontier,DEN,DFW,18.5,15.9,2024
5,May,American,SFO,CLT,29.5,12.5,2024
8,Aug,Southwest,PHX,LGA,4.6,27.5,2024
9,Sep,Southwest,PHX,IAH,30.3,21.2,2024
5,May,United,SLC,ORD,18.1,23.3,2024
10,Oct,United,DFW,IAH,10.5,14.7,2024
9,Sep,American,PHX,SFO,17.1,19.0,2024
2,Feb,Southwest,IAH,LGA,17.3,35.6,2024
9,Sep,Spirit,ORD,IAH,14.8,12.3,2024
11,Nov,Frontier,ORD,MCO,20.4,35.9,2024
4,Apr,American,DEN,SEA,34.1,38.2,2024
6,Jun,Spirit,EWR,MIA,31.6,37.3,2024
6,Jun,Frontier,MCO,ORD,18.2,15.9,2024
6,Jun,JetBlue,MSP,SFO,9.8,11.1,2024
2,Feb,Alaska,MIA,CLT,9.1,25.3,2024
7,Jul,Southwest,MSP,PHX,5.3,17.5,2024
6,Jun,Spirit,SLC,BOS,24.4,22.9,2024
11,Nov,JetBlue,JFK,BOS,16.2,18.9,2024
1,Jan,Spirit,MSP,SLC,9.5,16.8,2024
2,Feb,JetBlue,DFW,SLC,15.0,19.1,2024
7,Jul,Southwest,DEN,CLT,27.6,22.3,2024
1,Jan,United,SLC,DEN,6.5,10.1,2024
1,Jan,American,DEN,MSP,34.8,48.4,2024
1,Jan,Delta,DTW,LAS,19.7,27.2,2024
8,Aug,Delta,DFW,PHX,27.0,33.4,2024
4,Apr,Alaska,BOS,SEA,8.8,10.8,2024
4,Apr,Spirit,JFK,LAS,16.0,17.7,2024
2,Feb,Frontier,SLC,JFK,16.3,26.7,2024
11,Nov,Southwest,PHX,IAH,20.9,10.4,2024
11,Nov,Spirit,ATL,PHX,29.8,31.3,2024
11,Nov,United,EWR,CLT,29.7,25.2,2024
1,Jan,United,DFW,MSP,15.3,184.5,2024
12,Dec,United,LAS,MIA,34.7,48.0,2024
10,Oct,Delta,IAH,LAX,3.1,-0.4,2024
9,Sep,JetBlue,LGA,SEA,31.2,35.1,2024
7,Jul,Alaska,CLT,IAH,17.6,22.0,2024
4,Apr,Spirit,SLC,ORD,43.1,36.5,2024
12,Dec,Frontier,SFO,ORD,14.5,23.7,2024
6,Jun,Delta,IAH,SFO,8.3,12.8,2024
2,Feb,United,JFK,IAH,5.9,29.7,2024
7,Jul,Delta,SLC,LAS,5.1,12.8,2024
2,Feb,Delta,BOS,IAH,24.3,29.4,2024
10,Oct,Alaska,ORD,ATL,8.7,8.6,2024
8,Aug,American,ATL,DFW,0.8,6.4,2024
8,Aug,Southwest,DEN,DFW,31.3,47.1,2024
1,Jan,Spirit,ATL,LGA,41.4,42.6,2024
8,Aug,JetBlue,SEA,LAX,18.5,30.7,2024
2,Feb,Spirit,SFO,CLT,10.5,15.4,2024
6,Jun,American,CLT,MSP,17.2,7.7,2024
1,Jan,Southwest,MIA,LAS,39.5,45.8,2024
5,May,United,IAH,SFO,5.3,10.0,2024
11,Nov,Alaska,DTW,BOS,5.6,9.6,2024
7,Jul,Alaska,LAS,BOS,-0.3,26.1,2024
10,Oct,American,DEN,DTW,23.9,11.9,2024
1,Jan,Spirit,DFW,CLT,25.6,17.9,2024
2,Feb,Southwest,BOS,ATL,19.6,22.1,2024
7,Jul,Alaska,ATL,LAS,14.6,17.6,2024
6,Jun,Frontier,MSP,EWR,23.6,33.6,2024
3,Mar,Frontier,ATL,LAS,22.5,24.6,2024
10,Oct,American,ORD,EWR,-0.0,4.0,2024
2,Feb,Alaska,SEA,LAX,42.6,54.2,2024
10,Oct,Delta,IAH,PHX,35.3,30.3,2024
4,Apr,Delta,EWR,IAH,31.8,16.2,2024
3,Mar,American,MCO,MSP,14.6,14.1,2024
7,Jul,Spirit,MCO,LAX,16.7,21.6,2024
8,Aug,American,EWR,MSP,28.5,35.9,2024
2,Feb,Spirit,LAX,ORD,16.2,22.8,2024
10,Oct,JetBlue,LGA,CLT,26.3,27.1,2024
7,Jul,United,PHX,ORD,21.4,17.0,2024
8,Aug,Frontier,SFO,PHX,27.0,19.2,2024
6,Jun,Delta,PHX,JFK,15.4,15.4,2024
6,Jun,Alaska,SLC,DTW,4.8,22.8,2024
10,Oct,American,MCO,LAS,6.1,5.2,2024
1,Jan,Southwest,LAS,IAH,49.9,50.6,2024
4,Apr,Alaska,LGA,SEA,8.8,11.5,2024
1,Jan,United,LAS,JFK,43.1,52.7,2024
4,Apr,Southwest,LAS,CLT,50.1,53.6,2024
2,Feb,Alaska,DEN,DTW,22.2,28.7,2024
11,Nov,United,SFO,CLT,29.4,44.3,2024
5,May,Southwest,MIA,MCO,11.4,-1.9,2024
10,Oct,Frontier,SEA,JFK,34.4,36.5,2024
9,Sep,Delta,DTW,BOS,14.0,19.1,2024
11,Nov,American,LAX,PHX,24.7,22.8,2024
12,Dec,Spirit,PHX,SLC,21.7,34.9,2024
10,Oct,Alaska,EWR,SEA,-7.1,1.2,2024
3,Mar,American,EWR,DEN,13.6,15.4,2024
8,Aug,JetBlue,SLC,PHX,35.8,30.0,2024
3,Mar,Alaska,MIA,MIA,25.8,25.3,2024
6,Jun,American,JFK,MCO,26.0,33.9,2024
4,Apr,Spirit,JFK,DTW,12.3,13.4,2024
8,Aug,Alaska,SFO,DTW,7.8,12.6,2024
11,Nov,Frontier,EWR,LAX,58.0,51.2,2024
6,Jun,Delta,MSP,LGA,16.0,25.6,2024
8,Aug,United,ORD,CLT,15.6,30.8,2024
1,Jan,United,LAS,ORD,36.9,57.1,2024
6,Jun,American,ORD,ORD,22.4,31.2,2024
1,Jan,Southwest,JFK,ORD,17.7,175.2,2024
1,Jan,American,LGA,ORD,31.5,42.6,2024
8,Aug,Alaska,ORD,IAH,17.3,19.6,2024
7,Jul,United,LAX,JFK,43.5,35.8,2024
3,Mar,Spirit,BOS,DTW,23.2,33.1,2024
6,Jun,Frontier,JFK,ORD,31.2,26.8,2024
9,Sep,Alaska,PHX,ATL,3.9,12.1,2024
7,Jul,JetBlue,MIA,PHX,13.4,37.5,2024
12,Dec,Frontier,EWR,MSP,18.3,32.0,2024
3,Mar,United,EWR,LAS,20.6,30.3,2024
6,Jun,Southwest,IAH,LAX,14.5,20.8,2024
11,Nov,Southwest,LAS,PHX,19.3,25.4,2024
4,Apr,JetBlue,SLC,BOS,27.0,20.1,2024
3,Mar,Alaska,LAX,SLC,8.8,-2.0,2024
9,Sep,Frontier,ATL,ORD,20.6,12.7,2024
10,Oct,Alaska,EWR,SLC,22.0,24.6,2024
2,Feb,Alaska,IAH,ATL,30.2,36.2,2024
1,Jan,Frontier,ORD,CLT,28.8,39.0,2024
2,Feb,Spirit,ATL,MSP,13.6,25.7,2024
7,Jul,Southwest,JFK,SFO,-4.0,12.2,2024
10,Oct,American,SLC,LAX,12.5,3.6,2024
1,Jan,American,SLC,MCO,22.0,15.4,2024
6,Jun,Spirit,MIA,MIA,19.0,34.1,2024
7,Jul,Spirit,SEA,EWR,37.3,39.2,2024
9,Sep,Frontier,DEN,DTW,14.5,24.9,2024
8,Aug,Spirit,MCO,CLT,33.3,27.7,2024
6,Jun,United,LAS,MCO,10.4,22.3,2024
3,Mar,Frontier,CLT,SLC,33.9,33.6,2024
8,Aug,Delta,DTW,SFO,32.6,30.7,2024
7,Jul,American,DFW,LAS,21.7,19.5,2024
3,Mar,Frontier,SEA,DFW,22.0,27.5,2024
9,Sep,American,MCO,JFK,14.0,10.1,2024
12,Dec,Alaska,LGA,PHX,7.7,346.2,2024
2,Feb,Spirit,LAX,ORD,24.3,124.2,2024
3,Mar,Frontier,MCO,ATL,21.9,119.1,2024
2,Feb,Alaska,EWR,JFK,3.0,16.8,2024
1,Jan,Spirit,PHX,DEN,21.9,31.9,2024
4,Apr,JetBlue,LAX,CLT,18.8,11.5,2024
5,May,American,MIA,MIA,23.5,32.0,2024
6,Jun,Spirit,PHX,MCO,22.7,37.4,2024
5,May,United,SLC,MSP,4.5,11.2,2024
1,Jan,Spirit,DTW,JFK,32.6,36.3,2024
3,Mar,Frontier,MIA,DEN,17.2,16.0,2024
1,Jan,Frontier,LAS,LAX,17.3,19.9,2024
11,Nov,Alaska,SFO,LGA,25.3,22.6,2024
5,May,Frontier,CLT,BOS,30.7,15.7,2024
5,May,JetBlue,MCO,BOS,27.2,12.9,2024
12,Dec,American,LGA,DTW,11.3,25.8,2024
11,Nov,United,ORD,SFO,12.2,25.4,2024
6,Jun,Frontier,CLT,DTW,52.3,53.5,2024
8,Aug,JetBlue,DTW,SFO,60.0,72.4,2024
10,Oct,Delta,SEA,LAS,33.2,35.5,2024
12,Dec,Alaska,DFW,DTW,7.9,12.6,2024
1,Jan,United,PHX,LGA,25.1,40.9,2024
4,Apr,Frontier,LAX,LGA,14.6,15.4,2024
10,Oct,American,DTW,MSP,21.4,22.2,2024
11,Nov,JetBlue,SEA,IAH,30.5,24.4,2024
1,Jan,Delta,PHX,SLC,10.1,16.1,2024
9,Sep,United,IAH,LGA,12.2,13.8,2024
11,Nov,Delta,CLT,JFK,12.5,20.3,2024
7,Jul,United,DEN,BOS,45.5,58.1,2024
7,Jul,American,MSP,JFK,13.5,19.8,2024
12,Dec,United,IAH,ORD,26.4,33.0,2024
5,May,American,LAX,CLT,18.5,22.5,2024
7,Jul,Frontier,MSP,ORD,20.1,24.0,2024
12,Dec,United,DTW,CLT,22.1,29.6,2024
2,Feb,Frontier,PHX,ATL,29.4,30.1,2024
4,Apr,Spirit,DFW,ORD,42.7,33.6,2024
7,Jul,JetBlue,CLT,DEN,46.2,47.6,2024
3,Mar,Frontier,SEA,DTW,21.1,16.9,2024
2,Feb,United,CLT,DFW,15.6,22.4,2024
10,Oct,United,DTW,LAS,27.0,31.1,2024
2,Feb,Southwest,LAS,IAH,28.0,37.9,2024
1,Jan,Southwest,MCO,PHX,17.8,30.0,2024
5,May,Frontier,ORD,SEA,18.7,16.3,2024
12,Dec,United,CLT,MSP,34.6,42.1,2024
6,Jun,Southwest,LGA,LAX,32.7,34.8,2024
6,Jun,Frontier,EWR,MCO,32.5,32.5,2024
9,Sep,American,DFW,MCO,42.1,35.8,2024
4,Apr,Frontier,MIA,SFO,12.8,15.5,2024
1,Jan,Southwest,SEA,MIA,36.2,45.6,2024
6,Jun,United,ORD,DEN,59.9,49.8,2024
5,May,Alaska,SLC,IAH,-1.2,14.2,2024
10,Oct,Delta,DTW,SEA,27.3,26.1,2024
6,Jun,Alaska,LAS,PHX,11.5,25.0,2024
3,Mar,Alaska,ORD,LAX,20.4,162.7,2024
2,Feb,Alaska,DFW,ORD,35.6,42.8,2024
6,Jun,Alaska,DFW,DEN,39.9,59.9,2024
1,Jan,Frontier,MIA,EWR,29.8,168.3,2024
7,Jul,Delta,SLC,PHX,18.1,27.2,2024
7,Jul,United,EWR,MIA,26.4,35.0,2024
10,Oct,Frontier,LGA,SLC,16.9,18.4,2024
7,Jul,United,PHX,EWR,32.6,36.3,2024
12,Dec,Delta,LGA,BOS,25.6,30.7,2024
11,Nov,Spirit,EWR,LAX,33.5,20.4,2024
10,Oct,Spirit,MCO,MIA,30.7,16.3,2024
1,Jan,JetBlue,JFK,ATL,25.2,27.1,2024
4,Apr,Frontier,SFO,DEN,19.4,13.8,2024
7,Jul,Southwest,DTW,DTW,20.3,20.6,2024
11,Nov,JetBlue,MIA,IAH,27.3,25.4,2024
9,Sep,American,BOS,SFO,11.6,20.7,2024
5,May,Alaska,DTW,DEN,1.2,14.5,2024
2,Feb,Spirit,DEN,SEA,47.4,49.8,2024
7,Jul,Alaska,DEN,CLT,54.5,46.3,2024
10,Oct,Delta,MCO,DEN,8.8,7.8,2024
1,Jan,Delta,CLT,MSP,6.5,30.1,2024
7,Jul,JetBlue,ATL,SLC,24.2,12.8,2024
6,Jun,American,LAS,LAX,17.6,26.0,2024
7,Jul,JetBlue,ORD,DEN,71.7,68.1,2024
10,Oct,American,DFW,DEN,12.6,14.3,2024
3,Mar,Frontier,EWR,JFK,21.8,13.0,2024
3,Mar,United,SFO,EWR,23.2,136.2,2024
7,Jul,Alaska,DTW,LAX,12.6,24.9,2024
2,Feb,United,EWR,DEN,17.8,33.4,2024
1,Jan,Delta,IAH,CLT,28.8,43.1,2024
9,Sep,United,EWR,ATL,37.9,231.7,2024
9,Sep,JetBlue,EWR,SLC,37.9,27.4,2024
7,Jul,American,LAX,ORD,13.5,14.0,2024
7,Jul,Delta,PHX,SLC,23.1,39.0,2024
3,Mar,United,SFO,CLT,37.2,41.9,2024
10,Oct,Delta,CLT,ORD,6.3,14.5,2024
2,Feb,Delta,LAS,SEA,31.1,48.9,2024
11,Nov,American,SFO,CLT,14.4,9.5,2024
7,Jul,JetBlue,EWR,ATL,20.3,7.5,2024
9,Sep,Alaska,ORD,JFK,19.8,31.0,2024
1,Jan,JetBlue,LGA,LGA,56.3,46.2,2024
4,Apr,Southwest,SEA,EWR,38.0,34.8,2024
6,Jun,JetBlue,LAX,MSP,3.9,11.5,2024
7,Jul,Frontier,MCO,ATL,56.3,57.6,2024
10,Oct,United,ORD,ORD,36.3,25.5,2024
7,Jul,Frontier,SEA,JFK,12.2,15.8,2024
10,Oct,Southwest,LAX,MCO,0.2,-1.8,2024
2,Feb,Southwest,SLC,ORD,16.6,31.0,2024
4,Apr,Southwest,LGA,CLT,12.8,10.8,2024
5,May,Southwest,DEN,CLT,18.9,23.7,2024
12,Dec,JetBlue,MCO,MIA,22.9,23.5,2024
1,Jan,Spirit,LGA,JFK,31.1,34.6,2024
1,Jan,Southwest,PHX,JFK,23.4,42.7,2024
10,Oct,United,LAS,LAS,33.2,41.6,2024
3,Mar,United,JFK,DTW,29.4,20.9,2024
10,Oct,Delta,MIA,MIA,12.0,11.1,2024
3,Mar,Spirit,LAX,JFK,29.9,10.1,2024
12,Dec,Spirit,BOS,IAH,17.5,28.1,2024
8,Aug,Frontier,BOS,MCO,22.9,24.0,2024
9,Sep,United,EWR,CLT,52.7,40.2,2024
11,Nov,Alaska,BOS,LAS,29.3,37.8,2024
12,Dec,Delta,IAH,MIA,55.9,66.5,2024
1,Jan,Frontier,MSP,LAX,28.5,35.1,2024
11,Nov,United,CLT,JFK,43.4,32.3,2024
2,Feb,Southwest,EWR,DTW,17.6,30.6,2024
10,Oct,American,DFW,DTW,17.2,57.7,2024
2,Feb,Frontier,BOS,MSP,23.7,25.2,2024
4,Apr,Southwest,LGA,DEN,19.1,15.6,2024
2,Feb,JetBlue,ATL,LAS,16.9,40.1,2024
7,Jul,Delta,IAH,MIA,7.3,20.7,2024
9,Sep,American,EWR,SFO,23.3,13.8,2024
7,Jul,Spirit,ATL,LAX,51.6,40.9,2024
12,Dec,Frontier,PHX,BOS,23.5,20.8,2024
6,Jun,United,SLC,DEN,14.0,16.1,2024
10,Oct,Southwest,EWR,LAX,5.1,19.2,2024
1,Jan,Spirit,DTW,DTW,26.6,28.6,2024
11,Nov,Delta,LAX,SFO,11.3,15.2,2024
10,Oct,Delta,JFK,DEN,22.1,17.6,2024
9,Sep,Spirit,DEN,DFW,19.0,21.4,2024
5,May,Frontier,BOS,PHX,21.2,28.5,2024
11,Nov,United,DFW,EWR,11.1,10.1,2024
5,May,Delta,DFW,JFK,4.5,19.3,2024
6,Jun,Frontier,DEN,JFK,13.6,10.3,2024
9,Sep,United,SFO,LAS,10.3,11.5,2024
8,Aug,Spirit,JFK,ATL,30.8,28.4,2024
8,Aug,Frontier,MSP,EWR,10.5,29.6,2024
8,Aug,United,DFW,LGA,23.1,26.4,2024
1,Jan,Southwest,MSP,MSP,14.5,23.4,2024
1,Jan,Delta,DFW,JFK,11.7,23.3,2024
8,Aug,Spirit,PHX,LAX,24.1,30.2,2024
5,May,JetBlue,MCO,SEA,46.4,37.5,2024
9,Sep,JetBlue,ATL,DFW,61.6,74.4,2024
2,Feb,Southwest,SEA,LAS,20.0,37.6,2024
9,Sep,Spirit,SFO,SFO,41.2,37.3,2024
12,Dec,Southwest,DEN,ATL,27.2,34.4,2024
8,Aug,United,ORD,DTW,9.0,9.4,2024
9,Sep,Spirit,CLT,LAX,28.9,33.5,2024
4,Apr,JetBlue,LGA,SEA,29.7,41.9,2024
1,Jan,Delta,MSP,MIA,34.4,40.6,2024
1,Jan,JetBlue,CLT,DEN,16.6,13.4,2024
5,May,Frontier,SLC,IAH,24.4,23.3,2024
2,Feb,Southwest,MCO,BOS,19.0,26.7,2024
8,Aug,Southwest,DTW,MCO,20.1,24.5,2024
10,Oct,Spirit,MSP,SLC,20.9,19.1,2024
11,Nov,Spirit,BOS,DEN,38.2,26.9,2024
5,May,Spirit,LAS,SFO,23.0,19.1,2024
5,May,Spirit,ORD,LAX,25.0,28.7,2024
2,Feb,United,MIA,LGA,15.3,16.7,2024
7,Jul,Delta,PHX,MSP,35.2,40.2,2024
8,Aug,Southwest,ATL,MIA,16.0,15.1,2024
10,Oct,Frontier,LGA,DEN,14.2,9.1,2024
1,Jan,Alaska,MSP,MSP,3.9,23.8,2024
2,Feb,Delta,DTW,MSP,10.8,23.1,2024
10,Oct,JetBlue,ATL,SEA,22.0,13.7,2024
4,Apr,United,LAX,MIA,35.9,30.5,2024
5,May,Spirit,LAX,SEA,10.3,14.3,2024
2,Feb,JetBlue,SFO,PHX,11.8,27.3,2024
1,Jan,Spirit,LAS,MIA,30.1,25.3,2024
9,Sep,Alaska,DFW,ATL,13.9,23.0,2024
1,Jan,Southwest,LAX,SFO,42.9,50.8,2024
4,Apr,Frontier,SLC,SEA,24.5,21.1,2024
2,Feb,Southwest,DEN,JFK,14.2,27.4,2024
11,Nov,Frontier,LAS,DTW,29.5,23.0,2024
4,Apr,Delta,MSP,MCO,8.5,6.6,2024
8,Aug,Spirit,BOS,SFO,20.8,23.0,2024
8,Aug,Frontier,SLC,ORD,18.1,26.0,2024
11,Nov,Southwest,LAS,LAX,22.1,22.4,2024
12,Dec,Frontier,PHX,IAH,19.6,20.0,2024
9,Sep,Alaska,SLC,ORD,13.6,-0.6,2024
11,Nov,Delta,PHX,DTW,18.2,17.1,2024
12,Dec,Alaska,BOS,IAH,10.1,16.3,2024
5,May,American,DTW,MSP,17.0,27.7,2024
7,Jul,Southwest,SEA,SEA,16.0,20.8,2024
3,Mar,JetBlue,EWR,DFW,22.6,5.7,2024
10,Oct,JetBlue,LGA,CLT,47.5,131.2,2024
4,Apr,Delta,MCO,BOS,19.1,14.8,2024
10,Oct,Alaska,DFW,DTW,9.1,11.9,2024
9,Sep,Alaska,JFK,MCO,4.1,10.3,2024
10,Oct,Alaska,BOS,SFO,41.6,38.7,2024
10,Oct,Alaska,IAH,BOS,28.4,22.9,2024
12,Dec,American,SFO,LAS,54.2,61.6,2024
1,Jan,Frontier,DEN,PHX,26.9,23.1,2024
2,Feb,Southwest,PHX,SEA,8.3,20.4,2024
5,May,Alaska,JFK,MCO,16.4,15.7,2024
3,Mar,United,DTW,LAX,21.3,16.9,2024
2,Feb,United,JFK,EWR,19.2,24.7,2024
1,Jan,Spirit,DTW,IAH,14.6,32.7,2024
10,Oct,Spirit,BOS,MCO,21.1,3.2,2024
3,Mar,JetBlue,BOS,PHX,18.3,27.7,2024
1,Jan,Southwest,SEA,JFK,6.8,8.7,2024
12,Dec,United,PHX,JFK,9.8,23.3,2024
1,Jan,Delta,EWR,MCO,16.5,31.0,2024
12,Dec,Southwest,MCO,MSP,49.3,55.1,2024
1,Jan,JetBlue,SEA,SLC,24.0,30.6,2024
8,Aug,Spirit,LAS,LGA,12.8,14.8,2024
3,Mar,American,MSP,LAX,21.6,10.5,2024
11,Nov,Delta,MCO,IAH,13.7,76.5,2024
1,Jan,Delta,LGA,SFO,-3.3,12.8,2024
7,Jul,Frontier,SLC,DTW,20.2,29.4,2024
10,Oct,Alaska,LGA,CLT,37.1,29.2,2024
3,Mar,Southwest,SFO,SEA,17.8,25.7,2024
8,Aug,Frontier,ATL,LAS,27.6,16.7,2024
4,Apr,Spirit,MCO,MIA,17.0,13.4,2024
4,Apr,American,DTW,ORD,37.6,21.7,2024
5,May,Delta,LGA,MCO,17.9,12.4,2024
6,Jun,American,MSP,DTW,12.3,14.5,2024
7,Jul,Frontier,LAX,SEA,43.3,45.0,2024
4,Apr,JetBlue,DTW,ORD,66.7,62.0,2024
8,Aug,Delta,ATL,IAH,11.4,11.7,2024
6,Jun,Spirit,DEN,DTW,52.4,45.2,2024
1,Jan,United,SFO,MCO,32.4,52.7,2024
1,Jan,Spirit,SLC,SEA,27.9,33.3,2024
9,Sep,JetBlue,DTW,LGA,29.9,40.1,2024
10,Oct,JetBlue,DTW,SEA,33.1,16.6,2024
6,Jun,Alaska,CLT,DEN,17.7,16.3,2024
10,Oct,Frontier,DEN,BOS,18.0,16.2,2024
8,Aug,Delta,DEN,LAX,11.8,11.2,2024
7,Jul,United,LAX,LGA,31.7,37.1,2024
12,Dec,Frontier,IAH,MSP,25.5,23.7,2024
6,Jun,American,LAS,DTW,27.6,48.6,2024
4,Apr,United,PHX,LAS,18.4,14.9,2024
7,Jul,Frontier,IAH,LAS,17.8,11.8,2024
9,Sep,JetBlue,DFW,LAS,22.2,17.7,2024
11,Nov,Delta,SEA,MCO,6.9,5.7,2024
10,Oct,United,IAH,JFK,56.1,62.2,2024
10,Oct,Spirit,MCO,BOS,32.8,26.1,2024
7,Jul,United,LGA,PHX,31.9,42.9,2024
1,Jan,JetBlue,EWR,DEN,9.2,31.6,2024
10,Oct,Frontier,IAH,IAH,5.0,11.3,2024
9,Sep,American,SFO,SFO,3.8,19.1,2024
4,Apr,Frontier,ATL,MSP,11.6,12.2,2024
3,Mar,United,ATL,ATL,17.9,20.6,2024
4,Apr,Alaska,IAH,JFK,35.3,27.2,2024
4,Apr,Frontier,DFW,SEA,43.9,41.2,2024
10,Oct,Frontier,MCO,LAS,22.9,15.0,2024
11,Nov,Frontier,MCO,SFO,9.1,13.7,2024
2,Feb,United,DFW,PHX,15.7,21.3,2024
12,Dec,Southwest,JFK,SEA,32.4,47.8,2024
1,Jan,JetBlue,ORD,LAX,26.3,32.8,2024
12,Dec,Southwest,JFK,IAH,17.2,17.6,2024
10,Oct,JetBlue,MSP,CLT,42.6,29.5,2024
12,Dec,JetBlue,SFO,JFK,14.9,28.4,2024
1,Jan,Southwest,DFW,DTW,9.2,21.9,2024
8,Aug,Spirit,ATL,IAH,36.4,40.3,2024
2,Feb,American,JFK,ORD,45.4,53.9,2024
12,Dec,American,DEN,ATL,17.3,22.5,2024
10,Oct,JetBlue,MSP,ATL,11.5,7.0,2024
5,May,Spirit,SLC,DTW,32.4,30.4,2024
12,Dec,Spirit,DFW,ATL,37.6,35.6,2024
4,Apr,Southwest,JFK,ATL,16.0,13.6,2024
8,Aug,United,MSP,DFW,36.9,54.6,2024
2,Feb,JetBlue,DEN,BOS,13.4,17.4,2024
10,Oct,Alaska,MSP,CLT,11.8,23.9,2024
9,Sep,JetBlue,PHX,DFW,25.6,23.1,2024
7,Jul,Delta,ORD,PHX,11.5,28.5,2024
7,Jul,American,MSP,MIA,12.8,15.8,2024
1,Jan,Southwest,BOS,JFK,2.5,13.2,2024
12,Dec,United,DFW,PHX,25.8,173.3,2024
2,Feb,Alaska,PHX,BOS,11.1,25.6,2024
4,Apr,Spirit,ORD,ORD,23.6,23.3,2024
4,Apr,United,LGA,CLT,18.1,20.1,2024
11,Nov,Alaska,LAS,EWR,30.8,41.3,2024
3,Mar,JetBlue,ATL,PHX,12.8,21.3,2024
7,Jul,Frontier,IAH,MIA,14.5,27.3,2024
12,Dec,Frontier,LAS,EWR,32.7,37.7,2024
8,Aug,United,MCO,LGA,16.6,17.4,2024
2,Feb,United,LAS,DTW,23.3,27.5,2024
4,Apr,JetBlue,LAX,EWR,8.7,3.8,2024
3,Mar,American,SLC,DTW,51.3,58.3,2024
2,Feb,Delta,EWR,JFK,2.2,21.2,2024
12,Dec,American,ORD,PHX,27.2,37.4,2024
6,Jun,American,EWR,LGA,25.9,24.8,2024
4,Apr,Delta,MSP,PHX,9.0,7.8,2024
6,Jun,Frontier,ORD,PHX,12.9,179.0,2024
2,Feb,JetBlue,PHX,DTW,30.1,40.3,2024
12,Dec,American,IAH,MCO,14.6,20.3,2024
4,Apr,Southwest,JFK,LGA,14.3,-3.8,2024
11,Nov,Southwest,JFK,LAS,35.0,30.9,2024
6,Jun,Delta,IAH,CLT,13.5,21.6,2024
5,May,Southwest,JFK,SFO,12.2,6.6,2024
3,Mar,Frontier,JFK,LAX,22.3,10.2,2024
8,Aug,JetBlue,MSP,DFW,13.6,17.0,2024
7,Jul,United,DTW,MCO,3.4,13.3,2024
3,Mar,Frontier,SFO,IAH,29.7,24.6,2024
6,Jun,JetBlue,MSP,MIA,23.1,22.8,2024
4,Apr,Delta,CLT,DEN,15.1,17.3,2024
11,Nov,United,BOS,SEA,15.9,12.5,2024
5,May,Southwest,ATL,MCO,9.1,6.3,2024
11,Nov,American,ORD,DEN,14.0,15.8,2024
5,May,Spirit,IAH,LAX,19.1,11.0,2024
7,Jul,Frontier,SEA,DEN,54.4,312.8,2024
11,Nov,Southwest,LAX,ORD,22.4,16.0,2024
5,May,JetBlue,DFW,BOS,20.7,12.1,2024
11,Nov,JetBlue,IAH,SLC,28.9,371.7,2024
3,Mar,Spirit,MSP,SFO,51.1,43.6,2024
10,Oct,Frontier,CLT,SLC,51.9,44.6,2024
5,May,Delta,LAX,DFW,11.3,15.3,2024
7,Jul,American,PHX,DTW,36.4,39.1,2024
5,May,American,LAX,SLC,21.5,26.1,2024
5,May,United,BOS,IAH,26.0,24.7,2024
9,Sep,Frontier,DEN,SFO,24.5,32.2,2024
3,Mar,United,BOS,CLT,21.7,9.0,2024
6,Jun,JetBlue,ATL,ATL,40.0,31.1,2024
1,Jan,Delta,LAX,BOS,10.9,25.1,2024
10,Oct,Spirit,EWR,SLC,33.0,28.9,2024
5,May,JetBlue,LAX,JFK,17.5,9.1,2024
8,Aug,Alaska,EWR,MSP,0.1,13.1,2024
5,May,Frontier,MCO,JFK,18.0,13.7,2024
9,Sep,American,EWR,MSP,25.0,23.6,2024
11,Nov,American,JFK,CLT,10.0,12.7,2024
6,Jun,JetBlue,MSP,EWR,8.4,23.2,2024
8,Aug,Spirit,BOS,SEA,31.0,36.1,2024
10,Oct,American,PHX,MSP,12.4,18.6,2024
8,Aug,Frontier,DEN,MSP,7.3,9.3,2024
3,Mar,Spirit,SEA,MCO,10.2,13.3,2024
7,Jul,Frontier,JFK,MCO,23.5,26.3,2024
7,Jul,United,DEN,BOS,15.0,20.3,2024
10,Oct,American,MCO,SLC,34.1,29.1,2024
12,Dec,United,JFK,LGA,18.5,24.8,2024
6,Jun,Southwest,LGA,ORD,7.2,13.1,2024
12,Dec,Spirit,JFK,CLT,34.0,42.1,2024
7,Jul,Delta,LGA,LGA,21.9,19.3,2024
2,Feb,Delta,DEN,JFK,9.2,26.0,2024
9,Sep,American,LGA,SLC,21.5,11.3,2024
10,Oct,Frontier,LGA,BOS,29.7,20.9,2024
10,Oct,Delta,MSP,DFW,29.6,27.3,2024
1,Jan,Alaska,SFO,BOS,14.3,20.9,2024
1,Jan,Southwest,JFK,LAX,30.2,28.4,2024
3,Mar,Frontier,DTW,SFO,28.8,26.9,2024
3,Mar,American,EWR,EWR,15.6,23.3,2024
1,Jan,United,ORD,BOS,21.6,38.9,2024
12,Dec,Southwest,LAS,EWR,27.4,45.9,2024
7,Jul,Spirit,CLT,DTW,22.1,28.7,2024
4,Apr,Alaska,IAH,ATL,29.4,39.2,2024
10,Oct,Southwest,PHX,LAS,4.5,0.7,2024
2,Feb,Delta,PHX,SFO,19.0,26.8,2024
10,Oct,Alaska,ORD,DEN,19.7,27.4,2024
5,May,Frontier,ATL,PHX,18.7,24.8,2024
6,Jun,United,ORD,PHX,37.7,41.8,2024
9,Sep,JetBlue,DEN,IAH,53.0,52.0,2024
4,Apr,Southwest,SFO,SFO,8.6,1.9,2024
2,Feb,Delta,ORD,IAH,20.3,28.1,2024
5,May,Spirit,DFW,MSP,39.3,24.4,2024
3,Mar,Spirit,LGA,MIA,19.3,15.0,2024
2,Feb,Southwest,ORD,PHX,31.4,28.7,2024
12,Dec,Frontier,DFW,LAS,72.6,87.0,2024
1,Jan,United,LAX,CLT,37.3,48.2,2024
10,Oct,Frontier,DTW,DTW,23.3,29.4,2024
2,Feb,Spirit,DEN,ORD,20.3,26.5,2024
6,Jun,Frontier,LAX,DTW,21.6,37.8,2024
8,Aug,United,CLT,EWR,9.2,3.8,2024
3,Mar,American,MIA,ORD,28.5,32.1,2024
11,Nov,Frontier,PHX,SEA,23.7,109.9,2024
9,Sep,JetBlue,MCO,LAX,18.2,9.0,2024
12,Dec,JetBlue,ATL,LAX,21.9,35.5,2024
9,Sep,Delta,SLC,IAH,34.2,27.5,2024
2,Feb,JetBlue,DTW,SFO,26.2,36.1,2024
8,Aug,United,DTW,LGA,36.3,41.1,2024
10,Oct,JetBlue,ATL,JFK,23.1,12.4,2024
11,Nov,Delta,LAS,PHX,49.5,45.9,2024
12,Dec,Southwest,LGA,SFO,34.6,39.8,2024
5,May,JetBlue,DTW,DFW,24.1,24.5,2024
4,Apr,JetBlue,MSP,MIA,43.5,42.1,2024
10,Oct,Frontier,MSP,EWR,25.3,38.6,2024
5,May,Spirit,JFK,LGA,24.4,12.2,2024
4,Apr,United,SFO,JFK,51.7,55.6,2024
8,Aug,United,LAX,MCO,33.9,23.2,2024
4,Apr,Spirit,SEA,SLC,17.2,20.0,2024
10,Oct,Southwest,JFK,MCO,12.9,13.9,2024
12,Dec,Spirit,ORD,IAH,38.6,53.7,2024
6,Jun,Alaska,IAH,CLT,3.5,15.3,2024
2,Feb,Alaska,IAH,LAX,9.5,20.3,2024
5,May,American,JFK,SLC,16.1,15.1,2024
6,Jun,JetBlue,MIA,JFK,14.0,23.3,2024
5,May,United,ORD,BOS,27.7,34.2,2024
12,Dec,American,EWR,ATL,53.8,68.4,2024
2,Feb,JetBlue,DEN,MIA,13.4,27.0,2024
7,Jul,JetBlue,LAX,SLC,63.3,76.8,2024
4,Apr,Frontier,CLT,DFW,41.1,37.6,2024
8,Aug,American,EWR,SLC,19.4,20.9,2024
7,Jul,United,SFO,JFK,19.6,22.2,2024
7,Jul,Southwest,EWR,SEA,29.4,17.6,2024
9,Sep,Alaska,DFW,LAS,11.5,15.0,2024
1,Jan,JetBlue,EWR,PHX,25.0,14.1,2024
10,Oct,Spirit,LGA,PHX,54.5,49.4,2024
6,Jun,Delta,LAX,PHX,0.9,15.9,2024
6,Jun,Delta,EWR,DFW,30.9,22.3,2024
6,Jun,Delta,DFW,IAH,44.7,50.3,2024
12,Dec,Spirit,SFO,BOS,27.9,12.8,2024
6,Jun,Southwest,IAH,MIA,15.8,18.4,2024
12,Dec,Alaska,JFK,EWR,3.0,16.0,2024
10,Oct,JetBlue,IAH,SLC,16.9,23.9,2024
7,Jul,United,SFO,MIA,12.8,20.8,2024
10,Oct,United,LAX,DFW,20.9,19.4,2024
6,Jun,Frontier,SLC,BOS,43.9,51.3,2024
1,Jan,Spirit,LAS,LGA,21.1,31.3,2024
3,Mar,Alaska,DFW,MSP,19.7,23.9,2024
2,Feb,Southwest,DTW,DFW,13.2,22.3,2024
6,Jun,Alaska,DEN,JFK,21.7,20.0,2024
8,Aug,JetBlue,SFO,SFO,36.9,38.1,2024
3,Mar,Frontier,SEA,SEA,45.6,32.7,2024
10,Oct,American,CLT,LAX,9.0,125.3,2024
8,Aug,American,SLC,LAS,26.1,27.6,2024
8,Aug,JetBlue,MIA,PHX,10.6,26.6,2024
5,May,JetBlue,MCO,SLC,13.6,23.7,2024
8,Aug,United,DFW,ATL,11.1,10.2,2024
6,Jun,Southwest,IAH,EWR,15.2,118.5,2024
5,May,Frontier,DTW,IAH,44.8,34.3,2024
9,Sep,Southwest,JFK,SEA,45.5,44.1,2024
7,Jul,Frontier,EWR,PHX,29.8,27.0,2024
8,Aug,Alaska,IAH,MIA,12.4,27.2,2024
1,Jan,Frontier,ATL,LGA,14.5,19.7,2024
11,Nov,Frontier,SEA,SFO,56.7,55.8,2024
2,Feb,Spirit,ATL,ORD,25.5,28.0,2024
8,Aug,Spirit,ATL,SFO,45.1,55.1,2024
12,Dec,United,SLC,JFK,21.7,31.6,2024
9,Sep,Delta,PHX,ORD,9.5,14.6,2024
4,Apr,American,IAH,SEA,0.4,4.9,2024
12,Dec,JetBlue,BOS,ATL,33.4,41.3,2024
10,Oct,Alaska,LGA,DEN,16.1,12.3,2024
11,Nov,American,ATL,SLC,6.5,15.4,2024
10,Oct,American,SEA,MSP,33.1,35.0,2024
9,Sep,Alaska,PHX,MIA,30.2,27.6,2024
4,Apr,Southwest,PHX,MIA,-2.0,23.2,2024
10,Oct,United,IAH,LAX,34.6,30.5,2024
10,Oct,Delta,LAS,LAS,11.7,15.5,2024
10,Oct,Delta,LAX,LAX,27.0,20.7,2024
9,Sep,Frontier,ORD,SLC,10.9,25.3,2024
11,Nov,Alaska,LAX,BOS,24.8,34.9,2024
7,Jul,Alaska,JFK,LAS,13.9,28.2,2024
2,Feb,Frontier,BOS,LAS,31.3,27.6,2024
9,Sep,United,SLC,PHX,36.5,23.3,2024
4,Apr,American,CLT,DEN,29.2,21.3,2024
8,Aug,United,SLC,LAS,48.1,38.4,2024
7,Jul,Spirit,BOS,IAH,30.3,32.4,2024
7,Jul,United,IAH,PHX,34.9,32.8,2024
8,Aug,Spirit,EWR,LGA,33.4,32.0,2024
1,Jan,JetBlue,LAX,PHX,24.7,16.2,2024
5,May,Frontier,MIA,DTW,13.6,4.8,2024
2,Feb,JetBlue,BOS,DFW,24.7,29.0,2024
2,Feb,American,DEN,PHX,12.7,31.9,2024
1,Jan,Southwest,JFK,IAH,23.5,34.8,2024
5,May,Delta,MIA,DEN,24.2,30.1,2024
2,Feb,JetBlue,PHX,LAS,39.9,36.6,2024
4,Apr,American,DFW,JFK,6.7,2.6,2024
3,Mar,Alaska,LAS,EWR,12.1,17.2,2024
3,Mar,United,BOS,EWR,21.4,27.9,2024
2,Feb,Spirit,PHX,MIA,16.0,296.5,2024
6,Jun,JetBlue,DTW,CLT,16.3,25.9,2024
2,Feb,United,DEN,SLC,10.3,24.8,2024
8,Aug,United,ATL,ORD,21.7,29.5,2024
8,Aug,JetBlue,DEN,EWR,16.6,15.6,2024
12,Dec,Spirit,EWR,MCO,18.5,38.3,2024
5,May,American,DEN,DEN,23.0,32.1,2024
10,Oct,Alaska,DEN,LAS,30.8,30.4,2024
7,Jul,Spirit,IAH,DEN,5.2,26.1,2024
4,Apr,Delta,JFK,DFW,27.0,34.6,2024
1,Jan,American,IAH,MSP,19.8,19.0,2024
11,Nov,Southwest,PHX,MCO,23.9,22.1,2024
2,Feb,Spirit,CLT,LGA,18.7,35.4,2024
10,Oct,Spirit,MIA,MCO,38.3,26.8,2024
10,Oct,Spirit,SLC,BOS,60.2,64.1,2024
4,Apr,Southwest,MSP,MCO,13.4,10.1,2024
1,Jan,Delta,MCO,MCO,18.1,24.9,2024
8,Aug,Spirit,ORD,SFO,38.4,42.9,2024
9,Sep,Alaska,EWR,ATL,26.1,34.4,2024
4,Apr,Spirit,SFO,EWR,32.0,20.3,2024
10,Oct,Frontier,BOS,SFO,17.1,6.1,2024
3,Mar,Southwest,CLT,LAX,2.6,12.2,2024
2,Feb,United,SEA,BOS,23.9,34.7,2024
5,May,Southwest,LGA,MIA,6.6,8.1,2024
3,Mar,Frontier,ATL,SEA,16.2,19.3,2024
10,Oct,Frontier,SEA,ATL,43.3,47.1,2024
7,Jul,JetBlue,DTW,ORD,20.6,24.5,2024
11,Nov,Frontier,PHX,SEA,17.6,13.6,2024
6,Jun,Spirit,SLC,SEA,37.4,44.1,2024
1,Jan,United,SEA,MIA,31.7,41.6,2024
12,Dec,Spirit,SLC,DEN,8.2,25.1,2024
8,Aug,American,DFW,SEA,9.7,13.0,2024
2,Feb,Alaska,PHX,LAS,19.9,27.6,2024
5,May,Delta,ORD,LGA,18.4,22.7,2024
9,Sep,JetBlue,DFW,DEN,17.5,22.0,2024
8,Aug,Frontier,EWR,SLC,51.7,57.4,2024
2,Feb,JetBlue,DFW,SLC,15.6,22.2,2024
9,Sep,Delta,MCO,LAX,30.4,28.6,2024
5,May,Southwest,MCO,SLC,16.7,13.6,2024
10,Oct,Delta,MSP,CLT,2.7,0.7,2024
6,Jun,Delta,LGA,SEA,38.5,316.3,2024
3,Mar,Southwest,EWR,SEA,27.0,27.8,2024
3,Mar,Spirit,LGA,ATL,34.8,35.5,2024
10,Oct,American,JFK,DTW,33.3,30.2,2024
8,Aug,Alaska,ORD,MIA,21.9,28.0,2024
11,Nov,Delta,MCO,SFO,35.0,26.9,2024
10,Oct,Southwest,DFW,IAH,30.7,24.3,2024
10,Oct,Frontier,SEA,CLT,4.2,5.5,2024
12,Dec,JetBlue,MCO,PHX,26.0,185.8,2024
2,Feb,Delta,LAS,DFW,22.7,38.1,2024
11,Nov,Frontier,ATL,ATL,21.8,21.3,2024
12,Dec,Frontier,MSP,DTW,18.5,21.4,2024
12,Dec,Frontier,LAX,MCO,36.3,44.1,2024
2,Feb,Alaska,PHX,MCO,21.7,36.3,2024
5,May,Spirit,SLC,LAS,18.4,18.7,2024
6,Jun,Frontier,LGA,MSP,28.9,209.2,2024
12,Dec,Spirit,MSP,LGA,11.9,38.2,2024
2,Feb,Delta,DTW,MCO,2.0,18.4,2024
5,May,Spirit,MIA,DFW,19.6,8.5,2024
7,Jul,American,PHX,DEN,13.5,18.2,2024
10,Oct,American,SFO,IAH,6.2,2.4,2024
10,Oct,JetBlue,PHX,LGA,16.4,22.9,2024
8,Aug,American,ATL,SFO,5.9,12.0,2024
12,Dec,Spirit,DTW,PHX,37.7,58.4,2024
7,Jul,Alaska,ORD,LAS,16.1,23.1,2024
8,Aug,JetBlue,MSP,MSP,19.3,15.6,2024
12,Dec,Spirit,LAX,IAH,35.1,48.8,2024
9,Sep,Delta,LGA,BOS,21.8,213.2,2024
5,May,Southwest,ORD,SEA,10.2,10.5,2024
5,May,American,CLT,IAH,30.1,21.6,2024
11,Nov,JetBlue,SEA,DEN,20.7,11.5,2024
10,Oct,American,JFK,SFO,10.0,9.0,2024
4,Apr,American,LAS,CLT,13.7,10.9,2024
9,Sep,Frontier,MIA,ORD,24.2,25.6,2024
5,May,United,LAX,IAH,15.1,22.4,2024
2,Feb,Delta,LAS,JFK,20.7,29.0,2024
10,Oct,American,IAH,JFK,23.5,27.2,2024
8,Aug,Frontier,SLC,MCO,18.9,19.2,2024
7,Jul,Southwest,IAH,ATL,18.3,27.9,2024
8,Aug,Alaska,DEN,LGA,19.0,20.2,2024
12,Dec,United,IAH,MIA,26.6,32.4,2024
3,Mar,Frontier,BOS,LAX,24.2,19.3,2024
4,Apr,Frontier,DFW,LAS,33.2,36.6,2024
5,May,JetBlue,CLT,SLC,38.7,30.0,2024
6,Jun,JetBlue,MIA,JFK,34.6,38.2,2024
1,Jan,Southwest,SLC,SFO,9.8,19.0,2024
4,Apr,Southwest,DEN,DFW,29.3,36.6,2024
11,Nov,Alaska,JFK,ORD,10.7,20.4,2024
12,Dec,Delta,MSP,LAX,8.8,16.8,2024
10,Oct,Southwest,PHX,PHX,11.9,18.3,2024
5,May,JetBlue,DTW,PHX,31.9,24.5,2024
7,Jul,Delta,DFW,LGA,6.7,12.3,2024
5,May,Southwest,MCO,EWR,5.8,8.2,2024
1,Jan,Southwest,BOS,ATL,19.0,26.6,2024
11,Nov,Spirit,CLT,BOS,38.3,28.8,2024
7,Jul,JetBlue,PHX,MCO,20.9,19.7,2024
8,Aug,Delta,MIA,MCO,16.4,23.4,2024
7,Jul,United,LAS,PHX,24.5,31.7,2024
11,Nov,United,MIA,ATL,58.7,62.9,2024
4,Apr,Alaska,LAX,EWR,37.4,38.4,2024
8,Aug,Delta,MSP,MIA,56.9,58.0,2024
5,May,Southwest,SEA,DFW,19.0,11.8,2024
10,Oct,Frontier,SEA,ORD,17.1,15.7,2024
9,Sep,Southwest,ATL,MSP,9.3,12.7,2024
12,Dec,Delta,JFK,CLT,7.0,14.6,2024
12,Dec,Frontier,MSP,PHX,31.8,35.2,2024
10,Oct,United,LAS,JFK,26.3,28.3,2024
5,May,Frontier,JFK,MIA,33.9,31.4,2024
1,Jan,Frontier,CLT,ATL,29.8,27.7,2024
12,Dec,Alaska,EWR,MCO,21.1,35.3,2024
9,Sep,Spirit,DFW,DFW,23.8,17.2,2024
12,Dec,Spirit,LGA,PHX,36.7,43.0,2024
5,May,American,LAS,CLT,46.2,44.3,2024
6,Jun,JetBlue,BOS,ATL,37.3,28.0,2024
4,Apr,Delta,SLC,CLT,54.5,51.0,2024
6,Jun,Alaska,MCO,ORD,26.9,34.6,2024
12,Dec,American,BOS,ATL,8.9,21.4,2024
8,Aug,JetBlue,JFK,JFK,39.9,43.8,2024
3,Mar,Frontier,BOS,SLC,30.0,23.2,2024
5,May,American,LAS,DFW,22.4,12.0,2024
2,Feb,American,MCO,BOS,19.2,45.0,2024
2,Feb,JetBlue,DEN,LAX,29.1,37.3,2024
7,Jul,American,ORD,LGA,13.6,27.5,2024
10,Oct,United,LAX,JFK,21.6,10.8,2024
10,Oct,Alaska,SEA,BOS,32.7,27.3,2024
11,Nov,Delta,PHX,CLT,29.8,38.4,2024
10,Oct,Spirit,CLT,LGA,24.5,18.6,2024
6,Jun,Alaska,LAS,ATL,14.0,24.7,2024
4,Apr,Spirit,PHX,DTW,19.6,20.9,2024
5,May,United,MIA,LAX,19.0,20.6,2024
1,Jan,United,LAS,DFW,19.5,24.5,2024
7,Jul,Spirit,DTW,MCO,44.2,48.7,2024
8,Aug,JetBlue,DEN,LAX,24.8,24.2,2024
9,Sep,JetBlue,LAS,DTW,29.9,34.1,2024
8,Aug,JetBlue,DFW,IAH,57.9,56.5,2024
5,May,American,LAX,SEA,24.4,11.7,2024
3,Mar,American,SLC,MCO,15.0,19.6,2024
10,Oct,Spirit,ATL,ATL,35.5,31.8,2024
11,Nov,Delta,ATL,EWR,18.1,16.5,2024
9,Sep,American,BOS,SFO,23.9,5.5,2024
6,Jun,Delta,MIA,JFK,14.1,18.6,2024
5,May,United,ATL,SLC,29.0,15.1,2024
3,Mar,Delta,DTW,PHX,22.2,29.2,2024
6,Jun,Delta,MIA,JFK,12.6,19.7,2024
3,Mar,Frontier,SFO,PHX,33.1,24.1,2024
10,Oct,Frontier,LAX,SLC,28.4,14.1,2024
12,Dec,JetBlue,CLT,ORD,31.4,35.7,2024
6,Jun,Frontier,SEA,MCO,39.5,166.9,2024
4,Apr,American,MCO,ORD,36.9,49.6,2024
2,Feb,Southwest,CLT,MCO,23.2,22.5,2024
8,Aug,Frontier,SEA,JFK,21.9,10.0,2024
4,Apr,Southwest,PHX,LGA,25.9,27.1,2024
9,Sep,JetBlue,SLC,IAH,19.4,26.1,2024
7,Jul,Alaska,ORD,PHX,11.9,138.8,2024
12,Dec,Alaska,MCO,JFK,18.5,27.5,2024
2,Feb,Alaska,DTW,MSP,13.8,30.9,2024
4,Apr,United,LAS,JFK,57.2,51.9,2024
5,May,United,LAS,BOS,21.9,16.4,2024
3,Mar,United,JFK,DTW,13.5,10.8,2024
9,Sep,Delta,SEA,LGA,8.9,17.8,2024
5,May,Spirit,MIA,SEA,24.2,24.7,2024
2,Feb,American,SEA,DEN,17.9,31.9,2024
11,Nov,United,BOS,DFW,41.3,52.7,2024
3,Mar,Southwest,PHX,JFK,9.4,8.4,2024
9,Sep,Frontier,DFW,MIA,29.3,16.0,2024
7,Jul,Delta,EWR,DEN,14.0,17.5,2024
2,Feb,United,MCO,DTW,32.7,43.2,2024
9,Sep,United,JFK,PHX,16.7,10.5,2024
4,Apr,Frontier,LAS,MIA,20.3,14.3,2024
9,Sep,Alaska,DEN,ORD,14.1,7.3,2024
2,Feb,Alaska,JFK,SEA,10.9,28.2,2024
12,Dec,Frontier,LGA,DEN,24.3,20.9,2024
10,Oct,American,LGA,MCO,30.0,17.7,2024
12,Dec,American,MSP,PHX,50.4,52.9,2024
4,Apr,Delta,LGA,SEA,14.6,11.4,2024
5,May,Southwest,DTW,LAS,19.6,17.1,2024
2,Feb,JetBlue,LAX,CLT,19.4,32.0,2024
10,Oct,Alaska,SLC,ATL,6.3,13.0,2024
1,Jan,Southwest,ORD,DEN,21.0,36.2,2024
7,Jul,Spirit,LAX,CLT,44.1,41.4,2024
10,Oct,Alaska,LAX,DFW,18.9,8.3,2024
1,Jan,American,SFO,SLC,39.5,42.2,2024
11,Nov,American,DFW,PHX,46.1,44.1,2024
11,Nov,JetBlue,LGA,LAX,9.6,9.6,2024
8,Aug,Frontier,JFK,DEN,31.0,38.6,2024
3,Mar,Southwest,SFO,IAH,27.7,28.1,2024
10,Oct,Southwest,MCO,JFK,32.1,24.6,2024
6,Jun,JetBlue,JFK,PHX,12.6,11.7,2024
7,Jul,American,LAS,CLT,10.5,124.6,2024
10,Oct,Delta,MCO,LAS,23.4,24.1,2024
1,Jan,Southwest,DFW,MSP,34.7,36.8,2024
6,Jun,United,DEN,IAH,22.0,24.9,2024
7,Jul,Frontier,SLC,SFO,17.0,25.3,2024
6,Jun,Southwest,PHX,LAX,20.2,19.5,2024
4,Apr,Spirit,IAH,EWR,22.1,24.3,2024
1,Jan,Southwest,CLT,LAX,0.7,26.5,2024
11,Nov,Frontier,ATL,DFW,25.3,12.8,2024
9,Sep,Spirit,DEN,LAX,43.1,42.4,2024
4,Apr,Frontier,DEN,LGA,34.7,35.4,2024
7,Jul,Southwest,SEA,JFK,33.9,37.0,2024
7,Jul,American,MCO,PHX,38.2,41.3,2024
2,Feb,United,CLT,DTW,17.0,13.3,2024
1,Jan,Spirit,LGA,CLT,24.5,21.5,2024
8,Aug,Southwest,SLC,BOS,10.1,22.7,2024
8,Aug,Delta,MSP,SLC,23.6,29.6,2024
7,Jul,Alaska,PHX,MIA,25.1,26.1,2024
8,Aug,Spirit,LGA,ATL,29.7,28.2,2024
3,Mar,Alaska,DEN,SEA,28.7,28.2,2024
11,Nov,United,IAH,JFK,14.4,4.0,2024
2,Feb,JetBlue,LGA,BOS,18.2,22.9,2024
7,Jul,Delta,DFW,MCO,13.7,29.7,2024
8,Aug,JetBlue,SFO,EWR,38.0,44.5,2024
1,Jan,Southwest,DEN,IAH,15.7,6.4,2024
12,Dec,Spirit,SEA,BOS,43.7,56.7,2024
10,Oct,Frontier,SEA,MCO,21.2,22.0,2024
9,Sep,American,MIA,LAX,33.6,21.3,2024
11,Nov,Southwest,LAS,SFO,20.5,24.0,2024
4,Apr,Southwest,SLC,LAS,53.1,53.3,2024
12,Dec,JetBlue,SLC,IAH,18.5,25.7,2024
4,Apr,Southwest,LAS,LAS,5.1,10.4,2024
3,Mar,Delta,MCO,SEA,16.3,18.0,2024
6,Jun,American,LGA,ATL,29.6,27.9,2024
1,Jan,JetBlue,EWR,DEN,12.6,15.1,2024
6,Jun,United,SFO,EWR,29.8,27.4,2024
2,Feb,Alaska,ORD,DTW,17.1,29.2,2024
9,Sep,Southwest,SLC,MSP,60.5,50.8,2024
2,Feb,Alaska,SEA,MIA,9.7,23.7,2024
7,Jul,Spirit,DEN,MCO,19.9,18.8,2024
12,Dec,Frontier,JFK,MSP,36.5,47.0,2024
1,Jan,JetBlue,LAX,CLT,29.5,42.6,2024
12,Dec,Frontier,SLC,EWR,20.6,30.1,2024
7,Jul,Frontier,MSP,MSP,27.9,24.4,2024
5,May,Alaska,JFK,SEA,30.5,16.1,2024
8,Aug,Southwest,JFK,IAH,11.5,23.9,2024
4,Apr,Spirit,LAX,SLC,29.6,35.5,2024
12,Dec,Southwest,DEN,CLT,7.6,24.2,2024
10,Oct,JetBlue,MIA,PHX,31.8,36.3,2024
7,Jul,Delta,MIA,DFW,9.1,17.5,2024
6,Jun,United,DTW,JFK,18.4,27.9,2024
5,May,Southwest,MSP,SEA,11.5,0.9,2024
4,Apr,Delta,SEA,SFO,15.1,15.4,2024
7,Jul,Southwest,CLT,BOS,27.3,25.9,2024
12,Dec,Southwest,BOS,IAH,34.2,52.1,2024
5,May,Delta,ORD,IAH,23.3,24.7,2024
5,May,Southwest,DEN,SLC,4.3,16.0,2024
1,Jan,United,JFK,DFW,25.9,31.0,2024
2,Feb,Alaska,LAX,ATL,29.1,41.0,2024
5,May,JetBlue,SEA,DEN,22.4,23.6,2024
3,Mar,Spirit,DEN,SFO,-1.6,12.1,2024
2,Feb,Spirit,LGA,MIA,19.5,23.6,2024
4,Apr,Frontier,LAX,MIA,15.0,7.9,2024
4,Apr,Alaska,MIA,PHX,17.4,25.0,2024
4,Apr,Delta,DFW,SFO,43.8,50.3,2024
4,Apr,Alaska,MIA,EWR,22.5,30.8,2024
3,Mar,American,LAS,ATL,9.0,11.0,2024
12,Dec,Spirit,JFK,ATL,42.6,50.0,2024
7,Jul,Southwest,LAX,BOS,22.7,31.3,2024
9,Sep,JetBlue,CLT,EWR,40.8,53.0,2024
12,Dec,Frontier,DEN,DEN,29.2,30.0,2024
5,May,United,BOS,DTW,29.5,27.3,2024
4,Apr,United,MSP,IAH,31.2,20.8,2024
11,Nov,American,LGA,LAS,23.2,13.6,2024
2,Feb,Frontier,DFW,LAX,5.2,26.0,2024
2,Feb,Alaska,PHX,BOS,20.2,33.4,2024
5,May,United,ATL,PHX,34.2,26.0,2024
7,Jul,Alaska,MIA,LAX,20.6,36.0,2024
10,Oct,JetBlue,EWR,CLT,36.6,34.1,2024
10,Oct,American,MIA,DFW,25.9,25.9,2024
9,Sep,Frontier,LAS,SLC,11.4,12.2,2024
7,Jul,Alaska,LAX,DFW,12.8,158.5,2024
5,May,Delta,SFO,LAS,18.0,26.0,2024
10,Oct,Alaska,SLC,MSP,22.0,11.8,2024
10,Oct,Alaska,IAH,PHX,35.5,26.6,2024
10,Oct,American,MCO,DTW,19.7,25.2,2024
6,Jun,Delta,SFO,ORD,37.2,44.7,2024
11,Nov,United,LAS,ORD,14.8,201.6,2024
12,Dec,Spirit,BOS,MCO,26.8,219.1,2024
3,Mar,JetBlue,ORD,EWR,29.6,37.2,2024
5,May,Alaska,EWR,LAS,13.0,25.5,2024
8,Aug,Southwest,SFO,DTW,31.0,36.9,2024
1,Jan,American,DEN,EWR,39.1,31.4,2024
12,Dec,United,SFO,LAS,27.4,40.8,2024
1,Jan,Alaska,SLC,DEN,45.7,54.9,2024
7,Jul,JetBlue,LGA,MSP,16.0,31.8,2024
5,May,Southwest,EWR,CLT,11.5,19.7,2024
5,May,American,SLC,DFW,25.9,22.5,2024
1,Jan,JetBlue,IAH,DTW,24.4,35.7,2024
9,Sep,United,SLC,MCO,14.8,24.3,2024
1,Jan,Spirit,DFW,MCO,40.7,49.8,2024
5,May,Alaska,ATL,SFO,23.0,31.3,2024
10,Oct,Alaska,DFW,DFW,27.1,17.6,2024
9,Sep,Frontier,DFW,LGA,58.8,49.3,2024
4,Apr,Alaska,LAS,LAS,34.0,25.6,2024
8,Aug,American,SEA,DFW,7.2,12.5,2024
6,Jun,Alaska,LAX,ORD,17.3,18.6,2024
11,Nov,American,JFK,SLC,14.7,15.7,2024
3,Mar,Frontier,MIA,LAS,47.5,41.1,2024
4,Apr,Alaska,DFW,SEA,45.0,44.8,2024
2,Feb,Delta,DTW,SFO,13.8,21.6,2024
1,Jan,Spirit,LAS,SFO,19.9,20.6,2024
8,Aug,Alaska,LAX,DFW,38.4,33.2,2024
1,Jan,Delta,ATL,SLC,13.3,18.7,2024
11,Nov,American,DFW,BOS,15.1,12.8,2024
1,Jan,JetBlue,BOS,MCO,14.3,24.5,2024
4,Apr,United,DEN,JFK,33.3,39.5,2024
10,Oct,Southwest,LAS,BOS,25.3,17.0,2024
12,Dec,Frontier,DFW,MCO,29.5,47.9,2024
10,Oct,Delta,EWR,DFW,11.8,21.6,2024
6,Jun,United,LAX,LAX,37.9,37.4,2024
9,Sep,Alaska,EWR,CLT,1.1,21.6,2024
1,Jan,American,EWR,JFK,16.4,14.7,2024
7,Jul,United,MIA,IAH,24.8,24.7,2024
10,Oct,Frontier,ATL,DEN,7.5,12.1,2024
11,Nov,United,CLT,DFW,9.0,13.3,2024
5,May,Spirit,DFW,MIA,35.0,30.7,2024
12,Dec,Spirit,IAH,MIA,29.9,25.8,2024
8,Aug,Alaska,LGA,LAS,40.5,45.5,2024
7,Jul,United,SFO,ORD,39.7,48.3,2024
4,Apr,American,IAH,MIA,16.1,17.1,2024
4,Apr,Spirit,MSP,LAX,15.4,21.0,2024
6,Jun,Delta,MCO,LAS,22.6,19.1,2024
6,Jun,Frontier,MCO,PHX,35.9,22.1,2024
9,Sep,Southwest,PHX,MIA,7.3,5.5,2024
12,Dec,JetBlue,ATL,ORD,33.4,44.9,2024
5,May,Delta,LAX,LGA,12.7,24.5,2024
8,Aug,Southwest,LGA,MIA,-1.8,15.7,2024
5,May,American,ORD,LGA,16.1,20.9,2024
2,Feb,Southwest,LGA,SLC,1.0,19.9,2024
6,Jun,American,BOS,DFW,23.1,20.1,2024
9,Sep,Southwest,BOS,LAX,5.3,3.4,2024
3,Mar,Spirit,MCO,DTW,22.6,11.6,2024
1,Jan,Frontier,PHX,CLT,28.1,29.7,2024
1,Jan,Delta,SFO,ORD,11.9,38.3,2024
3,Mar,Alaska,PHX,MCO,28.4,27.4,2024
10,Oct,Alaska,IAH,MSP,33.9,34.1,2024
5,May,Alaska,JFK,MSP,10.2,10.8,2024
3,Mar,American,SFO,IAH,46.8,49.5,2024
9,Sep,United,LGA,MCO,19.6,10.7,2024
8,Aug,Frontier,BOS,SFO,15.3,22.1,2024
3,Mar,Alaska,LGA,EWR,8.0,14.6,2024
9,Sep,American,IAH,EWR,19.0,19.6,2024
6,Jun,Spirit,DTW,JFK,17.9,16.7,2024
7,Jul,American,MIA,JFK,42.5,36.5,2024
4,Apr,Southwest,LAX,DFW,11.9,14.6,2024
4,Apr,American,ATL,ORD,11.4,6.7,2024
12,Dec,Southwest,MIA,ATL,16.6,16.8,2024
2,Feb,Spirit,LAX,ORD,34.2,33.7,2024
5,May,Delta,EWR,SLC,28.3,44.2,2024
8,Aug,American,ORD,LAS,31.2,42.0,2024
7,Jul,United,MCO,DTW,30.9,28.5,2024
7,Jul,United,ATL,SLC,13.2,8.8,2024
6,Jun,Delta,MCO,SLC,20.9,27.1,2024
3,Mar,Spirit,SEA,MSP,8.8,23.8,2024
5,May,Alaska,SLC,EWR,-2.6,13.2,2024
1,Jan,United,ATL,SEA,23.7,26.1,2024
7,Jul,Frontier,DEN,EWR,24.1,23.5,2024
9,Sep,Southwest,ATL,LAS,29.8,38.9,2024
1,Jan,American,MIA,LAS,28.1,53.1,2024
2,Feb,JetBlue,LAS,ORD,9.2,19.5,2024
3,Mar,Spirit,DEN,SFO,34.4,28.6,2024
3,Mar,Frontier,LAX,MCO,40.6,40.7,2024
8,Aug,Frontier,MSP,IAH,33.1,33.3,2024
7,Jul,American,IAH,LAX,20.8,36.3,2024
6,Jun,Spirit,BOS,ATL,35.9,34.3,2024
10,Oct,Spirit,DTW,BOS,31.8,36.3,2024
10,Oct,American,DEN,EWR,12.1,21.0,2024
11,Nov,JetBlue,PHX,BOS,30.0,34.1,2024
4,Apr,Alaska,MCO,PHX,16.7,23.3,2024
9,Sep,Spirit,LAX,LAS,25.9,19.2,2024
1,Jan,United,DFW,IAH,8.9,19.4,2024
11,Nov,Frontier,BOS,DFW,19.6,18.0,2024
2,Feb,United,MIA,SEA,36.0,49.8,2024
4,Apr,American,DFW,DFW,13.9,16.0,2024
3,Mar,United,MIA,EWR,17.7,19.2,2024
1,Jan,Spirit,LAS,SEA,27.9,33.8,2024
5,May,Spirit,PHX,SFO,42.8,37.2,2024
7,Jul,Southwest,JFK,MSP,11.5,14.7,2024
2,Feb,Spirit,CLT,SEA,40.2,51.0,2024
5,May,Southwest,PHX,SFO,13.4,5.9,2024
6,Jun,JetBlue,JFK,DEN,15.2,29.5,2024
11,Nov,Spirit,ATL,IAH,24.5,15.9,2024
7,Jul,Frontier,MCO,SLC,35.6,28.1,2024
1,Jan,Frontier,DFW,PHX,15.2,24.0,2024
7,Jul,American,DTW,MIA,27.6,27.5,2024
4,Apr,Alaska,MCO,SEA,14.5,123.7,2024
8,Aug,Southwest,MCO,JFK,10.8,13.4,2024
4,Apr,Delta,SEA,MIA,21.0,21.4,2024
6,Jun,United,MIA,EWR,16.9,11.2,2024
9,Sep,Alaska,CLT,DFW,29.0,23.4,2024
5,May,American,SLC,LAX,20.2,27.7,2024
12,Dec,Southwest,SEA,MSP,12.3,29.1,2024
4,Apr,JetBlue,MSP,SFO,10.4,20.4,2024
8,Aug,Southwest,IAH,LGA,18.1,22.6,2024
9,Sep,Delta,LGA,MSP,17.5,24.0,2024
4,Apr,Southwest,JFK,PHX,31.3,36.1,2024
3,Mar,American,CLT,MSP,47.5,44.2,2024
8,Aug,JetBlue,MSP,PHX,23.4,156.2,2024
5,May,Spirit,IAH,SFO,12.8,28.3,2024
2,Feb,Frontier,MIA,PHX,21.3,25.2,2024
10,Oct,JetBlue,MSP,EWR,8.4,14.9,2024
9,Sep,Delta,ATL,ORD,57.3,54.5,2024
3,Mar,Frontier,IAH,DFW,33.4,34.2,2024
12,Dec,American,DEN,DFW,18.9,36.4,2024
2,Feb,Delta,JFK,DFW,8.9,16.8,2024
1,Jan,Delta,ATL,EWR,8.0,26.2,2024
8,Aug,Delta,SFO,LAS,9.2,13.3,2024
11,Nov,Southwest,DFW,JFK,22.6,15.7,2024
3,Mar,United,LAS,PHX,10.9,6.9,2024
7,Jul,Southwest,CLT,DFW,31.7,37.0,2024
1,Jan,American,JFK,BOS,22.2,26.1,2024
1,Jan,Alaska,LGA,PHX,12.5,19.9,2024
12,Dec,Delta,MCO,BOS,34.6,47.9,2024
9,Sep,Delta,IAH,SLC,25.4,30.5,2024
12,Dec,United,DFW,SLC,20.8,176.5,2024
8,Aug,JetBlue,LAS,ATL,18.1,12.6,2024
12,Dec,Delta,DTW,DFW,11.4,15.2,2024
3,Mar,Frontier,ORD,MSP,26.8,27.2,2024
6,Jun,Southwest,ATL,SEA,25.4,30.5,2024
11,Nov,Spirit,MIA,DTW,13.5,22.6,2024
3,Mar,Delta,ATL,EWR,2.3,11.6,2024
12,Dec,American,BOS,LAX,9.1,128.7,2024
4,Apr,Spirit,LAS,SEA,23.1,26.1,2024
1,Jan,United,DEN,MSP,23.0,38.6,2024
5,May,Alaska,CLT,ATL,15.8,8.6,2024
1,Jan,JetBlue,IAH,BOS,7.0,21.6,2024
1,Jan,Alaska,LAS,LGA,25.4,28.7,2024
10,Oct,American,MSP,SFO,19.1,4.4,2024
11,Nov,Southwest,MSP,EWR,25.7,133.8,2024
11,Nov,Alaska,MSP,DTW,21.9,13.7,2024
7,Jul,American,PHX,PHX,44.3,64.1,2024
12,Dec,Alaska,PHX,ORD,29.7,46.2,2024
6,Jun,Delta,SFO,BOS,13.0,17.8,2024
2,Feb,United,DEN,SEA,41.4,57.4,2024
11,Nov,Frontier,MCO,EWR,22.0,18.2,2024
12,Dec,Delta,SFO,ATL,11.3,14.8,2024
2,Feb,United,MCO,LGA,9.4,20.6,2024
11,Nov,Southwest,PHX,JFK,16.0,34.6,2024
7,Jul,American,PHX,ATL,4.4,26.0,2024
1,Jan,Alaska,MSP,CLT,21.4,24.5,2024
2,Feb,United,CLT,MSP,14.8,18.3,2024
12,Dec,American,JFK,JFK,25.5,35.5,2024
8,Aug,Spirit,MCO,MSP,27.6,29.3,2024
6,Jun,Alaska,BOS,DFW,12.8,25.4,2024
2,Feb,Frontier,SLC,ATL,20.1,21.6,2024
7,Jul,Spirit,MIA,PHX,35.6,30.9,2024
4,Apr,Spirit,JFK,DFW,32.8,40.6,2024
2,Feb,Frontier,ATL,MSP,16.8,21.6,2024
12,Dec,United,LAX,DFW,8.4,19.0,2024
6,Jun,Delta,CLT,EWR,8.0,14.0,2024
11,Nov,United,DFW,LAS,25.4,22.4,2024
9,Sep,United,DEN,DFW,35.6,122.8,2024
11,Nov,JetBlue,CLT,MCO,13.5,16.3,2024
9,Sep,Alaska,MIA,SEA,-0.1,9.4,2024
8,Aug,Alaska,PHX,DFW,11.2,17.4,2024
3,Mar,Spirit,LGA,LAS,23.9,30.4,2024
3,Mar,Southwest,LAX,MIA,18.5,18.9,2024
2,Feb,Alaska,MCO,DEN,1.6,17.0,2024
5,May,Delta,PHX,LAS,11.2,-0.5,2024
12,Dec,Delta,MCO,SEA,28.7,48.2,2024
4,Apr,American,ORD,DFW,42.3,33.6,2024
7,Jul,United,SLC,MCO,15.7,20.5,2024
4,Apr,United,DEN,ATL,9.3,15.5,2024
9,Sep,Alaska,ORD,MCO,23.8,20.1,2024
12,Dec,United,SEA,MSP,37.3,43.0,2024
12,Dec,Delta,DEN,DEN,32.4,42.6,2024
2,Feb,JetBlue,BOS,MCO,15.7,27.4,2024
11,Nov,American,DTW,PHX,20.0,23.6,2024
6,Jun,United,SFO,EWR,15.6,11.6,2024
7,Jul,JetBlue,MIA,SEA,32.4,24.5,2024
4,Apr,Alaska,SEA,BOS,3.9,-4.7,2024
6,Jun,Frontier,DEN,ORD,31.6,28.2,2024
7,Jul,Southwest,SEA,DFW,4.5,10.4,2024
4,Apr,Delta,BOS,LGA,12.2,86.5,2024
8,Aug,Southwest,CLT,MCO,68.7,75.0,2024
9,Sep,Frontier,SLC,MSP,16.0,13.1,2024
1,Jan,Delta,EWR,JFK,11.0,30.8,2024
7,Jul,American,DTW,ORD,6.1,27.4,2024
9,Sep,Frontier,SFO,DTW,39.0,42.7,2024
12,Dec,Alaska,SEA,SFO,13.7,12.1,2024
10,Oct,Southwest,SFO,ORD,62.4,71.2,2024
5,May,American,IAH,JFK,26.5,197.8,2024
12,Dec,Spirit,JFK,MSP,41.5,48.7,2024
2,Feb,Spirit,SLC,DTW,14.9,22.8,2024
10,Oct,American,DFW,CLT,5.6,5.6,2024
6,Jun,American,ORD,EWR,8.9,24.0,2024
12,Dec,Southwest,LGA,ATL,39.1,45.2,2024
12,Dec,Southwest,SLC,CLT,13.8,30.2,2024
7,Jul,Frontier,CLT,SFO,29.5,37.7,2024
2,Feb,Southwest,JFK,LAS,13.4,20.8,2024
2,Feb,Spirit,BOS,CLT,38.9,46.3,2024
10,Oct,Spirit,SLC,DTW,22.5,218.7,2024
12,Dec,United,JFK,SLC,22.3,24.4,2024
10,Oct,Frontier,MIA,IAH,50.9,39.9,2024
1,Jan,American,MCO,LAS,19.7,34.8,2024
4,Apr,Alaska,MCO,ATL,21.5,26.1,2024
7,Jul,United,PHX,BOS,42.7,42.0,2024
9,Sep,Delta,EWR,PHX,10.5,16.9,2024
3,Mar,Frontier,IAH,SFO,25.4,26.3,2024
12,Dec,Spirit,DTW,DTW,43.6,36.6,2024
11,Nov,Southwest,DFW,ATL,53.4,59.8,2024
7,Jul,Alaska,BOS,CLT,12.5,21.1,2024
7,Jul,Frontier,MCO,ATL,18.3,16.9,2024
7,Jul,JetBlue,SEA,MSP,33.0,29.8,2024
2,Feb,Delta,SFO,MCO,14.6,165.6,2024
6,Jun,American,LAS,LAX,32.2,33.3,2024
2,Feb,Spirit,LGA,ORD,13.8,31.2,2024
6,Jun,Spirit,PHX,DFW,25.5,31.8,2024
10,Oct,American,ORD,EWR,22.6,22.6,2024
3,Mar,Frontier,SEA,BOS,20.8,13.2,2024
2,Feb,Frontier,DTW,DFW,32.4,38.8,2024
12,Dec,Alaska,SFO,BOS,8.0,29.8,2024
6,Jun,United,EWR,SFO,18.5,22.3,2024
2,Feb,Spirit,IAH,MCO,18.8,25.6,2024
5,May,Southwest,MIA,ORD,26.8,22.1,2024
2,Feb,Spirit,JFK,DEN,8.4,13.2,2024
3,Mar,Alaska,MCO,BOS,27.0,35.7,2024
3,Mar,Southwest,DTW,BOS,15.0,11.8,2024
6,Jun,Spirit,MSP,MCO,32.9,28.1,2024
6,Jun,Delta,DFW,SFO,7.3,18.1,2024
10,Oct,Alaska,MCO,BOS,3.4,15.9,2024
3,Mar,Delta,MCO,LAX,8.4,15.6,2024
3,Mar,Delta,MIA,DTW,20.1,22.6,2024
12,Dec,Frontier,IAH,EWR,37.3,241.7,2024
1,Jan,JetBlue,ATL,SFO,7.4,24.9,2024
7,Jul,JetBlue,BOS,DFW,47.6,31.4,2024
8,Aug,American,IAH,MCO,21.4,36.1,2024
2,Feb,Frontier,SFO,DEN,19.0,27.9,2024
4,Apr,Spirit,BOS,DTW,20.7,18.8,2024
10,Oct,American,ATL,LAS,6.4,21.3,2024
7,Jul,American,DFW,DEN,4.8,26.4,2024
8,Aug,Frontier,IAH,LAX,43.0,34.2,2024
1,Jan,Alaska,CLT,DEN,4.9,16.8,2024
4,Apr,Southwest,ORD,ORD,34.2,38.6,2024
6,Jun,American,SFO,PHX,11.0,26.9,2024
3,Mar,United,JFK,SEA,27.2,25.5,2024
5,May,Delta,CLT,PHX,17.4,19.6,2024
10,Oct,Alaska,CLT,LAX,7.1,1.6,2024
9,Sep,Southwest,JFK,DTW,21.5,17.6,2024
11,Nov,Spirit,SEA,DFW,46.7,43.8,2024
3,Mar,JetBlue,SEA,BOS,48.6,33.4,2024
5,May,Delta,ATL,MCO,19.2,19.2,2024
8,Aug,American,MSP,DTW,21.4,19.1,2024
6,Jun,JetBlue,MSP,EWR,19.9,19.1,2024
4,Apr,JetBlue,MIA,DEN,11.2,8.5,2024
8,Aug,JetBlue,DFW,EWR,20.4,25.7,2024
11,Nov,Frontier,SFO,DFW,28.9,19.4,2024
3,Mar,Alaska,BOS,ORD,1.6,9.8,2024
3,Mar,Frontier,MSP,ATL,69.1,71.0,2024
4,Apr,Delta,BOS,DFW,18.1,12.9,2024
9,Sep,Southwest,EWR,LAS,11.6,4.4,2024
5,May,Delta,JFK,ATL,27.8,34.5,2024
8,Aug,Frontier,DTW,EWR,21.9,18.4,2024
6,Jun,United,SLC,ORD,7.3,18.3,2024
3,Mar,American,EWR,JFK,37.6,280.8,2024
8,Aug,Alaska,DFW,MSP,39.5,52.2,2024
12,Dec,Frontier,DEN,LGA,18.8,22.6,2024
9,Sep,Southwest,LAS,CLT,14.6,32.8,2024
8,Aug,Alaska,ORD,BOS,9.0,193.1,2024
4,Apr,Southwest,PHX,SEA,8.2,30.7,2024
11,Nov,American,LGA,EWR,20.4,6.0,2024
6,Jun,Spirit,SLC,ORD,47.6,46.4,2024
1,Jan,United,PHX,DFW,11.8,29.3,2024
4,Apr,JetBlue,BOS,SFO,21.3,15.7,2024
8,Aug,American,SFO,CLT,19.4,24.2,2024
1,Jan,Frontier,IAH,MIA,21.5,22.1,2024
3,Mar,JetBlue,SLC,EWR,45.5,44.1,2024
1,Jan,American,CLT,DTW,26.8,43.8,2024
9,Sep,Delta,SFO,MSP,7.2,0.7,2024
2,Feb,Frontier,BOS,LAS,35.3,37.6,2024
9,Sep,Alaska,SFO,IAH,18.6,16.6,2024
4,Apr,United,PHX,ORD,26.9,27.9,2024
2,Feb,Frontier,MCO,MCO,24.5,28.2,2024
4,Apr,Alaska,PHX,DEN,4.8,12.9,2024
12,Dec,Frontier,DEN,LAX,38.7,32.6,2024
11,Nov,United,IAH,LGA,29.0,212.9,2024
11,Nov,American,LAS,EWR,34.5,31.3,2024
10,Oct,United,EWR,MCO,13.5,15.8,2024
6,Jun,JetBlue,SFO,MSP,31.7,17.8,2024
11,Nov,United,PHX,MCO,24.6,29.0,2024
7,Jul,United,DEN,MIA,19.4,30.4,2024
3,Mar,Alaska,SFO,SEA,-8.8,-0.5,2024
3,Mar,United,DEN,DEN,20.3,18.4,2024
12,Dec,Spirit,CLT,LAX,43.4,44.6,2024
10,Oct,Southwest,SLC,DFW,38.1,29.7,2024
12,Dec,Spirit,PHX,ORD,34.2,37.3,2024
8,Aug,American,SEA,LAX,47.9,42.6,2024
5,May,Delta,LAS,ORD,17.0,26.8,2024
4,Apr,Frontier,MIA,EWR,38.6,23.2,2024
7,Jul,Frontier,LAX,MCO,18.2,23.2,2024
7,Jul,Delta,ORD,LAS,24.4,24.7,2024
9,Sep,Southwest,MSP,JFK,8.3,11.6,2024
9,Sep,Alaska,MIA,CLT,25.2,31.9,2024
5,May,Southwest,PHX,DEN,11.4,17.5,2024
12,Dec,Delta,CLT,LAS,36.4,39.4,2024
8,Aug,JetBlue,JFK,JFK,18.4,22.4,2024
10,Oct,Delta,ATL,ORD,36.2,30.3,2024
1,Jan,Delta,DTW,MSP,11.2,25.8,2024
9,Sep,Spirit,IAH,CLT,12.2,16.9,2024
8,Aug,Frontier,MIA,MIA,26.9,29.4,2024
6,Jun,American,SEA,EWR,10.2,27.1,2024
3,Mar,Delta,ORD,CLT,13.1,3.0,2024
3,Mar,Delta,DTW,JFK,12.0,14.4,2024
8,Aug,Spirit,LAX,DTW,11.8,18.9,2024
5,May,United,EWR,MIA,20.2,19.2,2024
10,Oct,Southwest,JFK,MCO,-0.1,13.4,2024
11,Nov,Spirit,ATL,PHX,22.0,21.6,2024
7,Jul,Frontier,DTW,EWR,18.9,14.1,2024
5,May,Delta,PHX,BOS,13.0,18.4,2024
8,Aug,Delta,JFK,SFO,6.2,12.9,2024
10,Oct,JetBlue,LAS,SFO,37.5,33.9,2024
10,Oct,Frontier,SFO,IAH,30.9,15.2,2024
4,Apr,Frontier,LAX,CLT,17.2,3.1,2024
2,Feb,Spirit,MIA,JFK,45.1,50.3,2024
3,Mar,Delta,DTW,SLC,47.1,52.3,2024
8,Aug,American,DEN,SEA,33.0,30.6,2024
11,Nov,Alaska,LAS,MCO,3.4,8.0,2024
7,Jul,JetBlue,SFO,CLT,15.3,10.8,2024
2,Feb,Delta,DTW,DFW,33.5,45.0,2024
6,Jun,Alaska,EWR,IAH,23.7,30.1,2024
9,Sep,American,EWR,MSP,29.1,21.0,2024
4,Apr,Southwest,SFO,ATL,18.4,8.6,2024
9,Sep,Delta,PHX,SEA,17.6,14.5,2024
2,Feb,Southwest,JFK,SLC,66.1,71.8,2024
2,Feb,Delta,LGA,LGA,17.0,134.6,2024
9,Sep,JetBlue,ATL,PHX,18.8,15.6,2024
12,Dec,Frontier,LAX,ATL,28.8,26.6,2024
7,Jul,JetBlue,DTW,ATL,18.4,14.9,2024
7,Jul,Alaska,DFW,DEN,8.4,15.1,2024
1,Jan,American,LAS,ATL,25.1,41.7,2024
11,Nov,United,JFK,MCO,9.7,6.1,2024
6,Jun,Spirit,LGA,MSP,26.4,28.5,2024
7,Jul,Alaska,MIA,LAS,48.6,63.9,2024
11,Nov,Alaska,DFW,EWR,-2.7,5.5,2024
6,Jun,American,LAS,SEA,15.8,20.3,2024
6,Jun,Delta,EWR,DTW,25.5,35.2,2024
2,Feb,Southwest,ORD,LGA,53.4,57.8,2024
6,Jun,Southwest,DFW,DFW,24.6,33.4,2024
4,Apr,Frontier,ORD,SFO,18.4,24.3,2024
9,Sep,Delta,MSP,LGA,33.7,32.6,2024
12,Dec,United,SLC,EWR,19.4,27.3,2024
1,Jan,United,ATL,DTW,16.8,15.1,2024
8,Aug,United,JFK,EWR,31.0,34.5,2024
5,May,Delta,ORD,LAX,12.7,20.1,2024
1,Jan,Spirit,ORD,CLT,26.2,31.3,2024
4,Apr,JetBlue,EWR,MIA,18.0,25.9,2024
1,Jan,Frontier,PHX,MSP,11.6,34.8,2024
6,Jun,Alaska,LGA,DFW,18.7,17.1,2024
2,Feb,JetBlue,SFO,ATL,13.6,12.3,2024
5,May,Delta,MSP,CLT,1.9,8.8,2024
7,Jul,JetBlue,MIA,BOS,29.1,18.4,2024
2,Feb,Spirit,PHX,LAS,16.6,40.8,2024
6,Jun,United,SFO,SFO,19.5,72.1,2024
6,Jun,JetBlue,JFK,ORD,36.7,42.3,2024
5,May,Delta,ATL,EWR,17.4,16.0,2024
5,May,Frontier,LGA,DFW,14.5,148.7,2024
3,Mar,Alaska,BOS,DTW,11.1,8.2,2024
10,Oct,JetBlue,DFW,MSP,14.4,13.4,2024
10,Oct,JetBlue,ORD,MCO,30.4,26.4,2024
11,Nov,JetBlue,JFK,SLC,30.9,127.1,2024
12,Dec,JetBlue,EWR,LAX,18.2,29.3,2024
2,Feb,Alaska,MSP,PHX,7.0,31.7,2024
7,Jul,Delta,LAS,SLC,21.8,27.2,2024
1,Jan,American,MIA,CLT,25.8,43.4,2024
6,Jun,JetBlue,MCO,SFO,16.1,28.7,2024
6,Jun,American,MSP,CLT,67.0,62.4,2024
3,Mar,Alaska,SLC,LGA,59.2,54.7,2024
2,Feb,Delta,ORD,EWR,28.8,49.3,2024
12,Dec,Southwest,BOS,LGA,17.1,21.2,2024
2,Feb,Spirit,SLC,EWR,31.3,29.2,2024
9,Sep,American,SEA,IAH,19.6,24.8,2024
11,Nov,Delta,DTW,LGA,3.4,3.6,2024
5,May,Frontier,LAS,DFW,26.2,22.0,2024
7,Jul,Southwest,LGA,LAX,30.2,22.6,2024
12,Dec,JetBlue,JFK,LGA,15.8,22.4,2024
5,May,Alaska,DFW,LGA,17.8,22.6,2024
7,Jul,Alaska,DFW,LAX,15.1,16.2,2024
4,Apr,Delta,SLC,LAX,8.0,1.7,2024
8,Aug,United,BOS,CLT,24.4,22.0,2024
11,Nov,Southwest,LAX,EWR,10.1,-4.2,2024
10,Oct,United,LGA,MIA,28.9,31.2,2024
11,Nov,Alaska,CLT,LAX,23.6,18.7,2024
10,Oct,Alaska,PHX,SEA,33.8,38.9,2024
7,Jul,JetBlue,ORD,BOS,12.7,27.1,2024
10,Oct,JetBlue,MCO,DTW,28.4,25.9,2024
5,May,American,DFW,DTW,25.7,21.2,2024
11,Nov,Alaska,ATL,BOS,3.4,16.8,2024
6,Jun,JetBlue,ATL,LAX,10.4,22.5,2024
5,May,Frontier,IAH,DTW,39.6,40.4,2024
7,Jul,American,DFW,BOS,6.9,22.6,2024
12,Dec,Southwest,CLT,LAS,22.7,19.4,2024
2,Feb,United,PHX,SEA,25.1,104.8,2024
5,May,Southwest,LGA,MCO,12.8,23.1,2024
10,Oct,Spirit,BOS,EWR,38.2,35.8,2024
3,Mar,United,MCO,PHX,25.1,20.5,2024
9,Sep,Delta,BOS,SFO,5.4,6.7,2024
6,Jun,Southwest,EWR,CLT,15.3,18.7,2024
10,Oct,Frontier,DEN,LAS,17.5,11.0,2024
3,Mar,Spirit,EWR,DFW,25.0,24.8,2024
7,Jul,Delta,LGA,JFK,14.6,127.8,2024
4,Apr,United,CLT,BOS,14.4,11.5,2024
3,Mar,Alaska,MSP,CLT,14.6,14.2,2024
8,Aug,Alaska,SEA,SLC,-6.1,19.1,2024
4,Apr,American,LAX,LAX,35.1,30.3,2024
11,Nov,Frontier,SEA,SLC,18.5,14.7,2024
1,Jan,Southwest,PHX,MCO,21.8,23.7,2024
6,Jun,Southwest,SFO,MCO,20.6,24.5,2024
10,Oct,Frontier,PHX,LAX,16.5,17.7,2024
11,Nov,American,DFW,CLT,37.5,30.9,2024
11,Nov,American,MIA,BOS,16.3,15.7,2024
1,Jan,JetBlue,LAS,ATL,36.3,48.8,2024
5,May,Spirit,DFW,DTW,33.3,24.2,2024
7,Jul,Frontier,ORD,DFW,35.9,25.3,2024
6,Jun,Alaska,MIA,MIA,9.0,24.4,2024
2,Feb,JetBlue,ORD,SFO,32.2,57.1,2024
11,Nov,United,IAH,MSP,18.0,18.3,2024
4,Apr,Alaska,SLC,DTW,41.8,51.3,2024
11,Nov,Southwest,DTW,SFO,18.5,11.8,2024
2,Feb,American,MIA,MIA,30.5,43.4,2024
11,Nov,American,LAX,MCO,18.8,13.3,2024
1,Jan,Spirit,LAX,MCO,20.4,34.8,2024
3,Mar,Frontier,LAX,MIA,31.5,34.7,2024
3,Mar,Frontier,PHX,LAS,31.2,26.5,2024
12,Dec,Alaska,CLT,DFW,17.0,34.5,2024
7,Jul,Delta,BOS,LAX,6.1,24.3,2024
1,Jan,Spirit,MIA,LAX,25.4,26.7,2024
9,Sep,Spirit,LGA,LAS,27.3,23.2,2024
11,Nov,JetBlue,IAH,SLC,7.9,21.5,2024
6,Jun,Alaska,DTW,CLT,17.7,33.5,2024
4,Apr,Alaska,LGA,IAH,19.0,15.9,2024
3,Mar,Delta,CLT,EWR,10.1,7.7,2024
3,Mar,American,BOS,LAX,10.7,18.9,2024
2,Feb,Southwest,EWR,BOS,18.6,18.4,2024
2,Feb,Southwest,JFK,ATL,15.1,28.6,2024
12,Dec,Delta,LAX,LAX,18.4,29.6,2024
10,Oct,Spirit,LAX,DTW,29.0,29.9,2024
5,May,JetBlue,EWR,SFO,17.8,9.2,2024
9,Sep,United,LAX,LGA,13.2,11.4,2024
2,Feb,Alaska,SEA,CLT,5.1,13.7,2024
2,Feb,Southwest,SFO,LGA,7.9,9.4,2024
12,Dec,United,ATL,LAS,8.8,20.6,2024
6,Jun,Alaska,DFW,MSP,31.3,37.1,2024
10,Oct,JetBlue,MIA,LAX,16.7,18.8,2024
2,Feb,Delta,MCO,CLT,30.5,36.5,2024
12,Dec,Spirit,SFO,MCO,29.0,26.6,2024
4,Apr,JetBlue,IAH,MIA,15.2,12.7,2024
6,Jun,American,DFW,SLC,13.8,26.0,2024
5,May,Frontier,LGA,DTW,27.1,25.2,2024
1,Jan,JetBlue,MIA,DFW,37.6,55.9,2024
6,Jun,Delta,MIA,MIA,13.7,17.6,2024
1,Jan,Delta,MCO,EWR,22.3,30.5,2024
3,Mar,Frontier,MIA,LAX,18.6,24.4,2024
10,Oct,JetBlue,CLT,LAX,32.7,32.1,2024
5,May,Alaska,DTW,LAS,7.0,7.4,2024
10,Oct,Delta,LGA,DFW,24.4,24.5,2024
5,May,American,LAX,SEA,25.4,26.0,2024
10,Oct,United,IAH,IAH,24.4,24.6,2024
6,Jun,JetBlue,EWR,CLT,22.2,25.1,2024
12,Dec,Delta,BOS,LAX,19.9,34.8,2024
10,Oct,Frontier,PHX,MIA,25.3,15.4,2024
8,Aug,Spirit,EWR,LGA,24.3,22.4,2024
5,May,Alaska,ORD,SFO,21.2,28.2,2024
11,Nov,Alaska,SEA,SEA,8.3,21.2,2024
1,Jan,Frontier,LAX,PHX,19.7,18.4,2024
5,May,Alaska,ATL,ORD,10.8,2.2,2024
3,Mar,United,DTW,MSP,28.2,31.5,2024
4,Apr,American,DFW,LGA,9.3,1.6,2024
8,Aug,JetBlue,DFW,MSP,40.5,49.0,2024
7,Jul,Delta,LAS,SLC,20.2,26.9,2024
11,Nov,United,ORD,LAS,16.4,1.7,2024
5,May,American,DEN,EWR,29.3,25.0,2024
2,Feb,Southwest,ATL,DEN,31.8,41.4,2024
6,Jun,Delta,SLC,LAS,25.4,36.2,2024
11,Nov,Alaska,ATL,LAS,9.6,8.3,2024
6,Jun,Alaska,PHX,JFK,8.4,10.3,2024
10,Oct,American,BOS,PHX,14.7,20.0,2024
10,Oct,Spirit,PHX,IAH,33.2,30.8,2024
11,Nov,Spirit,LAX,MIA,33.1,24.6,2024
6,Jun,United,EWR,CLT,22.9,18.6,2024
9,Sep,Spirit,SEA,SFO,23.6,13.8,2024
11,Nov,Alaska,DTW,DTW,16.0,17.6,2024
8,Aug,JetBlue,CLT,SEA,22.3,18.8,2024
8,Aug,United,EWR,SLC,27.0,36.2,2024
1,Jan,Alaska,MIA,CLT,19.7,31.8,2024
5,May,JetBlue,BOS,SLC,36.0,25.5,2024
7,Jul,American,LAX,IAH,29.3,26.5,2024
6,Jun,American,DFW,LGA,50.5,60.6,2024
5,May,United,ORD,ORD,22.3,17.0,2024
8,Aug,United,LAS,ORD,22.6,16.5,2024
3,Mar,JetBlue,IAH,SFO,33.9,26.2,2024
6,Jun,Spirit,SLC,PHX,22.5,23.7,2024
5,May,Delta,SFO,LGA,26.4,16.6,2024
8,Aug,United,DFW,CLT,8.0,20.7,2024
4,Apr,Alaska,JFK,SEA,18.5,6.7,2024
8,Aug,Delta,SLC,LGA,23.0,36.3,2024
10,Oct,Delta,ATL,ORD,14.6,19.6,2024
2,Feb,Frontier,EWR,DFW,35.2,40.0,2024
9,Sep,Frontier,MIA,SEA,23.0,16.7,2024
9,Sep,Spirit,DFW,MSP,41.7,41.6,2024
10,Oct,Delta,IAH,ATL,17.6,23.0,2024
10,Oct,American,DEN,IAH,5.6,14.1,2024
6,Jun,Frontier,JFK,MIA,21.0,35.7,2024
4,Apr,American,LAX,JFK,22.7,27.9,2024
4,Apr,Frontier,BOS,EWR,15.0,10.1,2024
6,Jun,Delta,LAS,SLC,13.5,20.9,2024
5,May,Delta,MCO,LGA,14.6,15.1,2024
6,Jun,American,BOS,IAH,9.0,17.0,2024
7,Jul,JetBlue,MSP,MIA,29.2,33.6,2024
7,Jul,Spirit,LGA,DTW,32.4,20.3,2024
9,Sep,Spirit,DEN,BOS,10.1,14.3,2024
8,Aug,Frontier,MCO,MCO,21.5,14.1,2024
6,Jun,Alaska,MSP,SFO,29.5,31.7,2024
12,Dec,Spirit,MSP,LGA,19.9,27.1,2024
6,Jun,Southwest,PHX,DEN,17.6,22.3,2024
5,May,Frontier,CLT,DTW,13.2,15.7,2024
1,Jan,Frontier,CLT,MSP,15.8,24.0,2024
9,Sep,United,IAH,BOS,6.7,10.5,2024
9,Sep,Delta,IAH,DTW,0.9,2.6,2024
9,Sep,American,LAX,LAS,36.3,36.5,2024
11,Nov,Spirit,MIA,DFW,27.6,29.2,2024
8,Aug,Delta,MSP,SLC,7.1,28.6,2024
10,Oct,Delta,MIA,ATL,8.3,19.9,2024
3,Mar,Frontier,DFW,MSP,18.6,12.6,2024
1,Jan,Frontier,CLT,JFK,24.3,23.6,2024
11,Nov,Delta,MIA,ATL,24.3,33.9,2024
12,Dec,Spirit,IAH,LGA,43.5,43.7,2024
12,Dec,Delta,EWR,ORD,8.8,10.4,2024
8,Aug,JetBlue,PHX,LGA,27.5,24.3,2024
7,Jul,United,BOS,LAX,54.7,66.5,2024
5,May,United,MSP,SFO,32.4,13.0,2024
10,Oct,Frontier,LAS,ATL,36.6,40.7,2024
7,Jul,Frontier,MSP,CLT,30.7,29.5,2024
10,Oct,American,JFK,DFW,14.0,4.2,2024
4,Apr,JetBlue,JFK,JFK,32.8,19.6,2024
9,Sep,JetBlue,MIA,MSP,42.3,38.5,2024
11,Nov,United,SLC,MSP,31.6,19.8,2024
10,Oct,American,MIA,MCO,15.7,73.7,2024
2,Feb,JetBlue,PHX,ATL,38.6,61.9,2024
9,Sep,American,CLT,LAX,25.7,25.2,2024
9,Sep,United,MSP,JFK,23.3,12.8,2024
5,May,Delta,SEA,MIA,14.4,13.4,2024
11,Nov,Alaska,DEN,IAH,10.2,12.3,2024
1,Jan,Alaska,LAX,MSP,6.0,22.7,2024
7,Jul,Alaska,EWR,BOS,17.6,29.4,2024
10,Oct,JetBlue,MSP,MCO,10.5,20.0,2024
10,Oct,American,SLC,SFO,9.2,3.3,2024
4,Apr,Delta,LAS,MCO,8.3,15.9,2024
9,Sep,United,CLT,SFO,16.3,6.1,2024
6,Jun,Frontier,JFK,SFO,52.8,48.7,2024
3,Mar,Spirit,SEA,LAX,28.1,18.0,2024
6,Jun,Southwest,DTW,MIA,9.3,186.0,2024
10,Oct,Alaska,DEN,ATL,14.2,15.1,2024
6,Jun,JetBlue,LGA,MSP,18.9,28.2,2024
5,May,Spirit,SFO,BOS,28.7,35.6,2024
2,Feb,Frontier,LAS,MSP,31.1,29.7,2024
10,Oct,JetBlue,EWR,SFO,24.8,25.1,2024
10,Oct,American,IAH,BOS,25.5,30.7,2024
2,Feb,United,MSP,LGA,45.9,60.7,2024
7,Jul,Alaska,IAH,SEA,33.5,30.4,2024
2,Feb,United,PHX,ORD,25.8,30.6,2024
12,Dec,JetBlue,ATL,SFO,31.0,25.4,2024
6,Jun,JetBlue,IAH,SLC,12.6,17.1,2024
5,May,Alaska,SLC,MCO,9.6,5.5,2024
4,Apr,Alaska,LAX,SEA,23.4,17.7,2024
7,Jul,American,DFW,DTW,22.4,35.7,2024
8,Aug,Frontier,MIA,DTW,14.8,16.9,2024
4,Apr,American,ORD,LAX,14.5,16.9,2024
1,Jan,Southwest,LAS,JFK,38.5,57.5,2024
1,Jan,Delta,PHX,EWR,6.9,11.9,2024
1,Jan,American,LAX,LAS,29.8,39.0,2024
11,Nov,Delta,SFO,CLT,34.0,33.1,2024
1,Jan,JetBlue,CLT,SLC,17.9,34.5,2024
5,May,Southwest,SLC,CLT,30.8,22.4,2024
4,Apr,Southwest,PHX,BOS,19.0,3.9,2024
9,Sep,Spirit,MCO,LAS,2.2,6.5,2024
3,Mar,Spirit,DTW,EWR,34.8,26.4,2024
7,Jul,Spirit,DFW,JFK,20.4,11.5,2024
11,Nov,Southwest,MIA,MCO,19.9,20.3,2024
8,Aug,United,ORD,CLT,31.7,30.3,2024
6,Jun,Alaska,LGA,MSP,29.5,27.6,2024
12,Dec,Frontier,SFO,PHX,25.0,41.0,2024
10,Oct,Spirit,MIA,DTW,21.7,22.5,2024
1,Jan,Alaska,IAH,ORD,-1.2,23.3,2024
8,Aug,JetBlue,DTW,BOS,27.8,31.3,2024
10,Oct,United,DTW,ATL,15.8,8.7,2024
3,Mar,United,JFK,EWR,27.1,19.2,2024
8,Aug,Southwest,LAS,PHX,2.7,15.6,2024
12,Dec,Frontier,ORD,LAS,26.3,19.9,2024
4,Apr,United,LGA,IAH,20.6,14.5,2024
8,Aug,JetBlue,BOS,ATL,33.8,32.1,2024
11,Nov,JetBlue,DFW,PHX,19.8,18.0,2024
1,Jan,Spirit,MCO,SFO,19.4,30.5,2024
3,Mar,United,EWR,PHX,15.8,10.6,2024
6,Jun,Alaska,PHX,BOS,20.8,17.3,2024
9,Sep,JetBlue,SFO,MIA,21.7,25.1,2024
2,Feb,Frontier,PHX,LAS,30.8,28.7,2024
11,Nov,Alaska,SFO,DEN,21.1,2.0,2024
1,Jan,Delta,IAH,DFW,1.2,-0.5,2024
10,Oct,United,LAS,MCO,7.7,16.4,2024
3,Mar,Southwest,IAH,MSP,33.7,37.8,2024
4,Apr,Spirit,LGA,SEA,26.8,79.4,2024
11,Nov,Southwest,MIA,EWR,12.8,15.2,2024
5,May,Frontier,ATL,ATL,11.1,25.6,2024
3,Mar,JetBlue,LGA,LGA,28.5,29.9,2024
10,Oct,JetBlue,DFW,CLT,41.1,51.5,2024
11,Nov,Southwest,DFW,CLT,3.8,8.1,2024
2,Feb,Delta,DTW,IAH,4.1,20.7,2024
2,Feb,Southwest,LAS,JFK,13.0,18.1,2024
7,Jul,Frontier,MSP,LAX,28.7,28.6,2024
9,Sep,United,EWR,DEN,22.9,11.4,2024
10,Oct,Southwest,ATL,SLC,15.9,17.4,2024
2,Feb,American,ORD,SFO,19.9,23.8,2024
7,Jul,Delta,SLC,LAS,15.3,19.1,2024
7,Jul,Spirit,SEA,LAX,29.7,35.0,2024
11,Nov,Delta,IAH,SFO,10.4,21.3,2024
7,Jul,Southwest,JFK,DTW,36.0,40.1,2024
3,Mar,American,MCO,CLT,12.4,8.3,2024
12,Dec,United,JFK,BOS,25.6,36.2,2024
7,Jul,Frontier,DEN,MCO,35.0,51.5,2024
1,Jan,Frontier,BOS,DFW,22.8,33.3,2024
10,Oct,Southwest,LAS,MSP,39.6,34.4,2024
1,Jan,United,LAS,LAS,9.7,32.7,2024
5,May,American,LGA,BOS,13.4,11.3,2024
2,Feb,Frontier,SLC,PHX,42.6,54.7,2024
9,Sep,Spirit,LGA,LAS,32.6,21.0,2024
7,Jul,Southwest,EWR,SFO,27.7,32.2,2024
4,Apr,Southwest,BOS,BOS,6.0,19.7,2024
4,Apr,Frontier,ORD,EWR,26.0,28.1,2024
2,Feb,United,DTW,CLT,13.8,28.7,2024
5,May,Southwest,LGA,SFO,-1.6,13.9,2024
4,Apr,American,EWR,SEA,38.0,36.0,2024
12,Dec,Southwest,BOS,SFO,1.0,128.5,2024
1,Jan,Spirit,LAX,MIA,9.0,20.9,2024
12,Dec,Spirit,SEA,DFW,13.3,21.8,2024
8,Aug,JetBlue,BOS,IAH,33.3,31.2,2024
3,Mar,American,EWR,SLC,17.7,14.8,2024
6,Jun,Delta,SEA,SFO,5.9,18.9,2024
4,Apr,United,EWR,MSP,23.3,28.3,2024
9,Sep,Frontier,PHX,LAS,46.4,50.3,2024
7,Jul,Alaska,MCO,IAH,6.0,16.7,2024
9,Sep,Alaska,CLT,SFO,35.8,37.1,2024
10,Oct,American,DFW,MCO,-0.9,7.0,2024
3,Mar,Frontier,CLT,EWR,28.3,18.8,2024
1,Jan,Frontier,DFW,DEN,47.4,56.7,2024
5,May,Alaska,MIA,SFO,8.4,14.0,2024
3,Mar,Delta,JFK,JFK,21.2,17.6,2024
6,Jun,Delta,DFW,LAX,18.0,247.3,2024
8,Aug,American,LAS,SFO,13.5,28.8,2024
11,Nov,Delta,LAS,LAS,7.1,5.1,2024
4,Apr,Delta,ORD,MSP,38.5,22.1,2024
5,May,Alaska,DEN,LGA,26.1,32.0,2024
5,May,JetBlue,CLT,LGA,22.8,18.8,2024
4,Apr,Southwest,LAS,CLT,17.5,26.2,2024
4,Apr,Alaska,LAX,IAH,8.0,-0.9,2024
4,Apr,Alaska,ORD,CLT,13.8,4.9,2024
4,Apr,JetBlue,BOS,MIA,30.1,23.7,2024
4,Apr,Southwest,EWR,BOS,12.9,9.9,2024
5,May,Frontier,DEN,LGA,21.6,15.6,2024
2,Feb,Delta,PHX,BOS,29.3,33.4,2024
2,Feb,Southwest,CLT,SFO,27.3,17.2,2024
9,Sep,Spirit,DTW,SFO,19.2,20.4,2024
2,Feb,Spirit,DTW,PHX,17.2,21.6,2024
6,Jun,JetBlue,MSP,EWR,22.5,23.0,2024
2,Feb,United,EWR,MIA,51.7,62.3,2024
5,May,United,SEA,EWR,12.0,15.3,2024
4,Apr,Southwest,SEA,LAX,31.8,37.0,2024
12,Dec,Spirit,LGA,LAX,37.3,53.5,2024
7,Jul,United,LGA,IAH,10.4,26.7,2024
7,Jul,Frontier,ORD,DEN,15.9,40.9,2024
6,Jun,American,ATL,DTW,32.4,23.9,2024
10,Oct,United,LGA,SEA,22.3,26.4,2024
5,May,Southwest,EWR,JFK,4.7,2.7,2024
1,Jan,Delta,LGA,LAS,15.9,25.3,2024
12,Dec,JetBlue,LAX,JFK,8.9,21.4,2024
3,Mar,United,DTW,LGA,14.8,11.4,2024
9,Sep,Southwest,SFO,SEA,18.5,21.8,2024
1,Jan,Spirit,SLC,ORD,20.5,29.0,2024
5,May,JetBlue,ATL,BOS,48.1,52.6,2024
2,Feb,American,LGA,MSP,15.6,20.6,2024
4,Apr,Frontier,PHX,IAH,23.5,18.6,2024
11,Nov,Delta,JFK,MIA,4.2,2.9,2024
1,Jan,Alaska,SFO,LAX,29.4,29.5,2024
3,Mar,JetBlue,JFK,DTW,14.2,11.2,2024
10,Oct,Alaska,DEN,ATL,6.6,10.8,2024
7,Jul,Spirit,LAX,CLT,23.0,20.1,2024
10,Oct,JetBlue,IAH,IAH,27.1,18.0,2024
3,Mar,Southwest,LGA,IAH,10.5,18.3,2024
4,Apr,American,SFO,LGA,16.1,16.6,2024
2,Feb,Spirit,SLC,ATL,13.9,19.3,2024
3,Mar,United,SFO,DTW,37.9,35.6,2024
9,Sep,Frontier,SFO,MCO,19.4,13.4,2024
3,Mar,American,EWR,EWR,12.8,23.3,2024
11,Nov,Delta,BOS,DFW,16.4,21.4,2024
5,May,Alaska,CLT,JFK,34.7,29.0,2024
2,Feb,Frontier,CLT,EWR,13.2,23.2,2024
4,Apr,United,MIA,MCO,8.8,11.6,2024
12,Dec,Alaska,LAX,JFK,19.7,22.6,2024
7,Jul,American,ORD,CLT,12.4,10.6,2024
7,Jul,Delta,SLC,ATL,12.9,28.5,2024
12,Dec,JetBlue,MCO,SFO,28.3,23.9,2024
3,Mar,Frontier,CLT,MIA,27.0,29.4,2024
5,May,Frontier,EWR,ATL,23.8,24.5,2024
1,Jan,JetBlue,ATL,SEA,39.3,61.6,2024
10,Oct,Alaska,CLT,DTW,3.7,122.7,2024
10,Oct,Alaska,BOS,DEN,7.4,1.8,2024
10,Oct,JetBlue,SFO,MSP,38.2,29.3,2024
11,Nov,Spirit,SFO,CLT,21.7,29.1,2024
1,Jan,Alaska,MIA,LAS,38.1,47.0,2024
5,May,JetBlue,MCO,SEA,23.0,96.3,2024
10,Oct,Spirit,MIA,SLC,19.5,9.1,2024
9,Sep,Alaska,LGA,LGA,18.4,21.3,2024
1,Jan,Frontier,ORD,SLC,24.1,32.7,2024
1,Jan,United,EWR,IAH,36.2,42.8,2024
4,Apr,Alaska,DEN,IAH,9.9,12.8,2024
4,Apr,JetBlue,LAX,DFW,14.9,11.4,2024
2,Feb,United,SFO,LAX,18.6,14.6,2024
9,Sep,United,PHX,DEN,15.8,13.7,2024
9,Sep,American,DEN,LGA,0.4,8.2,2024
2,Feb,JetBlue,CLT,SFO,23.7,28.4,2024
9,Sep,Spirit,BOS,EWR,59.7,50.8,2024
6,Jun,Southwest,PHX,ATL,37.8,40.5,2024
8,Aug,Alaska,LGA,BOS,31.0,182.1,2024
10,Oct,JetBlue,MCO,SLC,26.4,23.6,2024
4,Apr,Southwest,MCO,LAS,13.0,16.4,2024
2,Feb,JetBlue,MIA,EWR,19.8,34.3,2024
2,Feb,United,SEA,SFO,44.5,40.2,2024
9,Sep,JetBlue,CLT,CLT,31.6,186.9,2024
1,Jan,JetBlue,LAX,BOS,21.5,32.1,2024
12,Dec,Spirit,LGA,DFW,21.7,25.6,2024
7,Jul,JetBlue,JFK,JFK,54.6,44.4,2024
11,Nov,JetBlue,MSP,JFK,11.0,13.7,2024
3,Mar,American,SEA,CLT,25.8,19.1,2024
3,Mar,Alaska,MIA,ORD,15.0,11.9,2024
2,Feb,Frontier,CLT,LAX,19.3,32.6,2024
10,Oct,American,MSP,DEN,7.6,13.3,2024
6,Jun,United,IAH,SEA,10.9,14.1,2024
10,Oct,United,IAH,SLC,41.3,45.2,2024
2,Feb,Southwest,LGA,EWR,27.9,36.2,2024
10,Oct,United,MSP,SLC,30.4,30.5,2024
4,Apr,American,ORD,EWR,16.5,17.7,2024
10,Oct,United,SFO,JFK,28.5,39.2,2024
9,Sep,Southwest,BOS,ATL,25.7,8.1,2024
9,Sep,Southwest,DFW,IAH,22.1,26.1,2024
6,Jun,American,MIA,SEA,18.5,23.3,2024
4,Apr,Spirit,DTW,DEN,39.6,26.8,2024
7,Jul,United,IAH,BOS,25.2,39.5,2024
1,Jan,Frontier,SFO,IAH,25.7,28.4,2024
12,Dec,Frontier,DEN,DEN,34.0,37.9,2024
4,Apr,Alaska,EWR,MSP,15.8,12.0,2024
5,May,Southwest,MIA,BOS,25.1,28.8,2024
8,Aug,Spirit,ORD,EWR,49.3,44.4,2024
12,Dec,Spirit,EWR,DTW,47.8,50.0,2024
2,Feb,United,MIA,MIA,22.0,205.2,2024
12,Dec,United,PHX,LAS,21.7,38.3,2024
5,May,Alaska,LAX,PHX,23.3,26.9,2024
6,Jun,Spirit,EWR,EWR,46.1,36.6,2024
5,May,American,LGA,SLC,16.9,22.6,2024
9,Sep,Frontier,PHX,PHX,16.6,20.1,2024
10,Oct,American,IAH,DFW,6.6,1.8,2024
1,Jan,United,BOS,SEA,22.7,35.7,2024
3,Mar,JetBlue,SEA,MIA,15.6,14.2,2024
2,Feb,JetBlue,ORD,JFK,38.6,26.5,2024
12,Dec,Delta,MCO,DFW,11.0,12.5,2024
3,Mar,Delta,ORD,DEN,25.7,28.9,2024
10,Oct,Delta,JFK,IAH,-2.1,13.8,2024
9,Sep,American,LAX,ORD,29.0,27.8,2024
9,Sep,United,ORD,SFO,9.8,17.8,2024
10,Oct,Alaska,LGA,BOS,41.2,34.0,2024
2,Feb,Frontier,LAS,ORD,36.3,162.5,2024
3,Mar,Alaska,DFW,LGA,17.4,20.1,2024
4,Apr,Southwest,LAX,ORD,26.8,35.8,2024
9,Sep,United,LAS,MIA,13.4,17.1,2024
3,Mar,Frontier,DTW,JFK,16.1,6.5,2024
7,Jul,Frontier,MIA,MIA,14.7,29.8,2024
12,Dec,United,LAX,DFW,12.6,8.4,2024
3,Mar,Delta,LAX,LGA,5.3,15.7,2024
7,Jul,United,DEN,ATL,24.6,22.3,2024
7,Jul,Alaska,SFO,BOS,7.0,28.7,2024
9,Sep,Delta,DFW,ORD,10.7,13.8,2024
2,Feb,United,DTW,EWR,21.2,19.9,2024
6,Jun,Southwest,LAX,ORD,24.6,29.9,2024
9,Sep,JetBlue,BOS,DTW,38.4,32.2,2024
12,Dec,JetBlue,PHX,LGA,20.9,21.2,2024
12,Dec,American,ATL,SLC,28.6,31.2,2024
2,Feb,Frontier,SLC,SFO,25.0,28.2,2024
2,Feb,Southwest,EWR,MIA,25.1,36.0,2024
5,May,Alaska,CLT,EWR,14.2,19.4,2024
10,Oct,United,DTW,SLC,21.2,17.5,2024
10,Oct,Frontier,LAS,DEN,22.8,12.3,2024
12,Dec,Southwest,CLT,ATL,21.1,34.9,2024
10,Oct,Frontier,SFO,PHX,21.9,18.4,2024
8,Aug,United,DFW,IAH,33.5,37.6,2024
11,Nov,Southwest,IAH,PHX,29.4,31.4,2024
9,Sep,Southwest,SEA,ATL,23.9,28.2,2024
2,Feb,JetBlue,BOS,MSP,50.5,50.1,2024
5,May,Southwest,CLT,DFW,21.7,27.5,2024
7,Jul,American,CLT,BOS,28.3,35.8,2024
6,Jun,United,LGA,EWR,30.1,38.1,2024
6,Jun,Delta,LAX,SLC,20.7,29.8,2024
7,Jul,Southwest,BOS,BOS,20.4,14.5,2024
3,Mar,Frontier,ORD,JFK,24.7,10.9,2024
3,Mar,Delta,SFO,EWR,-3.6,1.8,2024
10,Oct,JetBlue,JFK,BOS,29.3,17.5,2024
9,Sep,Delta,DTW,PHX,22.3,26.6,2024
8,Aug,American,DEN,DEN,29.4,31.7,2024
5,May,American,DFW,SLC,16.7,19.3,2024
6,Jun,JetBlue,CLT,BOS,23.6,119.6,2024
11,Nov,Frontier,SFO,SEA,24.0,21.4,2024
12,Dec,Alaska,ORD,DFW,7.4,18.1,2024
10,Oct,American,MSP,SFO,22.1,30.0,2024
1,Jan,United,PHX,DEN,7.8,33.9,2024
10,Oct,Alaska,LAX,MIA,0.2,7.0,2024
12,Dec,American,BOS,LGA,17.6,19.0,2024
1,Jan,Alaska,BOS,ORD,27.1,37.1,2024
4,Apr,Southwest,SLC,LAX,43.3,42.0,2024
2,Feb,Spirit,SLC,SLC,25.6,40.0,2024
11,Nov,American,ORD,LAX,13.3,5.5,2024
7,Jul,Alaska,JFK,DTW,23.7,33.4,2024
2,Feb,United,LAX,ATL,24.1,39.6,2024
10,Oct,JetBlue,MSP,EWR,13.0,14.8,2024
2,Feb,American,LAS,CLT,18.7,30.1,2024
5,May,United,MSP,IAH,20.6,19.7,2024
4,Apr,Southwest,DTW,LAX,22.6,28.5,2024
8,Aug,Spirit,SLC,MIA,22.6,24.4,2024
4,Apr,Delta,MIA,LGA,21.2,17.3,2024
12,Dec,Frontier,DTW,MSP,32.7,25.8,2024
6,Jun,Delta,EWR,BOS,35.6,46.5,2024
5,May,JetBlue,PHX,LAX,36.4,28.1,2024
11,Nov,Frontier,MCO,IAH,17.9,21.0,2024
2,Feb,JetBlue,EWR,PHX,41.6,52.5,2024
11,Nov,Delta,LAX,BOS,16.6,16.9,2024
12,Dec,Delta,EWR,LGA,10.5,30.0,2024
8,Aug,JetBlue,DTW,DTW,14.8,15.9,2024
2,Feb,Delta,IAH,SLC,6.9,8.8,2024
9,Sep,American,JFK,MSP,40.5,26.2,2024
9,Sep,Alaska,SFO,ORD,11.5,19.5,2024
3,Mar,Spirit,MSP,SEA,38.1,24.3,2024
4,Apr,Spirit,LAX,DEN,12.6,21.0,2024
8,Aug,United,CLT,BOS,34.5,48.5,2024
9,Sep,Alaska,LGA,ATL,27.9,31.2,2024
3,Mar,Frontier,MSP,EWR,32.9,22.7,2024
5,May,JetBlue,SFO,BOS,26.8,18.9,2024
11,Nov,United,ATL,LGA,14.3,24.6,2024
8,Aug,Southwest,ORD,LAS,23.9,23.2,2024
3,Mar,Southwest,MCO,MSP,26.4,34.6,2024
7,Jul,American,IAH,DFW,35.8,47.2,2024
11,Nov,Southwest,SFO,DFW,14.7,21.0,2024
8,Aug,JetBlue,LGA,CLT,31.8,28.1,2024
10,Oct,American,BOS,PHX,7.4,23.6,2024
11,Nov,Alaska,EWR,JFK,-0.7,8.1,2024
3,Mar,American,PHX,ORD,15.7,26.5,2024
2,Feb,Spirit,EWR,CLT,26.2,51.1,2024
10,Oct,JetBlue,MCO,JFK,16.7,5.6,2024
7,Jul,Delta,IAH,MIA,10.6,9.3,2024
12,Dec,Spirit,CLT,LAX,27.4,30.9,2024
9,Sep,United,MIA,LAX,14.2,8.6,2024
1,Jan,JetBlue,IAH,ATL,34.0,34.7,2024
3,Mar,Spirit,JFK,MIA,10.0,250.9,2024
5,May,Delta,ATL,DEN,10.1,11.2,2024
3,Mar,Delta,SFO,JFK,19.6,14.7,2024
1,Jan,Southwest,BOS,ORD,23.8,43.7,2024
7,Jul,Alaska,MCO,MCO,24.3,30.7,2024
7,Jul,Spirit,DFW,DEN,33.6,38.5,2024
10,Oct,Spirit,PHX,MCO,22.4,5.5,2024
12,Dec,Frontier,LAX,LAS,14.0,33.7,2024
8,Aug,American,LAS,SLC,3.3,7.4,2024
5,May,American,PHX,DEN,8.7,11.3,2024
10,Oct,Southwest,MCO,BOS,-4.2,13.2,2024
12,Dec,Southwest,MIA,BOS,32.6,42.5,2024
5,May,American,DTW,EWR,21.9,18.0,2024
5,May,Frontier,ORD,SFO,16.5,15.6,2024
1,Jan,JetBlue,ATL,DTW,11.0,24.8,2024
10,Oct,JetBlue,SFO,LAS,23.4,34.8,2024
5,May,JetBlue,DFW,CLT,27.4,135.7,2024
6,Jun,JetBlue,SFO,MIA,16.5,17.7,2024
12,Dec,Southwest,EWR,DFW,8.9,134.2,2024
1,Jan,United,PHX,MIA,28.6,23.3,2024
11,Nov,United,CLT,LAS,25.4,25.4,2024
7,Jul,American,EWR,JFK,4.9,13.1,2024
1,Jan,United,JFK,LGA,31.1,42.2,2024
11,Nov,JetBlue,DFW,LAS,25.1,20.8,2024
2,Feb,Southwest,DFW,JFK,38.8,53.5,2024
2,Feb,JetBlue,DFW,JFK,13.6,25.7,2024
5,May,Delta,LGA,DFW,12.4,11.3,2024
10,Oct,Southwest,MSP,MCO,23.9,24.2,2024
7,Jul,Delta,LAX,MIA,23.6,32.5,2024
1,Jan,Delta,MCO,ORD,51.0,69.5,2024
10,Oct,Frontier,JFK,IAH,14.6,8.8,2024
1,Jan,Frontier,ATL,EWR,20.0,23.0,2024
1,Jan,Spirit,SEA,EWR,21.9,27.3,2024
6,Jun,American,IAH,BOS,33.5,152.1,2024
2,Feb,Delta,DFW,DTW,11.3,16.2,2024
1,Jan,Spirit,DEN,LAS,18.0,17.3,2024
6,Jun,United,DEN,SFO,20.6,26.8,2024
2,Feb,United,CLT,DTW,16.8,22.9,2024
6,Jun,Delta,PHX,MCO,14.9,18.4,2024
10,Oct,American,SEA,MCO,9.3,8.4,2024
8,Aug,Delta,SFO,PHX,12.1,11.3,2024
2,Feb,Spirit,BOS,MIA,51.4,52.9,2024
11,Nov,Southwest,MIA,SFO,20.4,8.9,2024
9,Sep,Southwest,MSP,SLC,13.4,19.5,2024
8,Aug,Southwest,CLT,SLC,17.6,21.2,2024
12,Dec,Southwest,LGA,MIA,27.2,38.2,2024
10,Oct,Delta,IAH,JFK,16.9,11.4,2024
1,Jan,JetBlue,SEA,SEA,26.1,27.2,2024
7,Jul,JetBlue,JFK,ATL,20.4,21.2,2024
10,Oct,Alaska,MIA,SEA,3.9,98.9,2024
6,Jun,Southwest,LAS,DEN,24.7,28.6,2024
6,Jun,Frontier,DEN,PHX,41.1,39.8,2024
6,Jun,Frontier,SFO,LAX,16.9,19.1,2024
6,Jun,Spirit,CLT,DFW,17.0,22.1,2024
10,Oct,Spirit,DFW,LAX,25.4,23.0,2024
7,Jul,Alaska,SLC,CLT,10.1,14.7,2024
12,Dec,Alaska,MSP,MCO,9.6,29.7,2024
3,Mar,American,ATL,PHX,13.7,20.4,2024
6,Jun,American,ATL,LAX,20.6,21.7,2024
3,Mar,Delta,DTW,JFK,29.9,28.3,2024
7,Jul,JetBlue,LAS,DTW,15.3,15.5,2024
7,Jul,Spirit,BOS,DEN,28.2,30.7,2024
8,Aug,Frontier,IAH,LAX,36.6,31.6,2024
2,Feb,Spirit,LAS,DTW,23.8,35.1,2024
9,Sep,Delta,SEA,MSP,19.5,19.5,2024
5,May,United,DTW,LAX,26.1,16.9,2024
9,Sep,Spirit,LAS,LAS,31.4,22.7,2024
10,Oct,Spirit,MCO,ORD,14.2,11.6,2024
5,May,Southwest,LAX,CLT,22.1,14.4,2024
7,Jul,United,ATL,ORD,25.8,39.3,2024
11,Nov,Frontier,MSP,BOS,9.8,13.1,2024
9,Sep,United,PHX,JFK,14.4,16.6,2024
4,Apr,Frontier,SEA,SLC,52.2,51.9,2024
2,Feb,Alaska,SFO,LGA,9.7,17.6,2024
9,Sep,Spirit,BOS,JFK,25.1,20.3,2024
2,Feb,American,LGA,SLC,24.0,26.5,2024
3,Mar,Spirit,BOS,LGA,26.4,22.0,2024
10,Oct,JetBlue,EWR,EWR,13.4,12.1,2024
2,Feb,Alaska,PHX,SEA,32.4,33.2,2024
3,Mar,Alaska,BOS,SLC,-2.5,13.6,2024
6,Jun,Southwest,MIA,SEA,21.4,30.4,2024
3,Mar,Delta,DTW,MCO,8.0,8.2,2024
10,Oct,Southwest,MCO,CLT,14.2,23.7,2024
8,Aug,Delta,MSP,SEA,22.9,29.3,2024
11,Nov,Frontier,LAX,ORD,45.4,32.6,2024
6,Jun,Delta,MCO,EWR,43.6,49.3,2024
7,Jul,Frontier,SFO,ORD,17.2,19.2,2024
1,Jan,Frontier,ATL,ATL,23.7,29.4,2024
3,Mar,JetBlue,ORD,SEA,27.1,26.5,2024
3,Mar,United,MCO,LAS,10.3,12.9,2024
2,Feb,Frontier,BOS,BOS,17.3,111.5,2024
7,Jul,Delta,DEN,IAH,19.1,25.7,2024
9,Sep,JetBlue,BOS,LGA,25.9,16.6,2024
4,Apr,United,ORD,SEA,27.3,14.8,2024
12,Dec,Alaska,MCO,MCO,12.4,30.4,2024
5,May,Alaska,DEN,MIA,0.2,13.3,2024
3,Mar,United,ATL,SFO,26.9,14.7,2024
11,Nov,Southwest,EWR,DTW,22.6,16.7,2024
9,Sep,Southwest,LAS,PHX,17.6,26.9,2024
4,Apr,Spirit,PHX,CLT,33.4,8.6,2024
5,May,Southwest,PHX,BOS,30.1,23.6,2024
1,Jan,Spirit,MSP,MCO,45.7,67.2,2024
11,Nov,Spirit,EWR,LGA,38.0,34.9,2024
12,Dec,Frontier,MCO,SEA,17.0,35.0,2024
2,Feb,American,DFW,DTW,8.7,23.6,2024
12,Dec,United,DTW,CLT,13.9,28.9,2024
9,Sep,American,LGA,MIA,11.4,19.6,2024
2,Feb,Southwest,DEN,BOS,13.9,36.2,2024
5,May,JetBlue,MSP,MCO,43.3,40.1,2024
8,Aug,Southwest,ORD,EWR,19.2,26.8,2024
3,Mar,Delta,DEN,MCO,6.2,1.2,2024
6,Jun,JetBlue,EWR,IAH,27.6,29.9,2024
4,Apr,Spirit,SLC,PHX,39.7,23.5,2024
11,Nov,Spirit,SLC,SLC,28.8,18.9,2024
7,Jul,JetBlue,LGA,IAH,41.3,40.2,2024
10,Oct,Spirit,IAH,ATL,23.0,22.6,2024
3,Mar,United,IAH,DFW,28.5,32.9,2024
6,Jun,Frontier,SEA,SFO,31.4,21.6,2024
12,Dec,American,IAH,ATL,18.6,28.0,2024
10,Oct,Delta,LAS,SEA,18.3,6.2,2024
9,Sep,JetBlue,SLC,LGA,15.4,13.2,2024
11,Nov,Frontier,PHX,SEA,25.2,22.5,2024
10,Oct,American,LAX,DEN,28.0,32.3,2024
1,Jan,American,LGA,ATL,14.4,30.4,2024
3,Mar,Delta,MSP,CLT,8.8,7.1,2024
2,Feb,Frontier,MIA,DFW,23.1,30.5,2024
8,Aug,Delta,EWR,SFO,32.9,39.8,2024
7,Jul,Southwest,MCO,DTW,27.8,38.2,2024
2,Feb,Spirit,SFO,BOS,32.8,41.0,2024
6,Jun,Spirit,ORD,ORD,14.0,17.2,2024
3,Mar,Southwest,EWR,MCO,40.1,45.7,2024
8,Aug,JetBlue,SLC,IAH,13.4,25.4,2024
10,Oct,JetBlue,MCO,SEA,18.2,19.3,2024
3,Mar,JetBlue,EWR,LAX,10.9,10.3,2024
10,Oct,Southwest,LAX,JFK,20.2,16.4,2024
9,Sep,Frontier,DTW,SFO,17.0,13.3,2024
1,Jan,JetBlue,MCO,SFO,45.3,48.1,2024
5,May,JetBlue,PHX,MSP,55.9,60.5,2024
3,Mar,Southwest,SLC,ATL,23.5,26.6,2024
6,Jun,Southwest,MIA,SEA,21.2,25.4,2024
10,Oct,JetBlue,IAH,MSP,32.0,18.6,2024
2,Feb,JetBlue,MIA,MCO,55.0,62.2,2024
9,Sep,American,LAS,SLC,7.3,8.7,2024
6,Jun,United,SLC,LGA,11.3,9.6,2024
7,Jul,Southwest,MCO,MSP,0.0,9.0,2024
5,May,United,PHX,EWR,43.3,34.5,2024
9,Sep,Frontier,ORD,CLT,16.8,20.8,2024
1,Jan,Spirit,ORD,MIA,19.6,19.9,2024
5,May,Southwest,SEA,BOS,20.4,22.8,2024
11,Nov,Frontier,JFK,ORD,34.9,35.2,2024
10,Oct,Alaska,MCO,LAS,25.8,21.8,2024
11,Nov,Spirit,ATL,DTW,22.0,13.4,2024
6,Jun,Spirit,MCO,SFO,21.0,26.6,2024
7,Jul,American,JFK,MIA,16.0,26.0,2024
12,Dec,Spirit,LAX,PHX,23.3,31.8,2024
4,Apr,Frontier,SLC,ORD,39.6,33.5,2024
12,Dec,United,SFO,SLC,26.5,38.1,2024
1,Jan,American,MIA,LAX,5.2,24.3,2024
11,Nov,Delta,MIA,LGA,32.6,31.1,2024
8,Aug,Spirit,DFW,LAX,33.2,40.6,2024
10,Oct,United,MCO,EWR,19.7,19.7,2024
4,Apr,United,EWR,LGA,20.4,12.6,2024
3,Mar,Alaska,DEN,PHX,23.2,30.3,2024
12,Dec,United,SFO,DFW,34.8,42.9,2024
7,Jul,Delta,EWR,MIA,5.7,21.0,2024
12,Dec,Spirit,CLT,LGA,22.2,17.0,2024
2,Feb,Frontier,DEN,BOS,32.0,39.8,2024
8,Aug,Frontier,ATL,PHX,21.0,20.4,2024
6,Jun,Delta,MCO,EWR,26.0,29.1,2024
7,Jul,Spirit,LAS,DFW,20.6,25.7,2024
5,May,American,DEN,ORD,24.0,11.2,2024
9,Sep,Frontier,JFK,LAS,23.1,23.3,2024
5,May,Delta,ORD,JFK,20.8,31.9,2024
11,Nov,Southwest,JFK,BOS,46.6,45.6,2024
5,May,JetBlue,SEA,ATL,8.7,7.0,2024
3,Mar,United,JFK,DTW,10.1,15.5,2024
11,Nov,Spirit,EWR,PHX,20.9,17.9,2024
1,Jan,American,EWR,IAH,14.9,28.0,2024
2,Feb,American,ORD,MSP,20.4,30.1,2024
8,Aug,Spirit,LGA,LAS,38.9,171.7,2024
1,Jan,American,JFK,SLC,16.2,32.7,2024
7,Jul,American,JFK,DFW,16.8,14.3,2024
5,May,United,SLC,ORD,35.3,29.3,2024
3,Mar,American,MCO,JFK,45.5,33.4,2024
12,Dec,United,CLT,LAS,2.9,23.7,2024
12,Dec,American,SLC,PHX,34.2,47.3,2024
11,Nov,American,LAX,LAS,17.0,10.6,2024
7,Jul,JetBlue,SEA,LGA,22.5,16.8,2024
9,Sep,Spirit,SFO,PHX,21.7,24.2,2024
2,Feb,Southwest,SEA,JFK,38.1,52.9,2024
8,Aug,Delta,MSP,EWR,11.5,17.8,2024
9,Sep,Delta,CLT,LGA,-0.1,1.2,2024
11,Nov,Delta,BOS,MIA,1.7,9.3,2024
3,Mar,Southwest,CLT,MCO,3.6,13.5,2024
2,Feb,United,DTW,SFO,25.2,33.4,2024
7,Jul,Delta,SFO,DFW,7.6,18.3,2024
5,May,Delta,LGA,PHX,15.3,24.7,2024
5,May,Delta,DEN,DTW,20.2,25.1,2024
10,Oct,Spirit,MCO,LGA,24.1,10.4,2024
5,May,United,PHX,DTW,33.8,34.9,2024
4,Apr,Southwest,SLC,MCO,44.8,24.6,2024
5,May,Southwest,IAH,MSP,19.7,198.8,2024
4,Apr,Alaska,PHX,LAX,22.0,13.3,2024
6,Jun,Alaska,LAX,LAS,26.1,31.0,2024
4,Apr,United,JFK,ORD,21.6,28.2,2024
2,Feb,Spirit,ORD,DFW,39.1,40.0,2024
9,Sep,JetBlue,SLC,BOS,24.8,29.8,2024
2,Feb,American,DEN,CLT,21.8,33.4,2024
9,Sep,United,SFO,MCO,21.3,10.5,2024
10,Oct,American,SFO,SEA,28.1,23.7,2024
6,Jun,Southwest,PHX,IAH,16.2,17.9,2024
9,Sep,American,ATL,DEN,43.8,36.3,2024
9,Sep,Alaska,MIA,LAX,18.9,25.0,2024
3,Mar,Delta,SFO,LAS,19.6,11.1,2024
1,Jan,American,JFK,DTW,14.2,25.9,2024
1,Jan,Alaska,JFK,ATL,7.0,22.6,2024
3,Mar,American,MSP,MCO,3.5,5.0,2024
5,May,Southwest,EWR,DFW,14.5,23.6,2024
3,Mar,Spirit,MSP,LGA,33.6,32.6,2024
12,Dec,Spirit,LAX,PHX,18.3,21.6,2024
9,Sep,JetBlue,SLC,LAX,13.1,27.8,2024
9,Sep,American,SLC,JFK,18.3,21.0,2024
3,Mar,Spirit,SLC,SLC,32.8,28.2,2024
3,Mar,Southwest,IAH,LAS,29.7,23.9,2024
12,Dec,Frontier,JFK,SLC,19.8,38.0,2024
5,May,Frontier,LAX,SLC,20.5,9.0,2024
2,Feb,Delta,SLC,LAS,21.4,32.2,2024
6,Jun,Frontier,JFK,ORD,11.1,11.2,2024
7,Jul,Frontier,MCO,JFK,18.9,12.5,2024
9,Sep,American,CLT,JFK,43.5,38.2,2024
6,Jun,American,JFK,LGA,8.4,13.5,2024
3,Mar,Delta,ORD,MSP,24.4,28.7,2024
12,Dec,Frontier,MIA,MSP,41.1,44.1,2024
5,May,Alaska,SEA,SFO,9.8,7.0,2024
4,Apr,Spirit,IAH,LAS,6.8,18.3,2024
5,May,Alaska,LGA,IAH,20.1,22.0,2024
8,Aug,Alaska,SLC,ATL,5.5,12.6,2024
8,Aug,Frontier,SLC,MCO,36.5,36.4,2024
6,Jun,United,LGA,MSP,41.3,39.2,2024
1,Jan,JetBlue,DFW,SEA,50.0,50.2,2024
8,Aug,Delta,SFO,LAS,15.0,18.4,2024
8,Aug,Spirit,DEN,ATL,53.8,52.0,2024
2,Feb,Alaska,EWR,LAS,37.6,48.8,2024
4,Apr,Delta,JFK,MCO,19.5,22.7,2024
12,Dec,Delta,DTW,MIA,8.5,249.5,2024
2,Feb,United,MCO,MCO,15.7,36.0,2024
4,Apr,Delta,LAX,DFW,26.4,27.8,2024
12,Dec,United,IAH,EWR,26.5,31.9,2024
10,Oct,JetBlue,IAH,DTW,26.2,31.1,2024
7,Jul,United,MSP,MCO,9.8,17.7,2024
9,Sep,JetBlue,IAH,IAH,15.7,11.9,2024
8,Aug,JetBlue,LGA,LAS,17.7,17.2,2024
12,Dec,JetBlue,MSP,ATL,12.1,23.3,2024
9,Sep,Southwest,BOS,ORD,2.2,5.3,2024
8,Aug,Frontier,ORD,MCO,27.1,17.8,2024
2,Feb,JetBlue,SFO,ATL,12.7,10.9,2024
7,Jul,Frontier,ATL,ORD,13.6,19.4,2024
2,Feb,United,DEN,DTW,20.4,20.4,2024
12,Dec,Southwest,ATL,DTW,22.1,40.8,2024
11,Nov,Spirit,DFW,MSP,33.5,31.7,2024
2,Feb,Spirit,ATL,ATL,22.8,30.7,2024
4,Apr,Delta,MSP,CLT,30.1,30.5,2024
1,Jan,Frontier,DTW,MCO,24.0,36.7,2024
5,May,Spirit,CLT,SFO,30.9,17.4,2024
6,Jun,Delta,LGA,EWR,42.4,54.1,2024
9,Sep,American,BOS,MCO,40.8,47.1,2024
10,Oct,JetBlue,SFO,ATL,28.8,27.1,2024
8,Aug,Spirit,SLC,CLT,30.9,18.4,2024
2,Feb,American,ORD,MCO,6.9,24.7,2024
1,Jan,Frontier,IAH,CLT,17.7,112.4,2024
2,Feb,JetBlue,DFW,SLC,29.9,41.8,2024
7,Jul,Spirit,ORD,JFK,25.8,27.5,2024
4,Apr,JetBlue,BOS,JFK,36.1,26.8,2024
10,Oct,Frontier,BOS,ATL,32.2,32.6,2024
5,May,Spirit,LGA,EWR,22.3,21.9,2024
12,Dec,Alaska,JFK,IAH,20.1,24.1,2024
7,Jul,United,CLT,MSP,41.0,34.3,2024
3,Mar,United,LAX,BOS,18.0,16.4,2024
10,Oct,Delta,SEA,IAH,23.2,31.6,2024
2,Feb,Southwest,DTW,PHX,33.8,44.3,2024
7,Jul,Delta,DEN,DTW,8.7,25.3,2024
5,May,JetBlue,ORD,MCO,24.9,13.3,2024
1,Jan,Alaska,PHX,MIA,5.2,14.6,2024
1,Jan,Southwest,SFO,IAH,9.3,26.3,2024
9,Sep,American,MIA,BOS,7.7,3.2,2024
5,May,JetBlue,CLT,LGA,52.2,46.8,2024
1,Jan,United,LAX,ORD,37.2,42.4,2024
7,Jul,Delta,DEN,ATL,9.5,16.8,2024
9,Sep,Delta,MIA,ATL,18.4,11.7,2024
11,Nov,Frontier,SEA,JFK,6.3,26.5,2024
1,Jan,American,MSP,SLC,30.5,45.6,2024
10,Oct,Delta,MIA,DFW,12.0,22.4,2024
4,Apr,Delta,LGA,MSP,14.4,25.8,2024
3,Mar,Spirit,CLT,BOS,19.8,9.1,2024
5,May,Southwest,ATL,SEA,35.5,21.4,2024
7,Jul,JetBlue,SLC,MCO,49.2,38.9,2024
8,Aug,Southwest,EWR,SFO,11.1,12.0,2024
2,Feb,Southwest,SLC,SFO,6.8,20.9,2024
7,Jul,Delta,MSP,SFO,17.2,20.4,2024
1,Jan,Spirit,DFW,DTW,23.1,170.9,2024
7,Jul,JetBlue,MIA,IAH,50.9,45.3,2024
8,Aug,Delta,IAH,SLC,7.7,23.4,2024
2,Feb,Alaska,IAH,MCO,10.6,22.8,2024
9,Sep,Spirit,PHX,SLC,33.3,24.9,2024
1,Jan,Alaska,LGA,IAH,19.4,35.1,2024
6,Jun,Spirit,MSP,JFK,30.8,39.3,2024
1,Jan,Delta,DTW,EWR,20.1,30.4,2024
3,Mar,Southwest,SFO,ORD,14.7,13.4,2024
11,Nov,Alaska,PHX,LAX,27.5,36.9,2024
6,Jun,United,ORD,CLT,11.5,24.8,2024
3,Mar,Alaska,LAX,MCO,9.6,17.0,2024
8,Aug,United,SLC,MIA,32.5,32.7,2024
5,May,Spirit,SFO,SLC,18.7,28.0,2024
2,Feb,Southwest,DEN,IAH,6.4,22.5,2024
4,Apr,Southwest,ORD,MIA,22.2,30.3,2024
9,Sep,Delta,LAX,ORD,3.8,15.3,2024
4,Apr,JetBlue,JFK,DFW,29.1,134.9,2024
10,Oct,Alaska,DTW,JFK,6.6,15.1,2024
10,Oct,Delta,SFO,BOS,32.2,24.8,2024
8,Aug,Delta,LAX,DFW,47.5,57.8,2024
5,May,American,MIA,BOS,20.8,31.1,2024
11,Nov,Delta,ORD,DFW,44.1,43.8,2024
11,Nov,JetBlue,LAS,LAX,18.2,23.1,2024
10,Oct,Delta,SEA,BOS,17.9,20.7,2024
1,Jan,Frontier,MIA,MSP,29.0,32.4,2024
7,Jul,Southwest,IAH,EWR,9.5,7.8,2024
3,Mar,JetBlue,ATL,DFW,10.0,24.4,2024
10,Oct,Alaska,CLT,SEA,14.1,14.8,2024
8,Aug,Southwest,DFW,DEN,15.9,19.5,2024
12,Dec,Spirit,DFW,DTW,22.4,28.3,2024
3,Mar,American,PHX,CLT,41.4,37.8,2024
1,Jan,American,MIA,MIA,18.6,31.5,2024
5,May,JetBlue,IAH,PHX,29.4,32.1,2024
2,Feb,Alaska,CLT,PHX,3.8,23.2,2024
11,Nov,Spirit,ORD,JFK,44.5,32.8,2024
4,Apr,United,SFO,EWR,23.7,18.7,2024
1,Jan,Spirit,SFO,DFW,23.1,31.5,2024
9,Sep,United,LGA,LAS,9.7,9.4,2024
6,Jun,JetBlue,MCO,PHX,48.4,40.6,2024
8,Aug,JetBlue,EWR,DEN,24.8,9.4,2024
11,Nov,Spirit,EWR,PHX,18.7,8.1,2024
4,Apr,Spirit,SEA,EWR,19.4,22.9,2024
9,Sep,Southwest,ORD,MIA,13.1,12.8,2024
2,Feb,American,MCO,JFK,18.1,39.6,2024
9,Sep,Frontier,CLT,SFO,44.7,32.2,2024
12,Dec,Frontier,ATL,BOS,29.4,40.2,2024
5,May,JetBlue,PHX,MSP,13.8,105.5,2024
6,Jun,Delta,LAX,LGA,-1.5,2.9,2024
3,Mar,Southwest,SFO,LAS,30.0,33.9,2024
4,Apr,American,DTW,SEA,17.0,12.4,2024
6,Jun,Southwest,EWR,EWR,19.0,20.9,2024
7,Jul,American,CLT,ORD,18.9,32.7,2024
1,Jan,Delta,SFO,DEN,10.4,20.4,2024
7,Jul,American,MSP,MSP,21.7,15.4,2024
1,Jan,Southwest,PHX,IAH,6.9,26.5,2024
5,May,Spirit,LAS,EWR,24.3,19.2,2024
6,Jun,Frontier,LAS,DTW,7.5,16.4,2024
2,Feb,American,JFK,MIA,65.0,67.3,2024
10,Oct,Southwest,BOS,IAH,17.5,19.2,2024
9,Sep,JetBlue,MCO,SEA,18.3,15.2,2024
10,Oct,Frontier,MCO,BOS,21.8,29.9,2024
6,Jun,Delta,DTW,SLC,26.6,31.7,2024
7,Jul,Southwest,MCO,MCO,5.2,19.7,2024
10,Oct,Frontier,SFO,LAX,34.7,15.1,2024
8,Aug,United,SEA,LAS,44.4,54.6,2024
11,Nov,United,SEA,LAS,31.0,20.3,2024
10,Oct,Alaska,SEA,DTW,25.6,30.6,2024
1,Jan,Alaska,LAX,CLT,24.5,26.2,2024
8,Aug,American,DTW,MIA,23.4,19.1,2024
4,Apr,JetBlue,PHX,MSP,28.5,30.4,2024
10,Oct,JetBlue,IAH,DEN,18.2,6.6,2024
8,Aug,United,IAH,JFK,32.6,31.2,2024
6,Jun,American,IAH,DEN,5.3,10.6,2024
11,Nov,Frontier,EWR,ATL,22.2,25.4,2024
9,Sep,Frontier,MCO,IAH,22.8,19.3,2024
11,Nov,JetBlue,DEN,SEA,21.2,28.2,2024
4,Apr,JetBlue,MCO,LGA,18.1,16.9,2024
2,Feb,Spirit,DEN,MIA,19.2,21.6,2024
2,Feb,Frontier,MCO,MIA,29.5,33.7,2024
5,May,American,PHX,ORD,12.0,14.5,2024
10,Oct,Southwest,LGA,SEA,15.3,21.6,2024
9,Sep,United,MSP,SEA,26.9,33.3,2024
12,Dec,Alaska,LGA,ORD,8.1,26.1,2024
3,Mar,Spirit,IAH,PHX,32.7,18.3,2024
8,Aug,JetBlue,MSP,SLC,8.5,18.5,2024
4,Apr,Spirit,LGA,DTW,32.2,34.6,2024
6,Jun,Spirit,CLT,IAH,8.5,8.9,2024
10,Oct,Southwest,BOS,ORD,13.0,26.7,2024
6,Jun,Southwest,PHX,MCO,14.6,22.9,2024
3,Mar,Southwest,MSP,DTW,8.7,4.8,2024
5,May,Southwest,MIA,MIA,11.1,5.5,2024
12,Dec,Delta,ORD,PHX,2.2,24.3,2024
3,Mar,Delta,PHX,DTW,2.0,2.4,2024
11,Nov,Alaska,MIA,ATL,9.1,13.4,2024
11,Nov,American,JFK,EWR,9.4,16.0,2024
1,Jan,United,ATL,JFK,17.7,14.5,2024
7,Jul,Frontier,JFK,IAH,13.7,14.8,2024
4,Apr,American,DEN,EWR,13.9,10.0,2024
7,Jul,Frontier,SFO,SLC,48.5,48.5,2024
3,Mar,Spirit,BOS,EWR,24.6,30.6,2024
12,Dec,Delta,BOS,DEN,-6.9,14.0,2024
11,Nov,Frontier,SFO,BOS,30.4,30.7,2024
5,May,American,LAX,JFK,38.2,52.1,2024
5,May,American,ATL,LAX,42.4,47.6,2024
2,Feb,Southwest,IAH,EWR,33.6,28.9,2024
11,Nov,JetBlue,BOS,MIA,26.8,28.7,2024
10,Oct,Delta,SFO,BOS,8.8,-0.4,2024
12,Dec,Delta,SLC,MIA,11.7,26.5,2024
2,Feb,American,ORD,MCO,8.0,228.6,2024
4,Apr,JetBlue,PHX,SLC,34.9,18.5,2024
4,Apr,American,MIA,SEA,6.2,3.3,2024
4,Apr,United,DEN,IAH,19.7,26.5,2024
6,Jun,Delta,LAX,DEN,16.3,29.6,2024
2,Feb,Frontier,SEA,BOS,69.6,68.6,2024
6,Jun,Southwest,DTW,PHX,19.3,16.6,2024
7,Jul,Southwest,SEA,CLT,17.5,24.8,2024
11,Nov,Southwest,JFK,DEN,19.9,19.4,2024
10,Oct,Alaska,ATL,LGA,27.5,37.4,2024
3,Mar,Alaska,ATL,DFW,27.9,29.0,2024
11,Nov,Delta,SEA,BOS,23.6,25.5,2024
12,Dec,Delta,MIA,IAH,12.6,27.4,2024
8,Aug,Southwest,IAH,SEA,26.7,29.2,2024
2,Feb,Frontier,PHX,MCO,29.7,29.2,2024
11,Nov,Frontier,BOS,LGA,28.9,22.4,2024
8,Aug,Spirit,MCO,SEA,21.4,16.9,2024
11,Nov,Delta,EWR,MSP,9.3,20.0,2024
5,May,Frontier,DEN,ORD,13.2,14.6,2024
2,Feb,Frontier,EWR,ORD,30.5,40.8,2024
7,Jul,Southwest,BOS,SFO,24.6,34.3,2024
2,Feb,United,JFK,IAH,24.8,19.2,2024
6,Jun,United,DEN,SFO,51.7,172.6,2024
10,Oct,United,ATL,LAX,10.1,19.7,2024
3,Mar,American,SLC,SFO,12.9,22.9,2024
9,Sep,American,PHX,LAX,24.5,32.8,2024
3,Mar,JetBlue,DTW,SFO,19.6,17.6,2024
11,Nov,Frontier,ORD,DTW,19.3,17.4,2024
12,Dec,JetBlue,JFK,CLT,24.1,31.2,2024
12,Dec,JetBlue,DEN,EWR,13.8,21.3,2024
3,Mar,United,LGA,SEA,52.8,55.5,2024
5,May,Frontier,IAH,EWR,46.5,25.2,2024
7,Jul,United,BOS,SFO,3.9,19.6,2024
8,Aug,United,DEN,MIA,12.7,14.5,2024
12,Dec,Frontier,LAS,DFW,18.0,31.6,2024
11,Nov,Delta,BOS,IAH,33.4,30.0,2024
7,Jul,Delta,MCO,MSP,31.8,37.4,2024
9,Sep,United,LAS,LGA,53.3,51.8,2024
5,May,Southwest,ORD,BOS,3.0,1.4,2024
10,Oct,JetBlue,ATL,IAH,20.1,25.0,2024
11,Nov,American,CLT,PHX,8.8,8.2,2024
3,Mar,JetBlue,PHX,SFO,8.2,18.8,2024
6,Jun,Southwest,DTW,BOS,42.9,37.4,2024
5,May,Frontier,SFO,BOS,20.7,7.8,2024
12,Dec,Frontier,DFW,MSP,24.1,39.1,2024
4,Apr,Alaska,DEN,ATL,26.5,34.7,2024
12,Dec,Delta,MCO,SFO,15.9,38.2,2024
2,Feb,Spirit,EWR,EWR,28.3,46.0,2024
7,Jul,United,ORD,EWR,17.4,19.6,2024
5,May,Delta,LGA,EWR,5.4,9.4,2024
4,Apr,Frontier,MSP,EWR,19.7,14.9,2024
12,Dec,Delta,JFK,DTW,24.4,29.5,2024
8,Aug,Frontier,DEN,MIA,13.0,12.8,2024
9,Sep,Southwest,EWR,SLC,19.0,14.7,2024
9,Sep,Delta,MIA,MIA,16.7,21.5,2024
3,Mar,Delta,LGA,LAX,15.8,14.7,2024
3,Mar,Spirit,DEN,SFO,56.4,34.4,2024
5,May,JetBlue,JFK,LAS,44.1,53.5,2024
5,May,JetBlue,PHX,LAS,30.8,32.3,2024
10,Oct,Alaska,ATL,DTW,22.4,14.4,2024
2,Feb,Frontier,PHX,PHX,9.9,20.5,2024
1,Jan,Southwest,LGA,EWR,18.4,38.1,2024
8,Aug,Spirit,ORD,IAH,18.5,26.2,2024
3,Mar,United,LAX,ATL,27.6,29.8,2024
1,Jan,Spirit,LGA,LAX,59.7,64.6,2024
1,Jan,JetBlue,DFW,MCO,14.3,24.1,2024
11,Nov,Spirit,LAX,DFW,49.6,47.8,2024
2,Feb,Frontier,DEN,LAX,37.5,30.2,2024
6,Jun,Alaska,PHX,DFW,19.6,32.4,2024
6,Jun,Delta,ATL,JFK,20.8,26.8,2024
3,Mar,Alaska,ATL,DFW,34.7,25.1,2024
12,Dec,Alaska,DFW,IAH,7.1,39.2,2024
4,Apr,American,SFO,DEN,13.0,12.3,2024
12,Dec,JetBlue,DTW,MIA,11.7,19.9,2024
2,Feb,Alaska,DTW,MSP,10.4,25.8,2024
2,Feb,Alaska,IAH,ORD,18.4,35.7,2024
7,Jul,American,LAX,SLC,43.7,62.1,2024
1,Jan,United,ATL,MCO,18.0,26.4,2024
7,Jul,Frontier,EWR,MIA,31.5,31.9,2024
12,Dec,Frontier,IAH,MIA,21.0,28.6,2024
12,Dec,Delta,EWR,LAX,12.4,31.1,2024
1,Jan,JetBlue,JFK,CLT,22.2,38.3,2024
6,Jun,Spirit,PHX,SEA,19.9,13.4,2024
3,Mar,United,LAX,LAX,38.9,40.9,2024
8,Aug,Spirit,SFO,SEA,18.1,21.2,2024
6,Jun,Spirit,LGA,MCO,26.0,36.8,2024
11,Nov,Southwest,ORD,CLT,57.7,56.3,2024
2,Feb,United,MCO,EWR,35.4,52.5,2024
8,Aug,Southwest,BOS,MSP,25.2,30.7,2024
5,May,Southwest,LAX,LGA,16.9,14.5,2024
8,Aug,JetBlue,SFO,DTW,13.5,18.7,2024
8,Aug,American,LGA,DTW,13.7,23.8,2024
6,Jun,Southwest,SLC,ATL,16.1,32.7,2024
2,Feb,Delta,BOS,ATL,5.9,11.7,2024
8,Aug,JetBlue,LAS,ORD,26.2,29.9,2024
11,Nov,Alaska,DTW,CLT,32.2,32.9,2024
6,Jun,Alaska,LAX,DEN,22.5,16.4,2024
6,Jun,Southwest,DFW,DEN,11.9,4.9,2024
8,Aug,JetBlue,SLC,DFW,11.5,25.3,2024
1,Jan,Delta,EWR,DTW,10.0,7.3,2024
2,Feb,JetBlue,LGA,MCO,17.1,27.6,2024
12,Dec,Spirit,LAX,SFO,31.4,36.2,2024
12,Dec,JetBlue,LGA,CLT,35.7,38.2,2024
9,Sep,Spirit,SLC,MIA,26.8,16.6,2024
11,Nov,Alaska,SEA,DTW,27.2,30.3,2024
12,Dec,Southwest,MCO,JFK,12.2,29.3,2024
8,Aug,United,JFK,PHX,21.3,19.8,2024
12,Dec,Frontier,BOS,SFO,28.0,44.6,2024
7,Jul,JetBlue,IAH,PHX,10.7,20.4,2024
7,Jul,Frontier,LAX,DTW,21.3,31.3,2024
5,May,Southwest,SLC,DEN,16.8,16.1,2024
2,Feb,Alaska,PHX,ATL,8.7,23.4,2024
11,Nov,Frontier,ORD,SLC,20.1,17.3,2024
6,Jun,Delta,BOS,SEA,7.1,10.8,2024
10,Oct,Spirit,EWR,SLC,12.4,3.7,2024
3,Mar,Delta,BOS,LGA,18.9,20.6,2024
4,Apr,Frontier,SEA,SLC,12.8,12.1,2024
10,Oct,United,DEN,EWR,23.3,25.7,2024
12,Dec,Delta,MIA,DFW,10.0,15.0,2024
11,Nov,Southwest,PHX,SEA,6.2,17.5,2024
2,Feb,United,ORD,DFW,12.5,20.6,2024
2,Feb,Spirit,LAS,MSP,39.3,54.5,2024
12,Dec,Alaska,BOS,SFO,9.2,20.4,2024
8,Aug,Southwest,JFK,ATL,13.6,22.9,2024
8,Aug,Alaska,SLC,LAS,25.2,35.8,2024
10,Oct,Frontier,EWR,DFW,24.3,17.6,2024
6,Jun,Alaska,DTW,DTW,20.7,26.2,2024
5,May,United,DFW,LAS,9.9,18.6,2024
8,Aug,United,IAH,ORD,19.0,23.6,2024
4,Apr,Southwest,PHX,CLT,9.2,11.9,2024
11,Nov,United,IAH,DEN,27.7,318.1,2024
4,Apr,Southwest,BOS,ATL,46.7,37.6,2024
5,May,Delta,SLC,MIA,18.3,26.2,2024
1,Jan,Spirit,SEA,SLC,19.5,24.6,2024
1,Jan,Delta,ATL,DEN,23.3,29.2,2024
2,Feb,Spirit,DTW,LGA,34.6,28.4,2024
8,Aug,Frontier,JFK,SLC,44.0,43.3,2024
7,Jul,JetBlue,DTW,LGA,51.5,58.7,2024
10,Oct,American,LAX,DEN,14.5,5.8,2024
9,Sep,American,LAS,MCO,13.1,12.6,2024
5,May,Delta,BOS,LAS,24.5,18.6,2024
2,Feb,JetBlue,DEN,JFK,16.9,30.8,2024
7,Jul,Frontier,LAX,MSP,17.7,28.1,2024
8,Aug,American,SLC,MIA,25.2,42.8,2024
12,Dec,Southwest,SFO,ATL,48.3,56.9,2024
7,Jul,Southwest,SFO,LGA,13.7,108.5,2024
7,Jul,United,PHX,JFK,37.0,34.8,2024
12,Dec,Frontier,LGA,ORD,27.7,44.1,2024
5,May,American,DTW,EWR,9.8,14.3,2024
2,Feb,Alaska,MIA,MSP,16.1,21.4,2024
6,Jun,Frontier,MCO,BOS,14.9,25.0,2024
4,Apr,Southwest,JFK,MIA,34.0,30.4,2024
10,Oct,American,SEA,LAX,20.8,14.2,2024
2,Feb,United,SLC,SLC,25.3,34.1,2024
12,Dec,Delta,SLC,SEA,27.9,37.4,2024
9,Sep,JetBlue,LGA,MSP,31.5,38.3,2024
7,Jul,Alaska,IAH,DTW,-5.7,11.1,2024
6,Jun,United,BOS,CLT,18.3,23.3,2024
12,Dec,United,LAS,LGA,17.9,29.0,2024
5,May,United,EWR,CLT,-0.2,10.8,2024
3,Mar,JetBlue,IAH,PHX,10.9,14.2,2024
12,Dec,Southwest,EWR,ATL,28.2,24.7,2024
10,Oct,American,EWR,BOS,16.0,16.5,2024
10,Oct,Delta,DFW,LAS,7.7,11.6,2024
4,Apr,Spirit,SFO,DEN,20.7,17.3,2024
3,Mar,Delta,ATL,CLT,22.0,22.5,2024
12,Dec,Alaska,MCO,ORD,34.4,52.3,2024
11,Nov,JetBlue,ATL,SLC,16.4,15.3,2024
8,Aug,Delta,SEA,SFO,9.6,17.3,2024
3,Mar,Alaska,SEA,SFO,23.9,16.1,2024
7,Jul,Frontier,PHX,SFO,17.6,7.6,2024
7,Jul,Alaska,ATL,LAX,45.2,46.2,2024
7,Jul,Frontier,DTW,LAX,19.8,20.5,2024
7,Jul,JetBlue,DTW,BOS,23.3,7.6,2024
2,Feb,JetBlue,PHX,DEN,18.5,25.6,2024
10,Oct,American,SLC,DFW,9.7,7.0,2024
3,Mar,American,EWR,SFO,24.2,18.5,2024
10,Oct,JetBlue,LAS,EWR,10.5,4.9,2024
9,Sep,American,MCO,ORD,21.1,21.1,2024
3,Mar,Southwest,EWR,LAX,8.2,-0.0,2024
2,Feb,United,MCO,LGA,14.3,32.9,2024
9,Sep,Delta,SEA,LAS,22.5,20.3,2024
10,Oct,Delta,SFO,MCO,17.1,10.5,2024
9,Sep,Spirit,MIA,SEA,23.5,17.5,2024
4,Apr,Delta,JFK,BOS,19.1,17.7,2024
12,Dec,Delta,CLT,SFO,13.8,23.0,2024
9,Sep,Southwest,SLC,DTW,6.1,19.8,2024
3,Mar,Southwest,DTW,EWR,33.7,30.0,2024
7,Jul,United,CLT,ATL,47.7,55.4,2024
7,Jul,JetBlue,JFK,PHX,28.8,27.1,2024
11,Nov,American,PHX,MIA,16.4,21.0,2024
8,Aug,United,DTW,SFO,13.8,21.1,2024
10,Oct,Spirit,EWR,IAH,23.7,133.1,2024
4,Apr,Delta,MSP,SLC,29.2,31.3,2024
3,Mar,American,MIA,DTW,21.1,25.7,2024
3,Mar,Spirit,ORD,LGA,25.0,31.8,2024
12,Dec,United,SEA,SLC,29.9,35.3,2024
5,May,Delta,ORD,MSP,7.8,1.3,2024
11,Nov,United,LAX,ORD,53.6,39.0,2024
1,Jan,Delta,DTW,LAX,13.0,19.6,2024
10,Oct,Frontier,MCO,LAS,16.0,18.9,2024
3,Mar,Alaska,CLT,SFO,23.4,22.9,2024
6,Jun,Delta,ORD,DTW,25.5,35.0,2024
3,Mar,Frontier,ATL,DEN,18.5,6.7,2024
5,May,Frontier,CLT,MCO,45.0,42.9,2024
9,Sep,Frontier,MCO,CLT,39.1,43.5,2024
2,Feb,Alaska,LAX,MCO,45.5,59.7,2024
11,Nov,Southwest,IAH,ATL,37.8,31.1,2024
2,Feb,Delta,ATL,MCO,17.4,31.7,2024
12,Dec,United,LAS,SFO,17.2,18.5,2024
6,Jun,American,ORD,DEN,19.4,18.4,2024
6,Jun,Southwest,LAX,DFW,8.7,172.3,2024
11,Nov,Alaska,DFW,MIA,11.8,22.1,2024
11,Nov,American,EWR,SLC,50.3,51.7,2024
8,Aug,Alaska,ATL,JFK,14.5,13.8,2024
12,Dec,Frontier,LAS,MCO,16.0,20.6,2024
11,Nov,Frontier,SEA,IAH,21.0,12.8,2024
2,Feb,Spirit,JFK,DEN,28.4,33.1,2024
9,Sep,JetBlue,MCO,MCO,52.8,52.0,2024
2,Feb,Frontier,IAH,CLT,13.0,12.2,2024
1,Jan,American,EWR,MCO,13.7,13.4,2024
10,Oct,Frontier,SEA,JFK,29.2,35.4,2024
2,Feb,JetBlue,DFW,DFW,32.0,45.9,2024
12,Dec,Spirit,ORD,LGA,32.0,38.2,2024
7,Jul,JetBlue,CLT,CLT,24.7,24.3,2024
8,Aug,Southwest,JFK,IAH,21.5,23.4,2024
5,May,American,ATL,JFK,6.1,8.4,2024
6,Jun,Alaska,IAH,MCO,8.7,11.0,2024
12,Dec,Delta,MIA,SLC,3.4,14.4,2024
1,Jan,Southwest,ORD,BOS,15.6,23.0,2024
6,Jun,Southwest,MSP,LAS,37.5,36.8,2024
12,Dec,Delta,LGA,SEA,15.5,26.1,2024
8,Aug,American,IAH,CLT,10.6,24.1,2024
3,Mar,Alaska,DTW,ATL,7.9,0.7,2024
11,Nov,Southwest,SFO,LAX,22.6,24.2,2024
1,Jan,JetBlue,SFO,ORD,33.0,142.7,2024
11,Nov,Delta,DTW,SLC,21.0,14.0,2024
4,Apr,Alaska,CLT,PHX,10.8,3.7,2024
1,Jan,United,BOS,DTW,7.7,18.3,2024
8,Aug,Southwest,BOS,SLC,17.5,14.3,2024
5,May,Alaska,SEA,MIA,2.6,8.2,2024
1,Jan,JetBlue,EWR,JFK,10.1,23.4,2024
8,Aug,American,LAS,SLC,19.4,6.0,2024
9,Sep,American,LAX,DTW,12.1,17.7,2024
10,Oct,Delta,DTW,SEA,25.9,38.4,2024
2,Feb,JetBlue,EWR,LAX,3.1,21.9,2024
9,Sep,Delta,DEN,IAH,12.7,8.1,2024
8,Aug,Southwest,DEN,DFW,19.7,20.9,2024
7,Jul,Delta,MCO,ORD,16.1,14.5,2024
3,Mar,United,IAH,LAX,11.2,18.9,2024
2,Feb,Delta,IAH,DFW,17.8,26.7,2024
7,Jul,Delta,DEN,IAH,20.5,24.9,2024
5,May,Southwest,MIA,MIA,11.3,15.6,2024
6,Jun,JetBlue,MSP,LAS,44.0,42.7,2024
4,Apr,Alaska,ORD,SEA,29.7,19.7,2024
2,Feb,Alaska,LGA,SEA,18.0,27.1,2024
9,Sep,United,IAH,DEN,33.6,31.1,2024
3,Mar,Delta,DTW,MSP,14.9,67.2,2024
12,Dec,Southwest,BOS,SFO,7.3,24.9,2024
7,Jul,Southwest,DTW,DEN,36.6,45.6,2024
8,Aug,Frontier,IAH,MSP,39.7,31.1,2024
2,Feb,Alaska,MCO,MCO,13.8,22.3,2024
6,Jun,Southwest,LAX,EWR,13.6,18.9,2024
11,Nov,JetBlue,SFO,DTW,17.8,16.5,2024
8,Aug,Delta,CLT,DEN,40.7,44.4,2024
7,Jul,American,PHX,SLC,33.4,34.0,2024
11,Nov,Alaska,CLT,DFW,16.5,10.1,2024
3,Mar,Spirit,LGA,MIA,11.4,21.9,2024
1,Jan,Spirit,MIA,LAX,30.3,24.2,2024
6,Jun,Alaska,LAX,MSP,32.0,36.5,2024
8,Aug,United,IAH,EWR,29.1,31.2,2024
6,Jun,American,DFW,LAS,40.6,58.9,2024
5,May,JetBlue,LAS,EWR,18.0,12.2,2024
11,Nov,Spirit,LGA,SFO,17.3,14.7,2024
12,Dec,Alaska,LGA,EWR,18.0,22.3,2024
8,Aug,Delta,LGA,MSP,20.1,22.3,2024
2,Feb,American,EWR,DEN,24.2,37.8,2024
12,Dec,American,MCO,CLT,12.0,28.3,2024
1,Jan,Spirit,SEA,SFO,18.4,20.8,2024
1,Jan,Alaska,CLT,IAH,16.0,24.8,2024
4,Apr,American,ATL,MCO,17.2,16.1,2024
6,Jun,United,SLC,LAX,30.5,33.4,2024
9,Sep,Delta,CLT,SEA,15.6,22.4,2024
1,Jan,Southwest,LAS,PHX,31.5,42.6,2024
12,Dec,Delta,DEN,PHX,41.2,51.5,2024
1,Jan,Spirit,EWR,MIA,12.4,25.5,2024
5,May,Alaska,MSP,SEA,14.0,16.4,2024
10,Oct,American,EWR,EWR,5.0,11.3,2024
5,May,Delta,MIA,EWR,39.6,41.5,2024
5,May,Southwest,MSP,LGA,27.3,25.3,2024
10,Oct,Frontier,JFK,JFK,22.7,25.2,2024
6,Jun,United,MCO,IAH,36.2,32.1,2024
8,Aug,Delta,LGA,LGA,22.0,24.8,2024
3,Mar,Delta,DEN,BOS,17.0,13.6,2024
9,Sep,United,LGA,CLT,12.9,17.7,2024
1,Jan,United,ATL,SFO,19.1,28.9,2024
4,Apr,Alaska,DEN,DTW,25.5,16.3,2024
9,Sep,American,DEN,DFW,10.4,19.5,2024
8,Aug,American,SFO,LGA,16.8,23.6,2024
10,Oct,Alaska,EWR,MIA,6.9,6.8,2024
9,Sep,United,IAH,JFK,26.3,20.6,2024
1,Jan,Southwest,JFK,PHX,37.3,44.0,2024
9,Sep,Frontier,LAX,CLT,32.7,32.8,2024
3,Mar,American,MSP,JFK,41.1,42.1,2024
11,Nov,Southwest,PHX,EWR,13.1,10.5,2024
12,Dec,United,MCO,BOS,9.7,25.5,2024
10,Oct,Delta,MIA,SLC,36.6,44.6,2024
9,Sep,Alaska,LAX,EWR,20.5,21.5,2024
1,Jan,Frontier,SEA,DTW,25.3,28.2,2024
1,Jan,Spirit,SLC,JFK,39.5,41.0,2024
9,Sep,United,MCO,LAS,24.7,12.1,2024
11,Nov,United,LGA,ATL,34.6,35.5,2024
6,Jun,Frontier,EWR,SEA,43.5,43.4,2024
4,Apr,JetBlue,PHX,SFO,18.4,13.6,2024
7,Jul,United,DEN,DTW,10.8,22.2,2024
5,May,American,DTW,SEA,24.6,17.8,2024
10,Oct,Spirit,SLC,MIA,23.0,23.5,2024
7,Jul,Delta,DFW,LAS,2.3,10.2,2024
8,Aug,Southwest,MCO,SLC,12.4,20.1,2024
8,Aug,JetBlue,EWR,SFO,37.9,50.4,2024
1,Jan,Spirit,CLT,JFK,13.2,18.5,2024
8,Aug,Alaska,LAS,IAH,9.9,21.3,2024
6,Jun,American,ORD,DEN,14.6,20.4,2024
4,Apr,Delta,LAS,SLC,29.2,25.7,2024
12,Dec,Spirit,IAH,MIA,29.7,34.1,2024
8,Aug,Southwest,DFW,DEN,24.1,29.8,2024
3,Mar,Delta,SLC,LAS,10.3,5.8,2024
4,Apr,American,DFW,SEA,23.5,5.6,2024
6,Jun,Alaska,LAS,MIA,16.1,15.4,2024
11,Nov,Alaska,ATL,JFK,32.5,38.4,2024
7,Jul,Delta,ATL,CLT,10.6,14.1,2024
4,Apr,United,MCO,JFK,32.5,31.8,2024
4,Apr,Delta,SLC,MIA,12.7,13.8,2024
7,Jul,United,ORD,CLT,29.9,42.2,2024
6,Jun,Spirit,PHX,BOS,19.4,24.0,2024
11,Nov,Alaska,BOS,LAS,10.6,10.7,2024
8,Aug,American,IAH,PHX,54.6,58.6,2024
1,Jan,JetBlue,DTW,CLT,29.0,31.9,2024
10,Oct,United,PHX,LGA,30.9,25.0,2024
11,Nov,Frontier,PHX,EWR,32.5,35.1,2024
7,Jul,Frontier,IAH,SEA,34.5,27.4,2024
12,Dec,Frontier,ATL,LGA,14.0,18.6,2024
7,Jul,Alaska,CLT,MIA,1.2,11.9,2024
11,Nov,Spirit,SEA,MIA,27.6,34.5,2024
7,Jul,Delta,ORD,JFK,20.3,21.1,2024
7,Jul,Alaska,IAH,LAX,10.3,12.2,2024
10,Oct,Delta,LAS,ATL,19.9,18.3,2024
10,Oct,Delta,EWR,MCO,17.9,32.4,2024
8,Aug,Alaska,CLT,JFK,20.7,19.1,2024
9,Sep,American,DEN,DEN,41.7,30.7,2024
9,Sep,Southwest,MSP,LAS,0.5,-3.7,2024
2,Feb,Delta,MCO,DEN,4.2,18.2,2024
7,Jul,Delta,SFO,IAH,9.2,8.7,2024
7,Jul,United,EWR,SLC,3.1,139.5,2024
4,Apr,JetBlue,SFO,CLT,16.9,6.6,2024
9,Sep,Alaska,EWR,CLT,10.4,19.9,2024
8,Aug,Delta,MSP,LAS,14.3,21.1,2024
12,Dec,Spirit,LGA,DTW,37.8,37.5,2024
1,Jan,American,LAS,DEN,11.3,5.8,2024
2,Feb,Southwest,BOS,LGA,12.2,22.7,2024
2,Feb,Southwest,MSP,CLT,6.1,28.9,2024
12,Dec,Spirit,LAS,MCO,16.8,15.6,2024
12,Dec,Frontier,DEN,LGA,33.8,34.7,2024
11,Nov,Southwest,SFO,LAS,2.3,6.0,2024
8,Aug,Frontier,ATL,MSP,25.2,31.2,2024
1,Jan,American,DFW,MSP,19.1,39.2,2024
4,Apr,Southwest,DFW,DEN,27.4,25.4,2024
10,Oct,Alaska,EWR,DTW,8.3,10.5,2024
12,Dec,Southwest,DEN,SFO,16.4,28.7,2024
5,May,United,DFW,DEN,13.6,2.7,2024
9,Sep,Southwest,JFK,BOS,12.1,16.7,2024
7,Jul,United,ORD,ORD,2.8,12.7,2024
8,Aug,Frontier,SEA,LAS,34.2,24.4,2024
11,Nov,United,LGA,PHX,30.0,31.1,2024
9,Sep,Frontier,IAH,ATL,23.8,23.2,2024
7,Jul,United,IAH,DTW,14.5,13.1,2024
5,May,American,BOS,ATL,26.8,23.7,2024
5,May,Delta,ATL,PHX,24.8,8.6,2024
10,Oct,JetBlue,BOS,MIA,21.3,21.3,2024
11,Nov,Spirit,MIA,MCO,29.7,20.3,2024
6,Jun,Spirit,MSP,LAX,56.2,70.0,2024
5,May,Alaska,ORD,LAX,12.7,20.9,2024
12,Dec,Alaska,SEA,MIA,50.6,66.7,2024
11,Nov,Southwest,ORD,SEA,16.2,22.1,2024
9,Sep,Frontier,LGA,ORD,18.2,10.1,2024
3,Mar,JetBlue,MSP,LAS,45.6,45.1,2024
3,Mar,Delta,PHX,EWR,26.1,32.5,2024
7,Jul,United,LGA,EWR,41.3,44.9,2024
7,Jul,United,ORD,PHX,6.9,14.4,2024
6,Jun,Spirit,MSP,JFK,23.0,29.9,2024
3,Mar,United,JFK,MCO,39.3,32.0,2024
7,Jul,Frontier,DTW,MCO,42.8,42.9,2024
5,May,Spirit,PHX,MCO,17.6,17.0,2024
7,Jul,United,MCO,MIA,29.1,37.1,2024
2,Feb,Frontier,EWR,SEA,28.9,40.4,2024
6,Jun,Southwest,IAH,MCO,23.6,34.9,2024
8,Aug,Delta,MSP,ATL,27.5,35.9,2024
1,Jan,Spirit,PHX,JFK,16.5,44.8,2024
4,Apr,Delta,JFK,SEA,12.1,8.6,2024
11,Nov,Spirit,PHX,DTW,38.0,29.0,2024
1,Jan,Spirit,DEN,ORD,42.6,63.5,2024
1,Jan,Delta,JFK,LAX,19.7,33.4,2024
10,Oct,JetBlue,SFO,ATL,49.4,53.8,2024
12,Dec,Alaska,MIA,MIA,5.0,17.2,2024
11,Nov,Spirit,EWR,JFK,35.8,23.9,2024
8,Aug,United,BOS,SEA,28.3,30.8,2024
7,Jul,American,BOS,SFO,20.3,24.8,2024
12,Dec,Frontier,MCO,JFK,27.9,35.2,2024
10,Oct,Alaska,DEN,IAH,4.1,3.6,2024
1,Jan,Delta,EWR,BOS,27.5,37.0,2024
11,Nov,Frontier,JFK,SEA,48.9,46.8,2024
2,Feb,JetBlue,LAS,SLC,50.8,57.0,2024
4,Apr,Southwest,DEN,DEN,9.4,15.9,2024
1,Jan,Frontier,EWR,SLC,12.3,22.5,2024
3,Mar,United,IAH,LAS,32.2,33.2,2024
8,Aug,JetBlue,SLC,BOS,14.1,18.3,2024
8,Aug,Alaska,BOS,CLT,20.3,31.0,2024
8,Aug,Frontier,LAX,MSP,16.1,22.8,2024
6,Jun,American,PHX,MSP,20.1,34.9,2024
6,Jun,American,BOS,DEN,18.3,30.6,2024
5,May,Southwest,DTW,LAX,40.3,26.4,2024
9,Sep,Delta,IAH,SLC,17.8,17.1,2024
4,Apr,Delta,SLC,SEA,8.7,13.6,2024
10,Oct,JetBlue,JFK,DTW,21.9,18.6,2024
12,Dec,Spirit,DEN,JFK,32.8,38.4,2024
12,Dec,Alaska,EWR,SFO,7.8,24.7,2024
12,Dec,JetBlue,DTW,DTW,13.8,26.0,2024
7,Jul,Alaska,MSP,JFK,-8.1,15.1,2024
1,Jan,Delta,LAX,EWR,21.7,27.2,2024
9,Sep,Delta,LAX,DFW,6.7,1.6,2024
7,Jul,JetBlue,BOS,SFO,24.5,19.0,2024
10,Oct,United,ATL,EWR,8.6,7.2,2024
12,Dec,Alaska,SLC,DFW,8.9,26.4,2024
9,Sep,Alaska,EWR,SFO,8.5,15.7,2024
7,Jul,Frontier,SFO,LAX,20.6,18.1,2024
2,Feb,American,SFO,SEA,3.0,21.6,2024
6,Jun,Frontier,EWR,PHX,28.7,28.8,2024
10,Oct,American,JFK,LAX,36.4,39.9,2024
12,Dec,Southwest,IAH,JFK,29.4,35.2,2024
11,Nov,American,ATL,DFW,18.2,16.7,2024
4,Apr,Alaska,ATL,ATL,25.6,19.9,2024
3,Mar,Spirit,DTW,JFK,38.6,50.9,2024
2,Feb,JetBlue,JFK,BOS,6.7,19.1,2024
6,Jun,United,JFK,DTW,30.9,31.8,2024
8,Aug,Frontier,DFW,CLT,8.5,17.4,2024
6,Jun,JetBlue,BOS,IAH,20.3,33.7,2024
9,Sep,Delta,IAH,LGA,24.0,19.2,2024
5,May,Alaska,PHX,LAS,19.2,23.3,2024
2,Feb,Delta,ORD,CLT,3.9,14.9,2024
8,Aug,Alaska,ORD,IAH,4.8,14.8,2024
9,Sep,American,SEA,IAH,56.3,49.2,2024
10,Oct,United,ATL,DEN,3.2,16.1,2024
4,Apr,Alaska,IAH,EWR,41.0,34.9,2024
6,Jun,Southwest,CLT,LAS,3.9,7.4,2024
11,Nov,JetBlue,MCO,ORD,28.4,25.8,2024
10,Oct,Frontier,LGA,BOS,37.1,36.1,2024
8,Aug,Southwest,MIA,DTW,18.6,13.5,2024
9,Sep,Southwest,MSP,ATL,14.9,14.0,2024
12,Dec,Southwest,MCO,LAS,13.5,32.1,2024
5,May,Southwest,PHX,LAS,14.2,19.7,2024
12,Dec,JetBlue,MSP,MCO,26.7,34.3,2024
6,Jun,Delta,LGA,MSP,22.4,34.7,2024
11,Nov,JetBlue,ATL,SEA,16.1,23.6,2024
4,Apr,Frontier,MCO,MIA,20.7,17.9,2024
5,May,Delta,EWR,DTW,6.3,13.2,2024
7,Jul,Frontier,EWR,EWR,39.6,34.2,2024
9,Sep,Delta,ORD,MIA,17.7,17.0,2024
10,Oct,JetBlue,LAX,SLC,11.0,14.4,2024
11,Nov,JetBlue,JFK,PHX,22.2,24.3,2024
6,Jun,JetBlue,MIA,SEA,8.2,9.8,2024
6,Jun,Alaska,ORD,MIA,29.3,27.9,2024
8,Aug,Delta,ATL,SEA,13.1,15.4,2024
11,Nov,JetBlue,MIA,MCO,13.5,13.2,2024
4,Apr,United,MSP,PHX,17.5,20.2,2024
3,Mar,American,DEN,LGA,23.0,29.0,2024
7,Jul,American,IAH,MIA,28.2,30.5,2024
5,May,United,CLT,BOS,18.3,25.7,2024
2,Feb,American,IAH,PHX,39.3,46.5,2024
2,Feb,Delta,CLT,MCO,20.4,21.3,2024
11,Nov,Frontier,MCO,LGA,15.7,18.1,2024
6,Jun,Frontier,MCO,ORD,21.4,29.8,2024
8,Aug,JetBlue,MCO,SFO,44.8,44.8,2024
1,Jan,JetBlue,SFO,ORD,13.6,20.2,2024
11,Nov,Spirit,LGA,LGA,17.6,18.8,2024
6,Jun,Alaska,SEA,SEA,12.1,9.4,2024
12,Dec,Frontier,MSP,SLC,6.6,31.0,2024
2,Feb,JetBlue,EWR,DTW,34.5,47.8,2024
2,Feb,United,PHX,DEN,19.5,26.7,2024
7,Jul,United,DTW,SLC,20.0,25.1,2024
10,Oct,Delta,JFK,MSP,14.6,8.1,2024
1,Jan,United,MCO,IAH,11.4,17.5,2024
6,Jun,Frontier,SFO,MIA,34.4,28.8,2024
7,Jul,Frontier,JFK,BOS,46.7,56.3,2024
8,Aug,Alaska,LGA,SEA,17.5,19.6,2024
7,Jul,JetBlue,SEA,BOS,28.6,19.4,2024
6,Jun,Alaska,BOS,ATL,9.6,18.1,2024
9,Sep,Spirit,DFW,IAH,19.6,18.5,2024
3,Mar,Delta,PHX,LAX,10.8,11.5,2024
11,Nov,Delta,JFK,BOS,6.1,12.5,2024
6,Jun,JetBlue,SFO,SLC,24.2,23.0,2024
4,Apr,Southwest,SEA,SFO,10.4,7.6,2024
2,Feb,JetBlue,ORD,SFO,11.4,16.8,2024
1,Jan,Delta,SEA,ATL,23.5,29.3,2024
12,Dec,Frontier,CLT,IAH,5.6,16.0,2024
12,Dec,Frontier,ATL,SEA,28.6,21.4,2024
1,Jan,Southwest,MSP,PHX,9.5,22.1,2024
11,Nov,JetBlue,IAH,ATL,26.3,129.8,2024
10,Oct,JetBlue,CLT,CLT,28.3,26.1,2024
3,Mar,Southwest,SFO,CLT,24.9,34.5,2024
4,Apr,Southwest,CLT,DFW,46.0,39.3,2024
2,Feb,American,ORD,PHX,16.4,30.4,2024
12,Dec,Frontier,DTW,SEA,24.1,28.7,2024
11,Nov,Alaska,MCO,DTW,13.4,13.3,2024
11,Nov,Spirit,DFW,MSP,15.3,13.5,2024
11,Nov,Frontier,DFW,LGA,27.7,18.5,2024
1,Jan,Southwest,ORD,SFO,20.8,25.4,2024
4,Apr,Frontier,DEN,JFK,20.1,24.1,2024
7,Jul,Frontier,MIA,LAS,14.5,24.1,2024
10,Oct,United,SEA,MCO,19.9,20.6,2024
11,Nov,Southwest,LAX,MCO,14.0,10.2,2024
6,Jun,Delta,EWR,SEA,12.6,11.5,2024
6,Jun,Spirit,PHX,DTW,37.0,38.3,2024
11,Nov,Southwest,IAH,MCO,46.5,41.6,2024
9,Sep,JetBlue,SFO,ORD,-1.0,13.7,2024
2,Feb,United,DEN,MSP,2.3,25.3,2024
4,Apr,Spirit,SFO,LAS,37.6,25.3,2024
5,May,Frontier,JFK,LAS,14.6,11.5,2024
1,Jan,Spirit,ATL,MIA,20.2,22.1,2024
8,Aug,Southwest,MIA,JFK,34.6,39.1,2024
8,Aug,United,MSP,BOS,20.7,23.2,2024
6,Jun,Alaska,BOS,DFW,21.9,26.2,2024
12,Dec,Spirit,ATL,DFW,23.2,18.4,2024
5,May,Spirit,CLT,LGA,27.0,17.2,2024
8,Aug,American,ATL,SFO,19.6,22.0,2024
3,Mar,United,ORD,JFK,0.5,19.3,2024
3,Mar,JetBlue,CLT,MCO,19.3,165.6,2024
2,Feb,American,LAS,SEA,8.6,15.9,2024
5,May,Southwest,DTW,SFO,12.6,17.0,2024
3,Mar,Alaska,SEA,SEA,-2.2,15.6,2024
3,Mar,Spirit,DFW,LAS,25.2,17.2,2024
6,Jun,Alaska,MCO,ATL,16.8,15.5,2024
8,Aug,Spirit,MCO,ORD,37.4,29.3,2024
2,Feb,Alaska,JFK,IAH,42.6,41.1,2024
4,Apr,United,ATL,SLC,54.9,52.9,2024
11,Nov,American,IAH,MIA,29.7,16.3,2024
7,Jul,Southwest,JFK,EWR,11.6,26.7,2024
1,Jan,Alaska,DTW,IAH,24.5,142.8,2024
1,Jan,Frontier,MIA,JFK,42.8,49.8,2024
12,Dec,Frontier,LGA,LAX,42.6,35.1,2024
10,Oct,Alaska,LAS,DFW,36.2,28.0,2024
7,Jul,Alaska,SFO,DEN,41.5,42.3,2024
7,Jul,Alaska,DTW,DTW,13.2,22.2,2024
1,Jan,Southwest,LGA,ATL,29.2,37.3,2024
1,Jan,United,SEA,DTW,40.8,44.7,2024
4,Apr,Alaska,EWR,MSP,8.5,15.2,2024
5,May,Alaska,BOS,EWR,13.5,14.7,2024
5,May,United,BOS,DFW,9.4,17.3,2024
4,Apr,American,DEN,JFK,31.8,34.1,2024
8,Aug,United,DEN,LAS,10.4,14.7,2024
7,Jul,Southwest,DTW,ATL,9.2,16.6,2024
9,Sep,Frontier,JFK,LGA,28.3,29.2,2024
7,Jul,JetBlue,SFO,DFW,15.2,27.7,2024
10,Oct,Spirit,LGA,JFK,39.2,38.8,2024
1,Jan,American,LAS,EWR,26.5,36.3,2024
7,Jul,JetBlue,MSP,SFO,10.9,26.2,2024
1,Jan,Frontier,LAS,DEN,22.7,30.5,2024
7,Jul,Frontier,EWR,LAS,20.5,19.4,2024
10,Oct,Alaska,DFW,SLC,18.4,8.2,2024
8,Aug,JetBlue,LAX,ATL,20.0,29.3,2024
11,Nov,Southwest,MSP,SEA,6.0,7.4,2024
9,Sep,JetBlue,MSP,MCO,18.0,14.8,2024
12,Dec,Delta,SLC,DFW,27.3,30.8,2024
3,Mar,American,BOS,LGA,12.9,10.5,2024
4,Apr,Frontier,DFW,ATL,12.3,17.7,2024
4,Apr,Southwest,PHX,LAX,28.1,24.5,2024
12,Dec,United,EWR,DTW,21.2,18.4,2024
9,Sep,Frontier,SLC,LAX,37.0,33.8,2024
7,Jul,Spirit,SEA,ATL,21.4,30.4,2024
3,Mar,Southwest,JFK,MSP,66.0,59.1,2024
10,Oct,United,DFW,SEA,19.8,14.8,2024
5,May,Southwest,SFO,LAS,22.7,30.7,2024
7,Jul,Delta,DTW,MCO,45.8,55.7,2024
8,Aug,American,MSP,LAX,29.9,35.2,2024
1,Jan,Alaska,DEN,LGA,11.3,24.3,2024
12,Dec,Alaska,LAS,JFK,4.4,9.3,2024
2,Feb,JetBlue,ORD,ORD,27.2,26.5,2024
7,Jul,Spirit,PHX,MCO,38.7,29.9,2024
11,Nov,Southwest,CLT,LGA,20.4,17.6,2024
2,Feb,American,MCO,JFK,7.8,17.4,2024
7,Jul,American,LGA,SEA,14.0,10.8,2024
9,Sep,American,JFK,DTW,16.3,15.3,2024
11,Nov,American,ORD,PHX,23.4,21.5,2024
2,Feb,American,IAH,MCO,4.3,12.2,2024
7,Jul,Spirit,DEN,PHX,22.6,24.2,2024
4,Apr,JetBlue,MSP,CLT,28.8,25.2,2024
11,Nov,Alaska,ATL,SEA,18.3,26.9,2024
2,Feb,JetBlue,LGA,MIA,14.1,23.3,2024
7,Jul,Southwest,ORD,EWR,21.0,24.3,2024
5,May,Alaska,SLC,ORD,14.8,13.9,2024
1,Jan,Alaska,MCO,CLT,33.2,47.2,2024
5,May,Frontier,BOS,MSP,19.9,7.9,2024
12,Dec,United,SEA,MIA,7.4,14.4,2024
12,Dec,Southwest,SEA,DTW,40.0,49.6,2024
3,Mar,Spirit,CLT,SFO,28.1,30.3,2024
7,Jul,American,MIA,SLC,8.7,19.2,2024
6,Jun,United,MCO,CLT,27.0,267.7,2024
8,Aug,Alaska,ATL,JFK,23.8,32.4,2024
5,May,Spirit,EWR,MCO,38.9,25.5,2024
2,Feb,Spirit,DTW,SFO,60.3,64.4,2024
9,Sep,Southwest,SFO,DTW,10.7,8.3,2024
11,Nov,United,JFK,DFW,25.7,24.1,2024
8,Aug,Alaska,DFW,LAS,19.4,34.2,2024
6,Jun,JetBlue,SEA,SFO,24.4,27.8,2024
10,Oct,American,SLC,CLT,31.4,24.9,2024
7,Jul,Spirit,ORD,ORD,20.2,21.1,2024
9,Sep,United,DFW,DEN,50.4,55.8,2024
7,Jul,Delta,MSP,LGA,18.0,30.9,2024
3,Mar,Frontier,LAX,ATL,47.6,39.5,2024
6,Jun,Frontier,MIA,ATL,27.0,13.0,2024
11,Nov,American,EWR,EWR,10.6,16.6,2024
11,Nov,JetBlue,PHX,DTW,40.1,25.3,2024
7,Jul,JetBlue,CLT,MIA,22.0,24.0,2024
2,Feb,Southwest,PHX,DTW,26.5,27.9,2024
3,Mar,Spirit,LAX,SEA,35.9,26.9,2024
4,Apr,Alaska,JFK,SLC,38.9,32.8,2024
10,Oct,Delta,DTW,LAX,43.3,46.6,2024
6,Jun,United,LAX,PHX,42.7,35.3,2024
1,Jan,Spirit,PHX,DEN,25.3,18.1,2024
9,Sep,Southwest,LGA,CLT,27.6,25.7,2024
5,May,JetBlue,SEA,ATL,16.8,40.2,2024
12,Dec,United,EWR,LAX,38.7,50.7,2024
7,Jul,JetBlue,DTW,SLC,20.7,94.6,2024
9,Sep,JetBlue,PHX,LGA,26.8,13.3,2024
9,Sep,Delta,MSP,CLT,23.1,20.4,2024
1,Jan,American,ATL,IAH,28.5,36.8,2024
1,Jan,United,PHX,SEA,20.5,35.7,2024
3,Mar,Delta,BOS,DTW,23.8,-2.1,2024
6,Jun,Alaska,LGA,SEA,18.4,23.1,2024
2,Feb,Spirit,DTW,SEA,28.6,29.9,2024
10,Oct,JetBlue,DEN,SLC,27.9,21.9,2024
12,Dec,JetBlue,SLC,MSP,18.7,29.0,2024
11,Nov,Delta,DEN,DEN,13.3,17.0,2024
1,Jan,Alaska,CLT,PHX,19.5,45.1,2024
1,Jan,United,MSP,SFO,28.4,25.0,2024
5,May,JetBlue,LGA,LAS,27.3,16.6,2024
4,Apr,Alaska,ATL,DTW,31.2,26.3,2024
1,Jan,United,DTW,JFK,6.8,112.7,2024
4,Apr,Delta,DFW,PHX,15.9,4.5,2024
3,Mar,JetBlue,LAS,ATL,14.8,10.7,2024
2,Feb,Southwest,LGA,MIA,33.0,45.7,2024
9,Sep,Southwest,ORD,SEA,21.1,21.4,2024
11,Nov,JetBlue,MSP,JFK,18.5,7.2,2024
1,Jan,American,BOS,LGA,19.8,37.2,2024
7,Jul,JetBlue,EWR,DFW,22.3,24.6,2024
4,Apr,JetBlue,DFW,JFK,21.7,11.2,2024
5,May,JetBlue,IAH,CLT,24.1,26.6,2024
10,Oct,Delta,ORD,PHX,21.2,15.4,2024
5,May,JetBlue,LGA,LGA,62.7,64.7,2024
1,Jan,JetBlue,ATL,PHX,32.5,38.7,2024
6,Jun,Delta,SLC,DEN,25.2,27.7,2024
9,Sep,JetBlue,DFW,SLC,32.0,29.9,2024
2,Feb,Southwest,LGA,SFO,13.5,24.8,2024
7,Jul,Frontier,SFO,SLC,25.3,27.5,2024
6,Jun,Southwest,LAX,PHX,7.6,19.2,2024
5,May,Spirit,BOS,SLC,39.5,35.7,2024
4,Apr,Alaska,DEN,MIA,12.1,-2.5,2024
4,Apr,Spirit,EWR,ORD,34.3,16.8,2024
6,Jun,Spirit,SEA,MIA,13.6,29.0,2024
4,Apr,JetBlue,SEA,JFK,15.5,13.2,2024
5,May,Frontier,MSP,JFK,47.7,48.2,2024
6,Jun,Delta,DTW,CLT,5.0,21.5,2024
5,May,JetBlue,MIA,ORD,33.8,32.4,2024
7,Jul,Frontier,JFK,MIA,31.2,39.0,2024
9,Sep,JetBlue,EWR,SEA,25.0,25.7,2024
10,Oct,Alaska,CLT,SEA,4.3,12.5,2024
7,Jul,United,EWR,EWR,11.1,2.9,2024
7,Jul,Spirit,MSP,ORD,34.5,29.7,2024
4,Apr,Frontier,BOS,SEA,44.6,44.2,2024
1,Jan,Alaska,IAH,SEA,9.7,15.3,2024
8,Aug,American,IAH,MSP,26.3,26.5,2024
4,Apr,Delta,DTW,ATL,14.3,18.4,2024
1,Jan,Spirit,LAX,PHX,29.9,38.9,2024
5,May,American,LAX,DEN,19.7,26.9,2024
8,Aug,United,ORD,DEN,45.3,62.4,2024
4,Apr,American,SEA,LGA,45.0,41.5,2024
12,Dec,Frontier,MIA,DTW,15.7,31.7,2024
8,Aug,JetBlue,BOS,JFK,13.9,20.6,2024
8,Aug,Southwest,DFW,DTW,26.7,19.1,2024
3,Mar,Delta,LAS,BOS,28.4,14.3,2024
9,Sep,Frontier,LGA,MCO,11.8,-1.1,2024
3,Mar,Delta,EWR,ATL,14.5,7.3,2024
1,Jan,Frontier,LGA,DEN,28.2,36.5,2024
2,Feb,JetBlue,CLT,IAH,15.3,17.6,2024
6,Jun,Alaska,MCO,DTW,16.4,31.6,2024
12,Dec,Spirit,SFO,SFO,27.1,21.9,2024
10,Oct,Spirit,PHX,CLT,34.9,33.5,2024
2,Feb,Spirit,DFW,LAS,29.4,39.0,2024
6,Jun,American,DTW,CLT,16.9,24.9,2024
1,Jan,Delta,DTW,EWR,33.5,39.1,2024
11,Nov,Frontier,DTW,LAS,17.0,10.3,2024
1,Jan,Frontier,DTW,SFO,19.6,27.4,2024
5,May,Alaska,MCO,SFO,6.9,6.5,2024
10,Oct,Spirit,IAH,LGA,22.1,20.4,2024
11,Nov,Spirit,CLT,MIA,37.2,32.5,2024
9,Sep,United,SLC,JFK,18.0,17.8,2024
8,Aug,Spirit,MSP,DTW,19.5,20.6,2024
3,Mar,United,BOS,CLT,23.2,31.9,2024
3,Mar,American,SLC,SEA,31.8,29.3,2024
1,Jan,Frontier,SLC,DFW,15.4,23.2,2024
3,Mar,United,MCO,ATL,45.4,50.3,2024
12,Dec,Frontier,LAX,JFK,32.9,37.1,2024
12,Dec,Spirit,ORD,ATL,26.0,24.8,2024
12,Dec,Frontier,PHX,DEN,16.5,17.4,2024
11,Nov,Southwest,DEN,SLC,5.2,5.6,2024
1,Jan,JetBlue,BOS,DEN,23.6,39.5,2024
8,Aug,Spirit,SFO,DEN,24.7,25.5,2024
1,Jan,Delta,LAS,LGA,9.2,25.9,2024
5,May,Alaska,LAX,BOS,15.2,66.4,2024
9,Sep,JetBlue,PHX,SFO,23.0,6.8,2024
7,Jul,American,JFK,CLT,33.2,37.1,2024
4,Apr,JetBlue,BOS,SLC,23.0,28.9,2024
11,Nov,Delta,JFK,MSP,18.4,12.8,2024
9,Sep,Spirit,ORD,BOS,28.2,28.1,2024
9,Sep,Frontier,PHX,SLC,42.1,29.4,2024
2,Feb,Alaska,LAS,MSP,9.6,26.8,2024
10,Oct,Delta,MCO,JFK,4.6,16.7,2024
10,Oct,American,DEN,ATL,14.7,20.0,2024
11,Nov,Delta,ORD,JFK,10.4,6.2,2024
12,Dec,United,DEN,MSP,27.1,29.4,2024
6,Jun,Alaska,SEA,MSP,19.9,32.4,2024
4,Apr,Alaska,SEA,MSP,21.0,15.1,2024
8,Aug,JetBlue,DTW,MCO,14.7,313.8,2024
12,Dec,Southwest,LGA,DFW,14.6,25.5,2024
11,Nov,Southwest,MIA,DEN,33.0,47.0,2024
7,Jul,Southwest,EWR,MSP,18.7,20.2,2024
7,Jul,American,JFK,LAS,39.9,41.3,2024
11,Nov,Southwest,MIA,LGA,3.5,9.0,2024
10,Oct,Frontier,PHX,ORD,24.4,30.4,2024
9,Sep,Alaska,LAS,MCO,70.4,71.1,2024
5,May,Spirit,CLT,IAH,43.5,33.6,2024
6,Jun,Alaska,SFO,CLT,30.2,108.4,2024
1,Jan,JetBlue,IAH,ATL,16.2,26.9,2024
6,Jun,Delta,ATL,LAS,29.4,31.2,2024
2,Feb,United,CLT,JFK,13.9,25.2,2024
6,Jun,Spirit,LAX,IAH,24.9,27.9,2024
9,Sep,Southwest,LAX,ATL,24.3,20.8,2024
8,Aug,Southwest,PHX,SFO,24.0,22.7,2024
9,Sep,Spirit,MCO,PHX,27.6,18.7,2024
10,Oct,Frontier,CLT,JFK,38.4,38.4,2024
8,Aug,Southwest,PHX,SFO,32.9,32.6,2024
3,Mar,United,SLC,JFK,13.6,6.3,2024
8,Aug,JetBlue,MSP,SEA,19.5,17.5,2024
6,Jun,Spirit,MIA,LAX,47.4,61.5,2024
6,Jun,Spirit,LAX,LAS,22.3,21.3,2024
6,Jun,Frontier,MSP,LAS,21.0,4.2,2024
3,Mar,Southwest,ATL,SFO,12.1,15.1,2024
10,Oct,Delta,DEN,LAS,16.4,22.9,2024
1,Jan,American,SFO,LGA,46.0,51.9,2024
12,Dec,United,MSP,ORD,9.8,16.6,2024
4,Apr,JetBlue,MSP,EWR,23.8,25.9,2024
10,Oct,Alaska,MCO,EWR,21.5,40.9,2024
12,Dec,Delta,JFK,LAX,12.1,15.1,2024
6,Jun,United,MCO,MIA,90.3,93.1,2024
11,Nov,Alaska,BOS,EWR,11.6,15.8,2024
12,Dec,United,SEA,CLT,22.0,19.4,2024
10,Oct,American,LAS,ATL,12.7,23.1,2024
2,Feb,Frontier,IAH,LGA,22.9,38.0,2024
7,Jul,American,MIA,ORD,36.9,33.6,2024
7,Jul,Alaska,MCO,SLC,21.0,24.7,2024
11,Nov,Frontier,MIA,MCO,35.2,20.5,2024
4,Apr,Alaska,CLT,SFO,12.0,8.5,2024
4,Apr,JetBlue,LAS,MIA,14.3,13.4,2024
1,Jan,Southwest,ORD,IAH,22.7,32.9,2024
2,Feb,Spirit,LGA,DTW,53.9,57.3,2024
9,Sep,Alaska,LGA,EWR,11.7,3.2,2024
10,Oct,Frontier,ORD,JFK,64.2,62.6,2024
8,Aug,American,SLC,LAX,20.0,27.5,2024
8,Aug,JetBlue,LAS,MIA,15.9,8.1,2024
9,Sep,United,LGA,MIA,20.5,12.0,2024
7,Jul,Spirit,IAH,PHX,12.8,21.0,2024
9,Sep,Southwest,CLT,DFW,36.9,37.1,2024
10,Oct,Delta,ATL,LGA,48.1,57.6,2024
12,Dec,United,PHX,PHX,39.2,493.2,2024
2,Feb,Spirit,SEA,LAS,29.5,44.1,2024
6,Jun,JetBlue,PHX,MSP,19.8,22.2,2024
3,Mar,Delta,LAX,MIA,4.6,8.0,2024
11,Nov,Spirit,SLC,PHX,39.1,46.4,2024
6,Jun,United,DTW,DEN,37.6,228.0,2024
3,Mar,American,SEA,ORD,26.2,16.4,2024
8,Aug,JetBlue,SLC,DFW,32.2,46.3,2024
11,Nov,Delta,ATL,ORD,17.7,8.9,2024
4,Apr,Frontier,EWR,PHX,16.8,14.0,2024
12,Dec,Alaska,CLT,MSP,49.7,46.5,2024
10,Oct,American,MCO,DEN,24.9,17.3,2024
6,Jun,Alaska,DEN,MSP,40.0,40.1,2024
9,Sep,Alaska,ORD,ATL,21.4,10.0,2024
2,Feb,Delta,LGA,MIA,32.2,36.5,2024
2,Feb,Southwest,PHX,ORD,10.1,19.9,2024
7,Jul,Spirit,DEN,LGA,34.1,23.0,2024
2,Feb,Spirit,MIA,SLC,24.4,32.7,2024
2,Feb,Frontier,JFK,MSP,26.1,33.8,2024
4,Apr,Southwest,DFW,EWR,21.3,16.4,2024
9,Sep,JetBlue,SFO,IAH,27.8,17.0,2024
8,Aug,Delta,SLC,MCO,4.1,15.3,2024
2,Feb,Spirit,SFO,SLC,22.6,31.9,2024
8,Aug,Southwest,DTW,JFK,15.4,26.5,2024
4,Apr,United,LGA,SFO,48.3,53.2,2024
2,Feb,United,LGA,CLT,19.6,26.9,2024
11,Nov,Southwest,MSP,DEN,37.1,32.5,2024
10,Oct,Spirit,ATL,EWR,11.0,16.5,2024
7,Jul,Alaska,LAX,JFK,8.0,15.5,2024
6,Jun,Alaska,IAH,ORD,17.1,29.1,2024
10,Oct,Southwest,DFW,BOS,7.8,13.4,2024
5,May,JetBlue,MSP,DFW,16.3,20.6,2024
11,Nov,Alaska,ATL,ORD,12.8,4.8,2024
1,Jan,JetBlue,DFW,EWR,13.4,17.4,2024
2,Feb,United,LAX,EWR,8.9,351.9,2024
8,Aug,American,DFW,SLC,8.1,18.9,2024
1,Jan,Delta,EWR,CLT,22.7,31.1,2024
3,Mar,American,DFW,LAS,50.2,44.4,2024
2,Feb,JetBlue,LAS,MCO,31.7,30.1,2024
5,May,Frontier,LGA,LAX,24.7,32.3,2024
4,Apr,Frontier,MCO,JFK,29.6,35.1,2024
7,Jul,Alaska,LAX,DTW,5.2,14.5,2024
5,May,American,ORD,LAS,18.7,26.7,2024
8,Aug,JetBlue,CLT,PHX,37.7,55.4,2024
4,Apr,Spirit,SFO,IAH,14.5,7.5,2024
12,Dec,American,DFW,CLT,19.3,31.3,2024
6,Jun,United,BOS,DFW,18.1,23.7,2024
4,Apr,Frontier,ATL,DEN,29.6,33.8,2024
2,Feb,JetBlue,LGA,JFK,10.9,15.7,2024
1,Jan,United,DFW,CLT,29.0,28.8,2024
1,Jan,American,DFW,MCO,51.6,48.3,2024
8,Aug,Southwest,LAS,LAX,19.2,19.2,2024
4,Apr,Southwest,PHX,EWR,42.2,29.1,2024
5,May,Delta,SLC,DEN,-0.3,-3.6,2024
11,Nov,Frontier,SLC,DFW,31.0,31.0,2024
8,Aug,Spirit,CLT,ATL,22.1,24.9,2024
12,Dec,Southwest,LGA,SEA,15.3,177.5,2024
7,Jul,Spirit,SFO,PHX,21.2,15.8,2024
8,Aug,Delta,ORD,CLT,10.8,27.6,2024
8,Aug,American,DEN,LAX,5.9,15.8,2024
6,Jun,Frontier,EWR,SLC,36.4,28.8,2024
10,Oct,Frontier,SFO,BOS,12.5,16.2,2024
2,Feb,Delta,EWR,PHX,6.5,15.1,2024
6,Jun,Delta,LAS,BOS,22.5,38.4,2024
1,Jan,Frontier,ATL,MCO,21.8,23.7,2024
1,Jan,Delta,ORD,LAS,5.9,13.6,2024
11,Nov,Spirit,SEA,SEA,20.4,19.0,2024
3,Mar,United,IAH,LAX,23.5,15.9,2024
3,Mar,Spirit,IAH,SFO,39.1,28.8,2024
11,Nov,Spirit,SLC,DFW,26.9,29.5,2024
5,May,Delta,SFO,SLC,33.7,32.8,2024
1,Jan,Alaska,MCO,SEA,19.4,29.4,2024
10,Oct,Frontier,JFK,MSP,45.2,50.1,2024
6,Jun,JetBlue,MIA,ORD,41.6,31.5,2024
7,Jul,American,DEN,DEN,6.3,17.5,2024
10,Oct,United,BOS,MCO,31.2,20.3,2024
12,Dec,JetBlue,ATL,SEA,19.3,36.9,2024
11,Nov,American,SLC,LAX,21.7,16.0,2024
3,Mar,Spirit,MIA,PHX,27.2,31.5,2024
4,Apr,Frontier,CLT,EWR,39.7,36.0,2024
10,Oct,Frontier,EWR,DFW,21.8,20.2,2024
11,Nov,United,ORD,DTW,36.4,37.8,2024
10,Oct,Spirit,MIA,ORD,26.1,22.5,2024
12,Dec,American,MIA,PHX,27.9,40.2,2024
10,Oct,Southwest,PHX,MSP,26.1,33.4,2024
10,Oct,American,LAX,DEN,42.0,34.0,2024
10,Oct,Southwest,MCO,LGA,13.2,13.0,2024
3,Mar,Spirit,DEN,LGA,40.4,46.8,2024
1,Jan,Frontier,SEA,MIA,33.9,39.6,2024
8,Aug,Southwest,MSP,SLC,20.2,22.7,2024
10,Oct,Alaska,CLT,IAH,21.7,19.1,2024
10,Oct,American,LAX,LGA,20.0,14.6,2024
2,Feb,Spirit,BOS,MIA,27.2,27.2,2024
1,Jan,Frontier,SEA,CLT,12.4,33.5,2024
8,Aug,Spirit,SLC,SEA,35.1,41.7,2024
7,Jul,Southwest,ATL,BOS,12.5,24.2,2024
7,Jul,Alaska,SEA,LGA,39.9,32.6,2024
4,Apr,United,PHX,DEN,85.4,194.2,2024
11,Nov,Southwest,MSP,DFW,8.9,6.8,2024
9,Sep,Delta,DEN,MIA,7.9,18.1,2024
6,Jun,United,LAS,SEA,18.0,26.8,2024
2,Feb,Spirit,PHX,EWR,37.3,39.0,2024
1,Jan,Frontier,DTW,EWR,59.4,60.9,2024
1,Jan,Frontier,MIA,ORD,32.0,32.7,2024
9,Sep,Alaska,DTW,BOS,6.8,11.2,2024
4,Apr,Frontier,ORD,MSP,30.0,18.6,2024
5,May,United,EWR,ATL,12.3,17.2,2024
3,Mar,Frontier,MCO,DFW,24.3,22.3,2024
4,Apr,United,LGA,JFK,15.8,10.0,2024
12,Dec,Spirit,DEN,DEN,28.4,32.6,2024
8,Aug,Delta,SFO,DEN,9.9,24.1,2024
4,Apr,Delta,LGA,PHX,1.5,-2.2,2024
9,Sep,Delta,MCO,SLC,14.4,4.4,2024
9,Sep,Delta,MIA,IAH,11.1,11.6,2024
6,Jun,Alaska,BOS,LAX,1.8,12.8,2024
2,Feb,Frontier,LAX,EWR,23.0,18.9,2024
12,Dec,Delta,SLC,CLT,9.9,19.1,2024
10,Oct,Frontier,DEN,DEN,35.1,28.9,2024
11,Nov,Alaska,MIA,LAS,20.6,21.1,2024
7,Jul,Alaska,SLC,DEN,2.4,8.4,2024
9,Sep,JetBlue,SFO,DEN,18.2,15.6,2024
6,Jun,Spirit,JFK,LAS,19.3,21.9,2024
3,Mar,JetBlue,MIA,LAS,15.7,21.9,2024
7,Jul,Frontier,DTW,LAX,32.3,26.2,2024
5,May,Delta,DFW,SFO,15.8,10.8,2024
1,Jan,Alaska,SEA,ATL,10.3,16.8,2024
3,Mar,United,LAS,MCO,24.2,20.4,2024
5,May,Southwest,LAX,LAX,8.9,9.4,2024
7,Jul,Southwest,MIA,BOS,18.3,23.8,2024
3,Mar,Frontier,MCO,JFK,30.9,23.8,2024
6,Jun,JetBlue,SFO,MCO,26.9,37.0,2024
5,May,Delta,DFW,SLC,11.5,15.6,2024
1,Jan,American,DTW,EWR,16.7,28.6,2024
10,Oct,Southwest,ATL,DFW,4.5,6.2,2024
6,Jun,Spirit,BOS,IAH,28.0,24.3,2024
8,Aug,Spirit,SLC,DEN,40.7,46.0,2024
1,Jan,Alaska,DEN,IAH,15.1,24.3,2024
2,Feb,Spirit,SEA,JFK,16.2,30.0,2024
4,Apr,Alaska,MIA,DTW,38.5,30.6,2024
12,Dec,Southwest,DFW,MCO,10.4,21.2,2024
2,Feb,United,CLT,LGA,32.0,37.5,2024
11,Nov,Southwest,MCO,IAH,16.7,25.8,2024
9,Sep,JetBlue,BOS,PHX,22.9,14.8,2024
10,Oct,Spirit,MCO,SLC,30.4,24.8,2024
8,Aug,Frontier,PHX,IAH,9.4,12.8,2024
8,Aug,Delta,EWR,DFW,29.9,49.3,2024
4,Apr,Delta,SEA,MCO,11.8,86.0,2024
5,May,Frontier,MCO,CLT,24.9,82.4,2024
4,Apr,Alaska,SEA,JFK,10.6,10.2,2024
9,Sep,Southwest,JFK,JFK,19.9,21.5,2024
2,Feb,American,ORD,ORD,20.2,23.0,2024
11,Nov,JetBlue,SEA,LAS,22.5,11.8,2024
8,Aug,Alaska,PHX,MIA,34.1,204.2,2024
2,Feb,Southwest,DEN,DEN,26.9,25.1,2024
1,Jan,Frontier,MIA,DTW,5.7,17.5,2024
10,Oct,JetBlue,DFW,LAX,26.4,21.3,2024
3,Mar,Frontier,LGA,SLC,15.6,14.7,2024
9,Sep,American,ORD,SEA,24.3,20.6,2024
12,Dec,Alaska,IAH,MSP,11.7,24.4,2024
3,Mar,Spirit,SEA,SLC,16.3,19.9,2024
9,Sep,JetBlue,BOS,DEN,12.7,17.8,2024
7,Jul,Alaska,EWR,CLT,16.3,24.3,2024
10,Oct,JetBlue,DTW,DFW,19.4,20.6,2024
1,Jan,JetBlue,EWR,DFW,20.5,260.4,2024
10,Oct,Spirit,DFW,IAH,41.3,42.0,2024
5,May,Alaska,ATL,SLC,13.7,9.7,2024
9,Sep,Delta,ATL,MCO,22.3,19.3,2024
12,Dec,Spirit,CLT,LAS,28.5,44.6,2024
3,Mar,American,MCO,CLT,33.1,27.6,2024
9,Sep,Alaska,MCO,BOS,43.2,60.8,2024
5,May,Frontier,ORD,DFW,25.5,21.9,2024
9,Sep,Frontier,DTW,ORD,21.1,24.0,2024
10,Oct,Delta,LAS,DEN,3.6,20.7,2024
6,Jun,Frontier,SLC,LGA,22.8,36.2,2024
9,Sep,United,SEA,DEN,26.3,19.0,2024
7,Jul,Southwest,LAX,DFW,15.1,17.1,2024
7,Jul,Alaska,DFW,SFO,-7.0,12.7,2024
8,Aug,Delta,ATL,SFO,14.7,14.3,2024
7,Jul,Frontier,MIA,SFO,21.5,17.7,2024
12,Dec,Alaska,DEN,LGA,13.4,27.0,2024
9,Sep,Alaska,LAX,CLT,7.6,17.2,2024
11,Nov,Alaska,MSP,SFO,14.3,23.0,2024
9,Sep,Spirit,LGA,CLT,25.5,32.2,2024
6,Jun,JetBlue,LGA,MCO,25.7,28.7,2024
7,Jul,United,IAH,DFW,12.2,21.6,2024
2,Feb,American,LAS,LAX,3.9,16.4,2024
9,Sep,American,JFK,MSP,3.3,16.1,2024
12,Dec,Alaska,MCO,BOS,15.3,11.4,2024
1,Jan,Delta,ORD,PHX,12.6,26.1,2024
1,Jan,Frontier,SEA,SLC,10.1,26.2,2024
3,Mar,Spirit,ORD,CLT,21.5,27.5,2024
12,Dec,Alaska,ATL,LGA,26.1,29.6,2024
6,Jun,JetBlue,MCO,JFK,43.3,48.9,2024
5,May,JetBlue,MSP,DEN,27.5,146.8,2024
2,Feb,Alaska,DEN,MSP,16.3,23.2,2024
9,Sep,American,EWR,DTW,42.2,38.9,2024
10,Oct,Frontier,EWR,DTW,50.0,43.9,2024
4,Apr,JetBlue,BOS,CLT,14.5,14.2,2024
4,Apr,Southwest,MSP,EWR,11.7,262.6,2024
5,May,Delta,DFW,PHX,-2.3,13.0,2024
8,Aug,Delta,LAS,ATL,26.2,31.7,2024
10,Oct,JetBlue,EWR,MIA,34.5,33.7,2024
4,Apr,American,ATL,SFO,33.8,35.5,2024
5,May,Spirit,DEN,LGA,17.1,24.0,2024
12,Dec,Alaska,DEN,DFW,23.7,35.0,2024
4,Apr,Southwest,SLC,SFO,15.8,8.6,2024
6,Jun,Southwest,LAS,ORD,11.7,15.4,2024
12,Dec,Alaska,SEA,MCO,20.6,37.7,2024
3,Mar,Spirit,SLC,DTW,20.6,18.1,2024
8,Aug,Southwest,IAH,IAH,13.2,109.6,2024
6,Jun,United,CLT,IAH,43.7,45.3,2024
10,Oct,JetBlue,DFW,ATL,33.0,39.6,2024
5,May,Southwest,CLT,JFK,16.3,11.8,2024
2,Feb,Spirit,MSP,LAS,15.6,18.6,2024
10,Oct,Frontier,IAH,LAX,28.1,29.6,2024
10,Oct,JetBlue,MCO,SEA,32.6,69.0,2024
7,Jul,American,DEN,MCO,25.3,22.9,2024
2,Feb,American,IAH,DFW,32.3,34.7,2024
1,Jan,Alaska,SEA,PHX,22.5,132.7,2024
7,Jul,American,ATL,ATL,33.0,34.5,2024
5,May,United,SLC,MIA,73.9,132.8,2024
1,Jan,American,LGA,LAS,15.9,19.1,2024
4,Apr,JetBlue,LAX,SLC,19.2,16.4,2024
12,Dec,Delta,SLC,MIA,8.0,29.7,2024
4,Apr,Delta,EWR,DFW,-1.9,3.5,2024
10,Oct,JetBlue,IAH,DEN,22.4,327.2,2024
7,Jul,Delta,LAX,LGA,13.6,13.2,2024
9,Sep,Southwest,JFK,IAH,13.4,20.2,2024
2,Feb,Delta,SFO,DEN,14.7,29.4,2024
12,Dec,Spirit,JFK,IAH,44.2,41.5,2024
1,Jan,United,JFK,LGA,17.9,26.0,2024
2,Feb,Frontier,LAS,ORD,6.2,25.0,2024
7,Jul,American,SEA,MIA,24.5,20.6,2024
10,Oct,Delta,LAS,LGA,12.4,18.1,2024
6,Jun,Delta,BOS,SEA,22.0,40.8,2024
4,Apr,Spirit,IAH,SEA,22.8,18.7,2024
1,Jan,Frontier,JFK,LAX,98.7,92.8,2024
1,Jan,Alaska,DFW,SFO,2.8,27.4,2024
5,May,United,SFO,MCO,15.9,10.9,2024
1,Jan,Alaska,IAH,JFK,1.9,11.6,2024
12,Dec,United,MCO,MCO,31.1,33.3,2024
7,Jul,Delta,DEN,IAH,37.4,40.2,2024
11,Nov,Southwest,IAH,SFO,34.6,28.4,2024
1,Jan,Delta,PHX,IAH,7.9,20.4,2024
1,Jan,Southwest,SEA,BOS,32.3,38.8,2024
2,Feb,Alaska,ATL,SFO,2.7,28.1,2024
11,Nov,Spirit,CLT,SFO,30.6,31.7,2024
12,Dec,American,ORD,ATL,25.4,30.3,2024
10,Oct,JetBlue,CLT,PHX,21.7,2.9,2024
3,Mar,American,DTW,PHX,2.1,20.1,2024
11,Nov,Delta,ATL,BOS,9.3,24.3,2024
1,Jan,Delta,SEA,ORD,14.0,14.6,2024
9,Sep,Southwest,SFO,ORD,26.7,22.7,2024
10,Oct,United,LAS,MSP,30.0,30.2,2024
8,Aug,Alaska,IAH,MSP,43.0,56.8,2024
5,May,Alaska,BOS,JFK,8.4,10.8,2024
11,Nov,Alaska,SEA,ORD,34.5,34.2,2024
2,Feb,Southwest,SEA,CLT,24.5,28.4,2024
5,May,United,JFK,LAS,23.3,23.0,2024
6,Jun,United,ORD,JFK,20.5,12.6,2024
1,Jan,Spirit,LAX,JFK,107.8,106.3,2024
11,Nov,United,DTW,SEA,41.8,50.3,2024
4,Apr,United,SEA,MIA,42.5,53.6,2024
9,Sep,Delta,JFK,SLC,17.9,21.2,2024
2,Feb,JetBlue,DFW,EWR,11.8,19.8,2024
5,May,Alaska,DEN,LAS,-5.9,7.2,2024
1,Jan,JetBlue,MSP,MIA,29.9,21.1,2024
4,Apr,American,LAS,EWR,26.0,25.2,2024
4,Apr,American,MSP,JFK,30.4,11.1,2024
6,Jun,American,LAS,LGA,21.0,21.1,2024
10,Oct,Southwest,EWR,EWR,26.1,24.6,2024
9,Sep,American,BOS,MCO,23.1,28.3,2024
3,Mar,Alaska,LAX,IAH,7.5,11.5,2024
9,Sep,Spirit,SLC,ATL,14.9,19.1,2024
6,Jun,American,EWR,IAH,4.8,17.2,2024
7,Jul,American,MSP,SEA,19.4,27.7,2024
12,Dec,Spirit,DEN,PHX,22.2,38.1,2024
10,Oct,Delta,JFK,LAX,8.3,7.6,2024
2,Feb,American,LGA,LAS,14.7,19.0,2024
11,Nov,Spirit,LGA,DFW,26.2,193.4,2024
10,Oct,JetBlue,LGA,MIA,19.1,30.0,2024
6,Jun,Delta,ORD,PHX,13.1,21.0,2024
6,Jun,Frontier,MSP,DTW,21.5,15.3,2024
2,Feb,United,BOS,SFO,12.6,20.1,2024
2,Feb,Southwest,JFK,SLC,8.8,11.6,2024
2,Feb,Delta,MSP,JFK,0.8,8.2,2024
10,Oct,Delta,DTW,EWR,21.6,31.9,2024
12,Dec,JetBlue,SFO,SLC,29.2,39.4,2024
1,Jan,Frontier,DEN,SLC,24.4,30.8,2024
5,May,Spirit,DTW,MSP,17.7,18.4,2024
8,Aug,Alaska,IAH,BOS,15.5,22.3,2024
2,Feb,Alaska,DFW,CLT,21.8,43.6,2024
5,May,American,ATL,SEA,10.6,13.1,2024
12,Dec,United,SFO,DFW,16.5,21.8,2024
8,Aug,Spirit,MCO,MCO,25.7,32.5,2024
10,Oct,Frontier,MSP,SEA,43.4,28.9,2024
5,May,JetBlue,DFW,EWR,79.8,83.9,2024
2,Feb,Spirit,MSP,EWR,30.2,40.0,2024
3,Mar,Spirit,DFW,LAX,23.9,20.9,2024
6,Jun,JetBlue,ORD,LGA,36.1,34.2,2024
11,Nov,Delta,SEA,DEN,15.8,17.6,2024
11,Nov,United,MCO,DEN,27.9,26.4,2024
5,May,Spirit,SEA,BOS,44.3,30.9,2024
11,Nov,JetBlue,LGA,SFO,36.7,27.1,2024
4,Apr,Alaska,CLT,DEN,29.8,34.2,2024
4,Apr,Southwest,DFW,DFW,23.9,35.4,2024
5,May,Spirit,JFK,LGA,36.6,26.2,2024
2,Feb,Southwest,JFK,JFK,13.4,29.4,2024
9,Sep,JetBlue,PHX,DTW,55.2,49.9,2024
2,Feb,Delta,DFW,LAS,25.8,34.3,2024
10,Oct,Spirit,LAS,DFW,56.7,62.7,2024
2,Feb,Southwest,EWR,MIA,6.3,14.5,2024
10,Oct,Delta,SFO,MCO,0.7,13.3,2024
9,Sep,American,DTW,EWR,27.8,24.5,2024
3,Mar,American,JFK,EWR,5.9,14.3,2024
10,Oct,Spirit,ATL,EWR,25.5,36.2,2024
7,Jul,Delta,IAH,JFK,10.6,16.9,2024
4,Apr,JetBlue,BOS,CLT,15.5,19.8,2024
6,Jun,American,CLT,ORD,25.0,29.0,2024
4,Apr,Alaska,ATL,LAS,27.2,31.6,2024
10,Oct,Spirit,CLT,ATL,32.6,26.9,2024
7,Jul,Spirit,CLT,MIA,24.3,21.1,2024
1,Jan,American,EWR,JFK,6.9,27.8,2024
3,Mar,Alaska,ATL,DEN,7.8,14.4,2024
3,Mar,Southwest,ORD,IAH,23.8,17.8,2024
1,Jan,JetBlue,BOS,BOS,5.9,16.6,2024
6,Jun,Delta,SFO,SFO,10.4,18.8,2024
11,Nov,Frontier,DEN,LAX,22.1,18.5,2024
9,Sep,American,ATL,SFO,43.9,48.2,2024
8,Aug,Spirit,ATL,LAS,11.1,25.1,2024
11,Nov,JetBlue,CLT,MCO,21.6,29.7,2024
7,Jul,American,SEA,SEA,21.4,20.7,2024
10,Oct,Southwest,MIA,LAS,11.3,0.7,2024
8,Aug,JetBlue,DTW,PHX,24.9,20.3,2024
6,Jun,United,MSP,BOS,31.9,36.3,2024
9,Sep,Spirit,SLC,LAX,39.0,37.3,2024
3,Mar,Southwest,BOS,PHX,27.9,26.4,2024
10,Oct,Delta,SLC,ORD,16.8,18.9,2024
10,Oct,JetBlue,DFW,ATL,19.3,15.1,2024
9,Sep,Alaska,DFW,LGA,4.3,16.2,2024
4,Apr,American,ORD,ATL,26.7,22.2,2024
7,Jul,Alaska,JFK,DEN,22.6,17.0,2024
9,Sep,Frontier,DEN,DTW,20.0,17.2,2024
2,Feb,JetBlue,MIA,JFK,14.3,19.7,2024
2,Feb,Delta,LAS,LAS,15.5,31.9,2024
9,Sep,Alaska,ORD,DTW,16.4,13.8,2024
12,Dec,Alaska,LAS,DFW,9.7,19.6,2024
3,Mar,Alaska,BOS,ATL,2.9,7.4,2024
9,Sep,Spirit,ORD,JFK,27.9,28.4,2024
5,May,JetBlue,MCO,SFO,16.5,22.4,2024
6,Jun,American,LGA,JFK,-2.1,18.8,2024
2,Feb,Frontier,BOS,ATL,27.9,35.1,2024
8,Aug,Spirit,IAH,SEA,17.7,23.6,2024
11,Nov,Alaska,DFW,BOS,5.2,9.0,2024
9,Sep,Southwest,PHX,MIA,22.2,13.6,2024
2,Feb,Southwest,IAH,LAX,-4.4,19.1,2024
6,Jun,American,SEA,LAX,19.1,21.2,2024
6,Jun,Spirit,LAS,LAX,26.4,22.2,2024
8,Aug,United,SLC,SEA,25.6,24.1,2024
10,Oct,United,MSP,SFO,15.5,13.5,2024
12,Dec,Southwest,JFK,EWR,5.2,15.3,2024
5,May,Alaska,SFO,LAS,4.6,9.2,2024
9,Sep,Delta,JFK,EWR,31.7,29.9,2024
1,Jan,JetBlue,MIA,LAX,34.2,41.5,2024
9,Sep,Frontier,LGA,ORD,19.5,25.9,2024
10,Oct,Spirit,SLC,LAX,30.5,34.1,2024
7,Jul,American,BOS,SLC,13.8,20.5,2024
4,Apr,Delta,MSP,LGA,26.9,34.2,2024
3,Mar,Spirit,IAH,MCO,76.7,68.0,2024
10,Oct,Alaska,SFO,BOS,7.8,2.0,2024
11,Nov,JetBlue,DEN,MIA,25.9,24.9,2024
6,Jun,Frontier,EWR,MCO,31.6,36.3,2024
12,Dec,Spirit,DFW,SLC,24.2,28.6,2024
1,Jan,Southwest,ATL,JFK,4.7,24.9,2024
3,Mar,Frontier,DFW,PHX,32.0,24.8,2024
2,Feb,Spirit,ORD,DTW,36.7,39.7,2024
11,Nov,American,DFW,ATL,12.4,16.1,2024
9,Sep,Delta,ATL,CLT,23.6,24.8,2024
3,Mar,JetBlue,BOS,JFK,40.1,23.0,2024
2,Feb,Southwest,MSP,MSP,4.5,31.6,2024
4,Apr,Southwest,LAX,DTW,4.3,5.1,2024
2,Feb,JetBlue,LAS,MSP,49.6,46.1,2024
1,Jan,Frontier,SFO,EWR,24.6,11.3,2024
6,Jun,United,MSP,ATL,22.9,15.2,2024
10,Oct,Spirit,LAX,DTW,24.3,20.9,2024
8,Aug,Spirit,ATL,MSP,33.3,34.9,2024
10,Oct,United,IAH,PHX,27.0,129.5,2024
10,Oct,JetBlue,SFO,PHX,25.0,20.3,2024
2,Feb,JetBlue,IAH,DFW,8.3,14.1,2024
9,Sep,Frontier,SLC,DTW,46.3,38.7,2024
3,Mar,Frontier,SEA,BOS,24.9,27.6,2024
8,Aug,JetBlue,BOS,JFK,19.2,30.6,2024
12,Dec,Southwest,MIA,CLT,33.9,34.6,2024
8,Aug,Alaska,LAS,DEN,19.4,142.5,2024
3,Mar,Spirit,DFW,PHX,19.2,14.9,2024
3,Mar,Alaska,SFO,LAS,24.0,32.3,2024
12,Dec,Spirit,LGA,PHX,27.5,52.4,2024
6,Jun,American,MIA,BOS,23.1,29.2,2024
1,Jan,Southwest,LAX,DFW,51.5,55.6,2024
4,Apr,Frontier,IAH,DFW,62.8,203.6,2024
1,Jan,Spirit,BOS,MSP,21.1,27.4,2024
3,Mar,Southwest,LAS,DTW,0.3,5.2,2024
9,Sep,United,MIA,BOS,14.1,19.0,2024
5,May,JetBlue,DEN,MSP,25.0,34.5,2024
12,Dec,Frontier,SFO,MCO,20.3,27.5,2024
5,May,Southwest,ATL,MSP,9.1,10.0,2024
11,Nov,Southwest,DEN,LAX,8.8,0.7,2024
4,Apr,JetBlue,JFK,SLC,16.8,9.1,2024
3,Mar,Alaska,MSP,LAS,16.7,12.8,2024
5,May,American,MIA,PHX,37.2,39.4,2024
11,Nov,United,SEA,LGA,27.4,15.1,2024
4,Apr,Frontier,MCO,PHX,44.0,39.9,2024
8,Aug,Delta,LAX,MCO,20.4,26.8,2024
4,Apr,Alaska,CLT,MSP,14.0,15.6,2024
11,Nov,Southwest,PHX,MCO,19.7,17.0,2024
12,Dec,Frontier,SEA,ATL,15.3,22.8,2024
8,Aug,American,LAX,LAX,21.3,32.3,2024
6,Jun,Delta,CLT,LGA,15.8,22.2,2024
12,Dec,Spirit,JFK,MSP,27.9,37.0,2024
11,Nov,Alaska,DEN,LGA,9.1,18.4,2024
5,May,Spirit,ORD,MSP,16.7,20.0,2024
4,Apr,Alaska,MIA,LGA,19.5,16.7,2024
4,Apr,Frontier,MIA,SLC,14.9,15.4,2024
12,Dec,JetBlue,EWR,DTW,10.3,29.2,2024
4,Apr,Delta,ORD,MCO,14.7,21.6,2024
11,Nov,Frontier,LAS,PHX,19.5,14.8,2024
9,Sep,JetBlue,ORD,LAX,39.2,38.8,2024
4,Apr,Spirit,SLC,DTW,41.0,28.8,2024
12,Dec,Alaska,MIA,LGA,-0.4,21.1,2024
9,Sep,Alaska,DTW,DEN,29.9,28.3,2024
10,Oct,Alaska,LAX,IAH,14.4,8.3,2024
6,Jun,American,SFO,ORD,12.6,15.8,2024
10,Oct,Alaska,PHX,EWR,27.3,41.7,2024
7,Jul,Delta,PHX,SLC,23.6,26.7,2024
12,Dec,United,MCO,IAH,49.1,43.0,2024
10,Oct,American,ATL,MCO,10.7,11.8,2024
3,Mar,Delta,JFK,DEN,14.1,21.6,2024
8,Aug,Southwest,DTW,SEA,5.5,15.9,2024
3,Mar,Delta,LAX,JFK,4.9,6.3,2024
1,Jan,Spirit,JFK,CLT,28.5,42.1,2024
10,Oct,Delta,ATL,ORD,20.0,13.5,2024
12,Dec,United,ORD,LAS,8.0,27.9,2024
5,May,American,DFW,MIA,10.2,19.7,2024
2,Feb,Southwest,MSP,MCO,1.8,9.8,2024
10,Oct,Alaska,ORD,DTW,17.6,6.2,2024
6,Jun,American,CLT,LAS,27.0,30.9,2024
10,Oct,American,MSP,PHX,21.5,17.5,2024
9,Sep,Frontier,MIA,CLT,9.3,14.6,2024
1,Jan,Southwest,DFW,IAH,24.8,36.4,2024
4,Apr,Spirit,LGA,SLC,25.7,16.1,2024
1,Jan,Frontier,DEN,SFO,27.4,40.2,2024
1,Jan,Southwest,SEA,SLC,18.6,31.9,2024
8,Aug,United,PHX,DEN,43.9,51.5,2024
11,Nov,Spirit,SFO,IAH,24.7,7.5,2024
2,Feb,JetBlue,LGA,ATL,45.0,51.3,2024
1,Jan,United,SFO,BOS,16.8,22.4,2024
11,Nov,Spirit,SLC,JFK,31.3,33.5,2024
8,Aug,Spirit,LAS,MSP,19.8,30.0,2024
4,Apr,Alaska,LAX,LGA,12.5,14.0,2024
3,Mar,Southwest,MCO,LAS,6.9,16.4,2024
12,Dec,Delta,SLC,ATL,12.8,17.3,2024
4,Apr,Delta,JFK,BOS,11.5,23.5,2024
11,Nov,American,PHX,ATL,14.1,10.0,2024
5,May,American,MSP,DFW,10.2,15.4,2024
1,Jan,JetBlue,LAX,SFO,22.4,32.7,2024
11,Nov,Spirit,PHX,MCO,9.1,12.1,2024
1,Jan,JetBlue,PHX,DEN,14.7,32.2,2024
3,Mar,Frontier,DEN,MCO,24.2,17.7,2024
6,Jun,JetBlue,DFW,DEN,28.1,34.7,2024
1,Jan,JetBlue,LAX,SFO,24.5,29.2,2024
11,Nov,Delta,SFO,LGA,4.4,11.9,2024
12,Dec,Spirit,IAH,BOS,30.2,24.5,2024
2,Feb,Southwest,LGA,CLT,14.7,25.3,2024
12,Dec,Alaska,MIA,ORD,5.1,26.0,2024
7,Jul,Alaska,IAH,LGA,27.1,41.5,2024
1,Jan,JetBlue,SEA,DTW,36.8,39.3,2024
7,Jul,Spirit,BOS,CLT,78.1,73.4,2024
4,Apr,United,ATL,CLT,15.6,29.6,2024
10,Oct,Alaska,MCO,CLT,11.9,5.3,2024
6,Jun,JetBlue,BOS,SLC,36.9,44.7,2024
8,Aug,Delta,JFK,MIA,11.0,19.5,2024
9,Sep,American,ORD,IAH,8.1,8.8,2024
6,Jun,United,DEN,PHX,24.1,25.0,2024
12,Dec,JetBlue,DTW,LAS,20.5,39.1,2024
11,Nov,Frontier,BOS,ORD,17.3,22.1,2024
9,Sep,Frontier,MSP,ATL,9.2,8.7,2024
4,Apr,Frontier,MSP,MIA,11.4,15.7,2024
6,Jun,Delta,LGA,EWR,25.2,182.9,2024
8,Aug,American,CLT,ORD,16.6,27.4,2024
9,Sep,Frontier,JFK,LAS,15.6,12.5,2024
3,Mar,Frontier,BOS,MIA,27.7,16.1,2024
2,Feb,Frontier,LAX,LGA,24.8,32.6,2024
6,Jun,JetBlue,DFW,ATL,25.4,41.0,2024
4,Apr,Delta,MCO,LAS,47.6,43.9,2024
1,Jan,Delta,BOS,ORD,4.9,13.1,2024
8,Aug,Southwest,ORD,PHX,12.8,20.5,2024
9,Sep,Delta,LGA,DEN,8.6,5.5,2024
9,Sep,JetBlue,JFK,MIA,37.6,42.7,2024
2,Feb,Spirit,LGA,DEN,23.2,30.6,2024
9,Sep,Delta,LGA,BOS,16.6,26.6,2024
7,Jul,United,MIA,DTW,16.4,15.0,2024
5,May,Delta,SFO,BOS,20.3,18.7,2024
7,Jul,Delta,LAX,SLC,30.0,43.4,2024
9,Sep,Alaska,SLC,LAS,8.2,16.4,2024
8,Aug,United,LAX,SFO,29.4,24.3,2024
6,Jun,JetBlue,MSP,EWR,13.7,13.6,2024
4,Apr,American,EWR,SFO,9.4,21.8,2024
1,Jan,Southwest,LGA,DTW,35.3,37.1,2024
6,Jun,Alaska,MIA,SEA,4.7,18.5,2024
3,Mar,American,LAS,IAH,11.8,14.8,2024
6,Jun,JetBlue,LAS,ORD,29.5,44.9,2024
6,Jun,JetBlue,DTW,LAX,15.5,29.2,2024
4,Apr,Alaska,MSP,DEN,43.4,40.0,2024
2,Feb,United,MIA,SEA,21.3,37.7,2024
9,Sep,American,BOS,SLC,13.6,16.5,2024
2,Feb,Delta,ORD,LAS,47.6,70.7,2024
3,Mar,United,ATL,LAX,7.0,12.9,2024
10,Oct,United,SEA,CLT,25.7,117.1,2024
1,Jan,Southwest,SLC,SEA,1.1,24.5,2024
7,Jul,United,MSP,PHX,47.6,50.3,2024
1,Jan,American,SFO,SFO,20.2,30.3,2024
11,Nov,JetBlue,MSP,SLC,18.5,8.9,2024
9,Sep,Alaska,JFK,ATL,2.5,10.2,2024
11,Nov,Southwest,ORD,LAX,25.4,25.6,2024
11,Nov,Alaska,JFK,ORD,20.8,23.1,2024
1,Jan,Alaska,ORD,DTW,4.3,25.3,2024
5,May,Delta,MSP,CLT,10.0,3.5,2024
7,Jul,Frontier,MSP,DTW,15.1,22.2,2024
3,Mar,Spirit,MSP,SEA,33.6,30.0,2024
9,Sep,American,ATL,IAH,19.9,15.4,2024
8,Aug,Delta,SEA,LGA,38.2,41.4,2024
3,Mar,Spirit,DEN,SFO,26.6,17.6,2024
5,May,Spirit,MCO,MCO,30.9,21.3,2024
7,Jul,United,LGA,ATL,46.2,41.4,2024
12,Dec,American,LAS,LAS,5.7,131.4,2024
4,Apr,Frontier,MSP,LAS,28.0,29.5,2024
5,May,Alaska,MSP,MIA,13.5,5.0,2024
3,Mar,Spirit,DEN,SLC,32.3,29.7,2024
9,Sep,Southwest,DTW,JFK,22.7,20.1,2024
10,Oct,Alaska,MIA,SFO,22.8,30.0,2024
9,Sep,Southwest,DTW,CLT,18.0,22.1,2024
7,Jul,Delta,SFO,MCO,-0.7,15.1,2024
10,Oct,JetBlue,LGA,JFK,11.0,12.5,2024
2,Feb,Spirit,DFW,LAS,20.1,29.6,2024
7,Jul,Frontier,PHX,CLT,23.2,23.0,2024
7,Jul,Alaska,PHX,JFK,13.2,17.1,2024
11,Nov,Southwest,CLT,SFO,22.5,13.2,2024
5,May,Frontier,MCO,LGA,45.5,39.1,2024
9,Sep,Delta,BOS,JFK,4.4,1.8,2024
12,Dec,JetBlue,LAS,LAS,40.7,59.2,2024
11,Nov,American,ORD,ORD,29.6,26.5,2024
3,Mar,Southwest,CLT,DTW,39.9,44.8,2024
4,Apr,Southwest,BOS,JFK,15.3,24.6,2024
1,Jan,Alaska,CLT,DFW,6.8,14.4,2024
6,Jun,Alaska,ATL,EWR,21.4,36.9,2024
4,Apr,Delta,CLT,EWR,9.7,16.2,2024
1,Jan,Southwest,MIA,LAS,-5.4,28.0,2024
2,Feb,Spirit,DEN,DFW,26.9,31.7,2024
3,Mar,Delta,SFO,SEA,7.3,25.0,2024
9,Sep,Southwest,BOS,SEA,43.0,50.5,2024
8,Aug,Delta,MCO,JFK,25.4,24.6,2024
7,Jul,Spirit,JFK,SEA,13.3,204.2,2024
11,Nov,Frontier,ORD,JFK,23.6,33.1,2024
12,Dec,Spirit,PHX,DTW,19.8,27.3,2024
4,Apr,Southwest,DFW,DTW,15.9,15.2,2024
1,Jan,Frontier,MSP,IAH,28.9,23.2,2024
8,Aug,American,SLC,MSP,23.2,27.7,2024
4,Apr,Alaska,DEN,CLT,15.5,1.8,2024
3,Mar,American,IAH,ORD,36.2,45.0,2024
9,Sep,Spirit,ATL,JFK,42.5,32.3,2024
10,Oct,Delta,EWR,MCO,36.6,47.8,2024
4,Apr,Spirit,EWR,LGA,20.8,20.7,2024
4,Apr,American,EWR,MCO,10.8,3.4,2024
9,Sep,Delta,SLC,EWR,10.6,10.4,2024
12,Dec,Alaska,EWR,JFK,0.6,16.8,2024
11,Nov,Spirit,ATL,SEA,20.9,18.8,2024
12,Dec,Delta,MCO,MSP,12.8,30.7,2024
2,Feb,Alaska,MCO,MSP,24.7,43.8,2024
12,Dec,United,PHX,MCO,31.1,37.3,2024
5,May,American,LAX,LGA,15.8,15.3,2024
4,Apr,United,DTW,ORD,17.0,19.9,2024
9,Sep,Spirit,SEA,MSP,35.6,27.1,2024
12,Dec,Alaska,JFK,SFO,15.5,26.5,2024
5,May,Alaska,ORD,MCO,26.8,32.2,2024
9,Sep,United,EWR,DEN,9.4,5.2,2024
11,Nov,Spirit,LGA,MIA,23.9,21.5,2024
9,Sep,Alaska,BOS,IAH,27.9,27.8,2024
2,Feb,Southwest,SLC,DFW,43.3,57.3,2024
9,Sep,Delta,MCO,MCO,37.2,36.9,2024
3,Mar,JetBlue,ORD,SFO,13.1,9.7,2024
4,Apr,Frontier,MSP,DFW,38.9,33.0,2024
1,Jan,United,EWR,PHX,26.2,26.4,2024
1,Jan,Southwest,MIA,ATL,33.1,42.8,2024
1,Jan,American,MCO,LGA,25.7,35.9,2024
9,Sep,JetBlue,EWR,DEN,7.0,21.6,2024
11,Nov,Alaska,MCO,LGA,7.2,15.7,2024
8,Aug,Delta,LAX,ORD,25.3,28.8,2024
5,May,Frontier,DFW,LAS,31.9,24.2,2024
5,May,Southwest,DFW,ORD,21.5,20.0,2024
9,Sep,JetBlue,LGA,ORD,26.6,21.7,2024
3,Mar,Delta,ATL,LAS,28.9,117.4,2024
3,Mar,Delta,ATL,DEN,12.3,11.9,2024
7,Jul,JetBlue,DEN,PHX,39.5,41.8,2024
9,Sep,Southwest,BOS,CLT,11.3,7.4,2024
6,Jun,Alaska,JFK,BOS,29.6,39.3,2024
2,Feb,JetBlue,JFK,JFK,33.0,38.2,2024
1,Jan,United,LGA,SFO,11.8,24.1,2024
2,Feb,Delta,MSP,SFO,15.8,28.9,2024
1,Jan,American,SEA,DFW,18.6,28.7,2024
10,Oct,Alaska,BOS,MSP,32.0,28.0,2024
10,Oct,Spirit,CLT,CLT,26.9,28.8,2024
9,Sep,Frontier,SLC,IAH,14.9,14.1,2024
10,Oct,Spirit,MCO,IAH,29.7,33.7,2024
12,Dec,Frontier,LGA,SFO,34.0,38.7,2024
8,Aug,JetBlue,LAS,PHX,29.0,44.8,2024
7,Jul,Frontier,IAH,EWR,24.9,13.1,2024
3,Mar,JetBlue,LAX,SEA,10.1,11.7,2024
8,Aug,Delta,MIA,SLC,21.5,29.5,2024
2,Feb,Delta,MCO,MIA,24.2,42.7,2024
2,Feb,Frontier,LGA,JFK,60.3,65.3,2024
11,Nov,JetBlue,IAH,PHX,26.1,19.8,2024
10,Oct,Spirit,CLT,SLC,24.7,17.4,2024
3,Mar,American,SFO,DTW,19.1,20.9,2024
7,Jul,Delta,EWR,MCO,30.1,31.5,2024
1,Jan,Delta,ATL,JFK,31.7,41.7,2024
8,Aug,United,IAH,DFW,23.9,29.8,2024
12,Dec,Southwest,SEA,MCO,34.0,52.6,2024
7,Jul,United,SFO,CLT,42.5,40.4,2024
4,Apr,American,LAX,DEN,14.2,3.7,2024
5,May,Frontier,BOS,EWR,15.8,8.4,2024
10,Oct,Spirit,EWR,SFO,19.1,13.1,2024
1,Jan,Southwest,LAS,LAX,7.5,16.0,2024
4,Apr,Frontier,MCO,MSP,19.7,19.0,2024
1,Jan,Frontier,MIA,LAX,43.3,35.7,2024
1,Jan,Spirit,CLT,LAS,36.7,46.5,2024
10,Oct,JetBlue,ORD,MCO,41.3,34.1,2024
1,Jan,Spirit,MSP,DEN,32.0,38.6,2024
7,Jul,Frontier,MSP,ORD,21.7,20.3,2024
7,Jul,American,LAX,LAX,11.7,14.0,2024
4,Apr,American,JFK,DTW,10.3,15.9,2024
12,Dec,United,JFK,SEA,17.7,30.3,2024
2,Feb,Southwest,BOS,MCO,7.4,21.5,2024
12,Dec,American,DFW,BOS,14.6,25.7,2024
3,Mar,Southwest,DEN,LGA,0.4,4.3,2024
8,Aug,Spirit,SEA,EWR,37.8,221.5,2024
8,Aug,Alaska,JFK,JFK,27.2,31.0,2024
11,Nov,Spirit,ORD,JFK,62.3,60.0,2024
11,Nov,JetBlue,SEA,IAH,20.9,27.5,2024
6,Jun,Southwest,SLC,LAX,8.6,21.5,2024
10,Oct,United,MIA,SEA,9.3,-0.4,2024
9,Sep,Spirit,IAH,DTW,39.9,187.3,2024
11,Nov,United,PHX,LAX,39.8,35.3,2024
12,Dec,American,MCO,LGA,13.2,22.1,2024
9,Sep,Southwest,BOS,EWR,16.0,9.4,2024
4,Apr,Spirit,MCO,IAH,32.5,19.2,2024
12,Dec,United,SEA,JFK,21.4,30.3,2024
1,Jan,Delta,SLC,LGA,44.1,54.3,2024
1,Jan,United,EWR,IAH,7.0,26.9,2024
12,Dec,JetBlue,IAH,DTW,36.4,38.5,2024
10,Oct,Delta,LAS,PHX,35.3,41.3,2024
5,May,Southwest,DFW,DFW,17.2,9.8,2024
2,Feb,Alaska,LAS,IAH,24.0,26.3,2024
6,Jun,American,LAX,MIA,14.2,19.3,2024
7,Jul,Delta,LAS,EWR,3.4,11.2,2024
1,Jan,United,LAS,DFW,23.3,17.6,2024
6,Jun,Frontier,IAH,SLC,22.2,26.8,2024
8,Aug,Spirit,MIA,JFK,32.9,32.4,2024
12,Dec,Spirit,MSP,SEA,7.3,25.9,2024
5,May,American,JFK,IAH,10.1,14.2,2024
12,Dec,Alaska,LAS,SLC,31.6,86.6,2024
7,Jul,Alaska,EWR,IAH,9.2,16.2,2024
10,Oct,American,DFW,EWR,32.9,32.9,2024
6,Jun,Frontier,LAX,SFO,27.0,12.5,2024
4,Apr,American,SFO,LGA,45.6,38.3,2024
7,Jul,American,CLT,ORD,20.2,35.1,2024
10,Oct,Southwest,JFK,CLT,-0.7,12.1,2024
9,Sep,Southwest,MIA,DFW,17.3,27.8,2024
10,Oct,Southwest,MCO,EWR,13.6,17.1,2024
10,Oct,Spirit,LGA,DTW,21.1,3.1,2024
7,Jul,Frontier,DFW,LGA,18.6,28.7,2024
12,Dec,United,SLC,LAS,15.4,20.7,2024
5,May,Southwest,SFO,SFO,19.2,8.0,2024
7,Jul,American,MIA,DTW,11.7,18.7,2024
3,Mar,Delta,MSP,BOS,7.9,1.0,2024
2,Feb,Delta,ORD,LGA,11.8,21.5,2024
11,Nov,Alaska,DTW,LAS,18.4,31.2,2024
5,May,Delta,LAX,BOS,13.7,9.5,2024
4,Apr,Delta,IAH,BOS,27.0,30.0,2024
5,May,Delta,DEN,SEA,18.9,7.7,2024
8,Aug,Alaska,MSP,PHX,20.6,22.0,2024
12,Dec,JetBlue,MSP,BOS,24.5,31.2,2024
4,Apr,Spirit,DTW,DEN,8.1,14.5,2024
9,Sep,Delta,BOS,MCO,35.2,37.5,2024
7,Jul,Frontier,MSP,ATL,34.1,35.9,2024
10,Oct,Delta,IAH,LAS,44.3,41.3,2024
12,Dec,Delta,MSP,CLT,34.4,28.0,2024
7,Jul,Spirit,DFW,LAX,19.6,22.6,2024
8,Aug,Alaska,PHX,DFW,21.5,25.6,2024
12,Dec,United,DEN,DFW,15.5,39.7,2024
6,Jun,JetBlue,IAH,ORD,22.3,26.6,2024
8,Aug,Spirit,SEA,EWR,43.5,222.3,2024
3,Mar,Delta,DTW,SEA,43.2,57.8,2024
10,Oct,Alaska,LAX,SFO,45.3,53.1,2024
10,Oct,Alaska,SEA,BOS,15.6,20.1,2024
1,Jan,Frontier,EWR,BOS,23.5,20.9,2024
6,Jun,Southwest,SFO,DFW,26.9,31.0,2024
1,Jan,Spirit,ORD,CLT,99.5,97.7,2024
9,Sep,Spirit,DFW,JFK,15.3,28.2,2024
2,Feb,United,SFO,ORD,36.0,42.0,2024
11,Nov,Alaska,DFW,SFO,18.3,28.1,2024
2,Feb,Alaska,LAS,JFK,28.4,36.7,2024
7,Jul,JetBlue,LGA,ATL,25.2,33.4,2024
2,Feb,Southwest,LGA,SEA,20.3,26.5,2024
10,Oct,Southwest,MCO,ATL,14.6,6.4,2024
8,Aug,United,DTW,EWR,18.4,20.9,2024
6,Jun,Alaska,DTW,ORD,31.0,40.2,2024
7,Jul,Southwest,MSP,LAX,22.5,28.8,2024
7,Jul,American,DFW,JFK,37.9,36.7,2024
6,Jun,United,MSP,SEA,21.7,25.1,2024
10,Oct,United,LGA,SFO,30.0,22.5,2024
11,Nov,American,CLT,SFO,21.3,21.2,2024
9,Sep,United,IAH,SLC,7.4,13.1,2024
9,Sep,Southwest,MIA,IAH,36.0,31.7,2024
7,Jul,Southwest,DFW,ORD,20.3,29.2,2024
9,Sep,Spirit,MCO,MIA,24.3,12.3,2024
10,Oct,Southwest,MIA,MIA,2.0,8.1,2024
3,Mar,American,PHX,ORD,30.8,26.9,2024
3,Mar,Spirit,MSP,ATL,36.8,24.8,2024
1,Jan,Southwest,SEA,PHX,7.1,22.2,2024
5,May,American,MSP,LAX,12.9,12.0,2024
4,Apr,Frontier,LAS,LGA,24.3,18.2,2024
2,Feb,American,ATL,LAS,42.2,51.4,2024
9,Sep,American,ATL,IAH,51.9,62.2,2024
3,Mar,Spirit,CLT,MCO,37.4,36.3,2024
8,Aug,Frontier,DFW,LAS,39.5,28.1,2024
6,Jun,United,MCO,MIA,25.6,38.0,2024
5,May,JetBlue,ATL,LGA,46.1,41.3,2024
1,Jan,Alaska,BOS,DTW,19.5,32.0,2024
4,Apr,American,MIA,IAH,37.1,26.9,2024
3,Mar,Southwest,SLC,IAH,44.2,40.3,2024
1,Jan,American,CLT,BOS,15.3,25.9,2024
12,Dec,Alaska,PHX,IAH,14.8,33.0,2024
5,May,Delta,ATL,SEA,12.0,24.4,2024
6,Jun,United,ORD,SEA,28.7,17.6,2024
2,Feb,Frontier,DTW,SEA,29.8,41.4,2024
3,Mar,Southwest,CLT,MCO,26.3,31.1,2024
11,Nov,United,ATL,CLT,33.8,27.2,2024
6,Jun,United,PHX,SEA,47.0,124.1,2024
4,Apr,Delta,ATL,DTW,1.0,2.6,2024
9,Sep,American,CLT,MSP,18.5,17.2,2024
5,May,Southwest,ORD,SEA,7.2,10.3,2024
4,Apr,Frontier,MCO,LGA,42.1,30.5,2024
2,Feb,JetBlue,BOS,SLC,25.6,30.5,2024
6,Jun,Frontier,SLC,JFK,18.3,22.2,2024
10,Oct,Frontier,EWR,LGA,37.5,35.8,2024
2,Feb,United,SEA,DFW,21.5,21.0,2024
12,Dec,Alaska,DTW,SFO,27.9,38.7,2024
7,Jul,JetBlue,IAH,LGA,60.7,55.3,2024
3,Mar,Frontier,ATL,IAH,36.0,29.4,2024
9,Sep,JetBlue,LAX,JFK,19.8,16.8,2024
11,Nov,Spirit,BOS,PHX,24.0,27.3,2024
5,May,American,LGA,IAH,11.3,131.6,2024
8,Aug,JetBlue,LAX,SFO,17.8,20.5,2024
11,Nov,Southwest,LGA,DTW,39.4,25.0,2024
6,Jun,American,SFO,DTW,24.0,27.0,2024
12,Dec,Frontier,JFK,PHX,15.2,34.7,2024
10,Oct,Alaska,JFK,LAS,11.7,4.9,2024
8,Aug,JetBlue,SEA,PHX,24.3,19.7,2024
11,Nov,American,DEN,LAX,14.2,9.6,2024
12,Dec,Southwest,CLT,ORD,21.1,37.8,2024
3,Mar,United,SFO,EWR,36.1,33.9,2024
3,Mar,Delta,ORD,PHX,32.1,26.1,2024
5,May,American,PHX,MIA,16.2,10.3,2024
11,Nov,Alaska,ORD,PHX,24.2,26.3,2024
10,Oct,Delta,DTW,BOS,58.2,50.6,2024
3,Mar,Spirit,ORD,DTW,47.3,30.3,2024
8,Aug,Frontier,ATL,LAS,44.6,36.0,2024
10,Oct,United,ATL,MSP,12.0,18.9,2024
12,Dec,Alaska,SLC,JFK,17.7,23.0,2024
8,Aug,Southwest,DFW,MIA,28.0,23.4,2024
2,Feb,Alaska,LAX,ATL,12.1,18.9,2024
12,Dec,United,MIA,CLT,14.4,20.7,2024
4,Apr,Delta,BOS,SFO,15.0,14.4,2024
10,Oct,Southwest,MSP,MIA,20.6,19.3,2024
1,Jan,Alaska,EWR,LGA,2.9,20.7,2024
4,Apr,Frontier,EWR,DEN,34.9,34.3,2024
12,Dec,JetBlue,SLC,LAS,25.6,31.1,2024
11,Nov,JetBlue,MCO,EWR,21.2,35.0,2024
4,Apr,Frontier,MCO,MIA,33.3,31.9,2024
10,Oct,Frontier,LAS,LGA,20.1,27.6,2024
9,Sep,American,EWR,JFK,6.4,-3.1,2024
3,Mar,JetBlue,SFO,CLT,9.2,13.7,2024
2,Feb,Alaska,MSP,ORD,13.4,19.9,2024
9,Sep,Delta,DFW,LAS,-5.6,10.8,2024
9,Sep,JetBlue,MSP,BOS,22.4,16.6,2024
1,Jan,American,SEA,SLC,28.7,40.0,2024
6,Jun,Southwest,LAX,IAH,16.6,21.1,2024
10,Oct,JetBlue,SFO,EWR,48.8,40.9,2024
8,Aug,American,MIA,SEA,29.1,26.7,2024
3,Mar,Frontier,LGA,SLC,23.3,88.5,2024
11,Nov,JetBlue,DTW,DEN,14.8,23.5,2024
9,Sep,Spirit,MSP,BOS,22.9,15.2,2024
2,Feb,JetBlue,CLT,JFK,81.7,89.0,2024
6,Jun,Alaska,LAS,BOS,12.4,26.8,2024
1,Jan,Frontier,ORD,CLT,23.4,36.6,2024
7,Jul,Frontier,MSP,PHX,15.9,16.0,2024
3,Mar,Delta,MSP,LGA,38.6,45.9,2024
7,Jul,American,LAS,SFO,17.4,20.1,2024
4,Apr,American,IAH,SFO,8.6,13.6,2024
9,Sep,United,DEN,MIA,17.1,13.5,2024
5,May,United,MIA,LAX,31.9,13.9,2024
3,Mar,American,LAX,LAX,6.6,7.6,2024
8,Aug,Frontier,LGA,DTW,14.2,27.1,2024
6,Jun,Alaska,MCO,IAH,19.2,35.5,2024
2,Feb,Delta,DFW,EWR,3.1,22.9,2024
3,Mar,JetBlue,IAH,MIA,28.3,161.0,2024
8,Aug,Frontier,MCO,LAS,28.4,40.1,2024
10,Oct,Southwest,SEA,SFO,19.2,24.3,2024
7,Jul,Alaska,SLC,DFW,6.8,15.3,2024
10,Oct,JetBlue,BOS,EWR,55.3,38.8,2024
6,Jun,Southwest,MIA,DTW,10.1,22.7,2024
1,Jan,Delta,EWR,MIA,40.7,44.4,2024
9,Sep,United,DEN,SEA,24.6,522.2,2024
3,Mar,Frontier,ORD,MIA,12.1,12.0,2024
5,May,American,BOS,MCO,18.8,15.2,2024
7,Jul,Delta,CLT,LGA,33.6,41.2,2024
7,Jul,Southwest,EWR,SLC,13.5,22.5,2024
3,Mar,Alaska,MSP,PHX,19.3,8.5,2024
4,Apr,American,SFO,BOS,21.5,18.7,2024
10,Oct,Southwest,CLT,ATL,29.9,28.6,2024
7,Jul,JetBlue,ORD,LAX,6.1,11.6,2024
8,Aug,JetBlue,BOS,IAH,30.0,28.5,2024
2,Feb,Alaska,SEA,SFO,9.7,25.0,2024
9,Sep,JetBlue,BOS,EWR,16.3,14.1,2024
7,Jul,American,IAH,MSP,15.8,23.4,2024
8,Aug,United,ORD,DFW,41.7,50.2,2024
6,Jun,United,BOS,PHX,11.5,13.2,2024
6,Jun,Southwest,LAX,LAS,15.9,21.4,2024
9,Sep,United,DTW,IAH,14.6,7.7,2024
4,Apr,Frontier,DTW,LAS,11.5,7.3,2024
11,Nov,United,DFW,PHX,18.3,31.8,2024
11,Nov,Southwest,LGA,SEA,13.4,14.0,2024
5,May,Southwest,CLT,MIA,58.9,53.8,2024
9,Sep,Southwest,EWR,MSP,10.0,12.8,2024
1,Jan,American,DEN,MSP,16.5,254.1,2024
4,Apr,Frontier,LGA,EWR,47.9,36.0,2024
7,Jul,Spirit,SFO,MSP,38.0,43.3,2024
11,Nov,Southwest,CLT,BOS,28.2,39.1,2024
9,Sep,Frontier,LGA,CLT,17.3,23.7,2024
11,Nov,American,BOS,EWR,13.8,18.6,2024
12,Dec,American,MIA,SEA,26.8,39.8,2024
10,Oct,American,SLC,JFK,9.4,12.4,2024
6,Jun,Spirit,MIA,SEA,38.8,40.9,2024
12,Dec,Frontier,LAX,LAX,37.3,24.4,2024
8,Aug,Southwest,CLT,IAH,34.0,35.6,2024
9,Sep,United,DEN,MIA,21.0,19.5,2024
10,Oct,Alaska,IAH,LGA,23.1,32.9,2024
4,Apr,Frontier,EWR,PHX,31.1,29.7,2024
1,Jan,Alaska,DFW,LAX,14.2,20.5,2024
8,Aug,Spirit,PHX,SLC,34.3,37.5,2024
2,Feb,United,LAX,MCO,9.4,19.2,2024
11,Nov,Spirit,CLT,MCO,23.6,15.7,2024
1,Jan,Southwest,DFW,MCO,36.7,42.1,2024
7,Jul,United,EWR,LAX,19.7,17.2,2024
12,Dec,Spirit,SFO,JFK,28.0,41.2,2024
10,Oct,Southwest,BOS,LGA,7.4,9.6,2024
9,Sep,Frontier,ORD,BOS,19.8,20.8,2024
11,Nov,Spirit,LGA,DEN,42.9,49.8,2024
12,Dec,American,LAS,LAX,15.0,30.0,2024
12,Dec,Frontier,SEA,LAS,39.2,49.1,2024
9,Sep,JetBlue,JFK,LAX,47.5,38.2,2024
3,Mar,Delta,CLT,MCO,25.2,19.2,2024
6,Jun,Spirit,PHX,DTW,15.8,39.4,2024
7,Jul,Alaska,JFK,CLT,14.4,19.2,2024
10,Oct,Spirit,CLT,LAX,22.8,11.7,2024
9,Sep,Southwest,DTW,IAH,23.0,27.7,2024
2,Feb,American,SLC,BOS,4.5,38.2,2024
8,Aug,JetBlue,MSP,SFO,21.6,25.8,2024
7,Jul,American,DTW,EWR,9.1,10.5,2024
4,Apr,Delta,ORD,SLC,5.1,6.7,2024
2,Feb,Alaska,DFW,ORD,9.5,21.3,2024
8,Aug,United,DTW,CLT,18.3,29.3,2024
11,Nov,United,DTW,CLT,31.0,29.6,2024
5,May,American,SEA,SFO,32.5,31.1,2024
6,Jun,Delta,PHX,SEA,16.4,15.8,2024
11,Nov,American,LAS,SFO,22.0,22.4,2024
7,Jul,United,DTW,ORD,28.9,34.2,2024
10,Oct,American,SEA,SLC,34.6,32.6,2024
1,Jan,JetBlue,MIA,SLC,20.2,30.6,2024
8,Aug,Frontier,PHX,IAH,25.1,17.2,2024
4,Apr,Delta,IAH,SFO,23.8,23.4,2024
9,Sep,United,DFW,SLC,16.2,19.5,2024
1,Jan,Alaska,DFW,DEN,2.6,20.6,2024
11,Nov,Alaska,BOS,MSP,15.5,10.2,2024
2,Feb,American,IAH,LAX,14.6,22.4,2024
6,Jun,Delta,SEA,IAH,11.0,24.7,2024
11,Nov,American,ORD,DFW,19.1,13.7,2024
10,Oct,United,IAH,DFW,14.4,16.8,2024
11,Nov,Delta,SFO,SEA,21.0,28.5,2024
1,Jan,Frontier,ATL,MIA,17.9,25.2,2024
4,Apr,United,MSP,ATL,15.0,13.0,2024
8,Aug,JetBlue,ORD,LAS,32.1,25.3,2024
10,Oct,JetBlue,ORD,JFK,24.6,16.9,2024
5,May,Alaska,CLT,DFW,15.1,28.2,2024
9,Sep,Southwest,SLC,JFK,18.2,13.1,2024
11,Nov,Delta,DFW,MSP,13.8,13.2,2024
11,Nov,JetBlue,MSP,LAS,27.5,30.4,2024
6,Jun,Southwest,MSP,DTW,3.3,26.7,2024
1,Jan,Alaska,CLT,BOS,11.3,16.8,2024
6,Jun,Delta,SLC,DFW,10.9,7.1,2024
6,Jun,United,EWR,SEA,9.8,11.6,2024
6,Jun,American,SFO,LGA,18.8,29.2,2024
8,Aug,American,ORD,DEN,25.5,35.8,2024
6,Jun,Frontier,MCO,ORD,5.5,240.5,2024
5,May,United,LAX,DFW,54.1,44.4,2024
11,Nov,JetBlue,IAH,SEA,25.2,17.0,2024
2,Feb,Frontier,MIA,EWR,33.0,85.8,2024
4,Apr,American,ATL,MIA,64.7,68.4,2024
10,Oct,United,EWR,LAX,57.2,56.4,2024
5,May,Southwest,LGA,SEA,29.0,29.3,2024
10,Oct,Southwest,EWR,SFO,2.9,6.2,2024
4,Apr,United,PHX,ATL,10.4,8.9,2024
2,Feb,Delta,LGA,LAX,22.0,38.4,2024
7,Jul,JetBlue,ORD,MSP,22.3,27.0,2024
10,Oct,JetBlue,IAH,MIA,11.7,13.1,2024
10,Oct,United,SLC,ORD,2.0,7.1,2024
2,Feb,American,DTW,LAX,18.1,24.6,2024
1,Jan,Frontier,LAX,EWR,31.8,26.2,2024
5,May,Alaska,BOS,ATL,9.4,11.2,2024
12,Dec,JetBlue,MIA,SFO,17.3,22.4,2024
1,Jan,JetBlue,LGA,ORD,12.7,22.2,2024
1,Jan,Southwest,JFK,EWR,23.8,38.0,2024
1,Jan,Southwest,SLC,JFK,9.8,17.4,2024
6,Jun,Frontier,MSP,DTW,14.8,20.6,2024
9,Sep,Frontier,SFO,MIA,20.9,20.9,2024
10,Oct,Southwest,MIA,SLC,27.3,21.4,2024
11,Nov,Alaska,SFO,ATL,10.6,16.6,2024
12,Dec,JetBlue,MSP,MSP,64.7,69.6,2024
1,Jan,JetBlue,MSP,MCO,36.2,43.3,2024
5,May,Alaska,ATL,LAS,22.3,21.7,2024
9,Sep,Spirit,SLC,MIA,51.7,36.4,2024
9,Sep,JetBlue,SLC,ATL,27.1,25.9,2024
1,Jan,American,CLT,MSP,13.7,21.9,2024
8,Aug,American,DTW,MCO,34.6,39.4,2024
1,Jan,American,ORD,ATL,14.7,34.0,2024
8,Aug,Spirit,MCO,ORD,45.8,45.9,2024
1,Jan,Delta,DFW,MCO,13.3,22.6,2024
12,Dec,JetBlue,SFO,LGA,42.4,34.3,2024
5,May,Alaska,ATL,DEN,11.7,17.7,2024
8,Aug,JetBlue,SLC,JFK,26.3,23.2,2024
6,Jun,Alaska,ORD,LGA,12.8,21.4,2024
9,Sep,Spirit,MCO,PHX,45.9,37.2,2024
1,Jan,United,CLT,MIA,49.5,55.4,2024
9,Sep,United,MSP,MSP,14.5,22.5,2024
1,Jan,Delta,DTW,PHX,3.8,11.5,2024
10,Oct,United,SFO,DTW,2.1,6.9,2024
10,Oct,American,ATL,MSP,26.9,29.7,2024
3,Mar,Delta,MSP,DFW,29.9,32.4,2024
1,Jan,Delta,DFW,MCO,11.7,30.4,2024
3,Mar,Delta,BOS,LGA,28.3,31.5,2024
12,Dec,Southwest,SFO,IAH,14.7,219.0,2024
11,Nov,Spirit,LAX,MIA,30.5,26.3,2024
2,Feb,United,LGA,PHX,22.2,35.5,2024
2,Feb,Frontier,ATL,IAH,19.0,19.0,2024
9,Sep,JetBlue,DTW,SLC,23.4,19.5,2024
8,Aug,Frontier,ATL,LAS,42.0,34.9,2024
1,Jan,Southwest,ORD,DEN,20.4,30.8,2024
12,Dec,Alaska,MIA,ATL,2.5,12.4,2024
4,Apr,American,SFO,DEN,26.1,25.3,2024
1,Jan,Southwest,LAS,ORD,19.2,38.5,2024
1,Jan,American,ORD,ATL,11.7,16.3,2024
12,Dec,Spirit,ATL,SLC,23.1,24.1,2024
12,Dec,JetBlue,SLC,JFK,28.9,40.5,2024
4,Apr,JetBlue,LAX,PHX,31.9,26.4,2024
2,Feb,United,DEN,DEN,7.2,15.0,2024
3,Mar,Alaska,LGA,BOS,14.9,186.4,2024
11,Nov,Southwest,SLC,BOS,12.9,8.6,2024
9,Sep,JetBlue,DEN,LGA,38.7,38.1,2024
2,Feb,Spirit,DTW,LAX,19.7,24.2,2024
4,Apr,American,PHX,DTW,30.3,25.5,2024
1,Jan,Frontier,SFO,BOS,43.8,47.0,2024
2,Feb,JetBlue,SEA,MSP,26.2,29.5,2024
5,May,United,SEA,DEN,38.9,237.4,2024
10,Oct,Frontier,SFO,DEN,18.6,18.6,2024
1,Jan,American,MSP,LGA,34.8,40.0,2024
11,Nov,Delta,DTW,DEN,40.8,25.5,2024
7,Jul,Alaska,SLC,SLC,19.1,26.7,2024
4,Apr,United,MIA,DFW,6.4,-5.3,2024
6,Jun,Spirit,LAX,SFO,35.7,37.2,2024
8,Aug,Spirit,LGA,LGA,23.7,19.2,2024
6,Jun,Spirit,JFK,MIA,22.5,29.2,2024
2,Feb,Spirit,LAS,JFK,40.3,42.5,2024
1,Jan,United,SLC,MSP,21.0,39.5,2024
8,Aug,Delta,DEN,BOS,25.7,35.5,2024
8,Aug,Alaska,LAS,DEN,24.9,29.9,2024
9,Sep,Spirit,SFO,PHX,22.1,25.6,2024
6,Jun,JetBlue,DFW,MIA,21.3,21.3,2024
12,Dec,United,IAH,LAS,37.1,41.5,2024
1,Jan,Delta,IAH,MSP,34.6,44.8,2024
9,Sep,Alaska,MCO,ORD,6.2,82.3,2024
12,Dec,Delta,LGA,LGA,20.5,44.7,2024
3,Mar,Alaska,DFW,IAH,19.4,15.2,2024
11,Nov,United,EWR,DEN,42.2,37.7,2024
6,Jun,Southwest,DEN,EWR,8.6,15.1,2024
10,Oct,Spirit,LAS,EWR,21.4,15.4,2024
10,Oct,Frontier,LAX,MIA,77.8,72.5,2024
11,Nov,United,LAX,DFW,21.2,11.2,2024
12,Dec,Spirit,DFW,LAS,40.5,44.3,2024
9,Sep,Alaska,MCO,CLT,11.2,146.8,2024
11,Nov,Southwest,MCO,BOS,33.1,33.1,2024
3,Mar,JetBlue,LGA,EWR,50.3,36.2,2024
5,May,Delta,MCO,DFW,10.2,10.3,2024
5,May,American,SLC,ORD,32.3,32.3,2024
10,Oct,Frontier,ORD,DFW,26.0,25.1,2024
7,Jul,Frontier,DEN,LAX,34.6,27.2,2024
4,Apr,United,PHX,SLC,20.0,22.1,2024
11,Nov,American,JFK,SFO,31.1,22.7,2024
4,Apr,JetBlue,ORD,LAX,11.1,15.0,2024
7,Jul,Frontier,LGA,ATL,17.5,20.1,2024
9,Sep,United,PHX,IAH,31.7,13.8,2024
11,Nov,American,BOS,SEA,9.7,15.4,2024
4,Apr,Frontier,ATL,SEA,20.5,10.4,2024
4,Apr,Frontier,IAH,PHX,24.0,15.6,2024
6,Jun,JetBlue,SLC,IAH,19.9,14.9,2024
6,Jun,Southwest,MCO,MIA,26.8,36.2,2024
7,Jul,JetBlue,DFW,ATL,31.0,28.9,2024
1,Jan,Frontier,CLT,SFO,68.9,84.3,2024
11,Nov,United,LAS,SEA,17.0,5.1,2024
3,Mar,Alaska,JFK,DTW,6.6,20.7,2024
9,Sep,Alaska,BOS,SLC,13.0,6.3,2024
6,Jun,Spirit,IAH,SEA,25.4,20.7,2024
6,Jun,Spirit,CLT,SLC,19.5,21.8,2024
5,May,Alaska,SLC,DFW,17.1,16.0,2024
11,Nov,United,LAS,PHX,64.0,60.9,2024
3,Mar,United,MSP,PHX,14.6,7.8,2024
11,Nov,JetBlue,EWR,DFW,26.2,25.8,2024
5,May,United,MSP,SEA,11.3,10.8,2024
1,Jan,Spirit,ATL,SFO,41.7,33.6,2024
3,Mar,JetBlue,IAH,CLT,21.8,26.1,2024
4,Apr,Alaska,ORD,SEA,11.9,16.6,2024
5,May,Spirit,LGA,PHX,28.5,17.0,2024
10,Oct,Delta,DEN,SFO,10.7,12.8,2024
9,Sep,Delta,JFK,SLC,15.2,18.7,2024
4,Apr,Spirit,LGA,ORD,16.9,20.9,2024
3,Mar,Spirit,LGA,LAS,37.9,18.6,2024
10,Oct,Delta,ATL,EWR,21.2,27.9,2024
1,Jan,American,SFO,DTW,22.1,30.6,2024
10,Oct,Delta,EWR,SFO,18.5,8.2,2024
6,Jun,Delta,DEN,BOS,4.9,13.4,2024
7,Jul,JetBlue,EWR,ATL,21.6,29.9,2024
10,Oct,JetBlue,DFW,EWR,44.3,40.4,2024
8,Aug,Alaska,MIA,ORD,45.7,47.8,2024
12,Dec,Spirit,DTW,ATL,43.1,35.6,2024
1,Jan,United,MSP,JFK,32.1,32.5,2024
12,Dec,United,SEA,LAX,24.9,22.3,2024
4,Apr,United,MCO,SFO,28.9,25.4,2024
11,Nov,Alaska,CLT,SEA,5.5,5.8,2024
5,May,JetBlue,IAH,MSP,27.5,32.9,2024
2,Feb,JetBlue,SFO,EWR,27.4,36.2,2024
1,Jan,Delta,SLC,PHX,25.0,48.1,2024
8,Aug,Southwest,LAS,DFW,10.0,19.7,2024
6,Jun,JetBlue,MIA,MSP,12.7,20.5,2024
5,May,Alaska,PHX,LGA,10.3,2.7,2024
9,Sep,Frontier,DTW,SEA,33.9,25.7,2024
11,Nov,Frontier,EWR,SEA,23.3,20.3,2024
11,Nov,Southwest,SEA,SFO,14.0,6.0,2024
2,Feb,JetBlue,ATL,ATL,23.4,20.7,2024
10,Oct,Alaska,BOS,CLT,30.7,43.6,2024
12,Dec,JetBlue,ORD,CLT,36.9,41.4,2024
8,Aug,American,LAX,SLC,27.1,51.9,2024
11,Nov,Southwest,EWR,DFW,8.2,8.7,2024
10,Oct,Spirit,DFW,JFK,16.0,14.6,2024
9,Sep,Frontier,LAX,PHX,16.8,9.3,2024
1,Jan,Frontier,BOS,BOS,38.0,38.7,2024
7,Jul,Spirit,LGA,DFW,31.9,25.1,2024
8,Aug,American,MCO,JFK,10.8,25.4,2024
3,Mar,Delta,PHX,DTW,24.3,36.5,2024
4,Apr,American,MCO,MSP,16.0,18.9,2024
3,Mar,American,SEA,ORD,8.4,14.4,2024
7,Jul,Alaska,IAH,CLT,32.7,43.4,2024
9,Sep,Spirit,IAH,ORD,26.0,14.2,2024
3,Mar,Delta,IAH,DEN,1.3,10.4,2024
6,Jun,Southwest,LAX,MSP,5.5,7.5,2024
8,Aug,Frontier,BOS,CLT,27.6,13.2,2024
6,Jun,United,PHX,LGA,31.4,27.6,2024
2,Feb,JetBlue,SEA,JFK,22.1,28.0,2024
7,Jul,Frontier,SLC,IAH,19.4,23.2,2024
2,Feb,Alaska,PHX,ORD,8.4,23.4,2024
2,Feb,Southwest,MIA,LAS,22.6,30.3,2024
2,Feb,Delta,DTW,SEA,13.9,18.3,2024
11,Nov,American,CLT,MCO,26.7,26.3,2024
1,Jan,United,PHX,MIA,36.6,46.8,2024
11,Nov,American,DFW,MIA,42.6,42.1,2024
1,Jan,JetBlue,SFO,SEA,26.7,296.0,2024
7,Jul,Delta,MIA,ATL,35.1,34.3,2024
12,Dec,Frontier,ORD,LAX,40.1,43.6,2024
5,May,Frontier,DEN,MCO,26.8,19.3,2024
11,Nov,United,LAX,DFW,51.2,52.6,2024
3,Mar,Southwest,BOS,LAX,54.1,42.8,2024
1,Jan,Southwest,DEN,LAX,-2.9,20.6,2024
11,Nov,Delta,SFO,MSP,4.3,20.1,2024
10,Oct,Delta,DFW,MCO,26.1,28.9,2024
6,Jun,Alaska,MIA,JFK,3.5,14.0,2024
11,Nov,American,LAS,DFW,3.6,15.3,2024
1,Jan,United,DFW,CLT,20.2,356.4,2024
9,Sep,JetBlue,LAS,ORD,21.1,21.6,2024
2,Feb,Delta,BOS,DFW,7.5,16.9,2024
1,Jan,United,EWR,LGA,15.5,27.1,2024
12,Dec,Alaska,ATL,JFK,26.6,35.0,2024
7,Jul,Spirit,SEA,LAX,27.0,18.3,2024
6,Jun,Delta,ATL,MCO,25.0,31.0,2024
6,Jun,Frontier,MCO,MSP,13.7,23.5,2024
5,May,Delta,SLC,CLT,11.0,13.9,2024
11,Nov,Southwest,DFW,DEN,-2.7,24.2,2024
4,Apr,Frontier,DTW,SLC,32.9,20.8,2024
11,Nov,Frontier,DTW,JFK,23.0,18.2,2024
4,Apr,Spirit,LAS,LGA,35.0,30.2,2024
3,Mar,United,LAS,ATL,14.2,8.0,2024
10,Oct,Southwest,LGA,LAX,23.9,18.5,2024
8,Aug,Alaska,CLT,ATL,22.2,13.5,2024
7,Jul,Southwest,PHX,SEA,26.6,30.6,2024
9,Sep,Spirit,LGA,DFW,28.4,20.0,2024
1,Jan,Frontier,LAS,IAH,14.2,25.1,2024
7,Jul,Alaska,DFW,LAS,22.2,23.2,2024
10,Oct,Spirit,DTW,CLT,22.4,11.4,2024
4,Apr,United,ORD,EWR,10.4,15.8,2024
7,Jul,Alaska,BOS,ORD,14.4,18.2,2024
12,Dec,Alaska,ATL,ATL,-0.2,24.2,2024
1,Jan,Southwest,ATL,MSP,16.4,39.9,2024
5,May,Spirit,MSP,DTW,29.8,28.1,2024
3,Mar,American,DTW,JFK,24.9,25.4,2024
5,May,Spirit,EWR,DEN,35.3,26.5,2024
4,Apr,JetBlue,SFO,DEN,28.4,23.7,2024
2,Feb,JetBlue,PHX,DFW,15.3,20.7,2024
11,Nov,American,CLT,BOS,33.5,30.4,2024
4,Apr,Frontier,SEA,DTW,22.1,8.3,2024
3,Mar,Delta,MIA,DTW,19.3,27.0,2024
1,Jan,Frontier,DTW,MIA,22.8,26.0,2024
12,Dec,Southwest,MSP,PHX,18.3,20.8,2024
10,Oct,JetBlue,MSP,PHX,11.1,7.0,2024
8,Aug,United,LAS,LAS,15.9,19.8,2024
5,May,Alaska,LGA,LAX,6.3,8.0,2024
4,Apr,Alaska,IAH,DTW,9.0,8.8,2024
10,Oct,Delta,SLC,SFO,4.0,6.6,2024
12,Dec,Frontier,MSP,LGA,18.2,30.3,2024
5,May,JetBlue,BOS,MCO,19.8,28.1,2024
4,Apr,Spirit,MCO,SEA,25.9,24.0,2024
3,Mar,Southwest,MCO,MCO,27.9,40.3,2024
5,May,JetBlue,SEA,DFW,28.2,28.2,2024
4,Apr,Southwest,MIA,DEN,28.7,37.5,2024
1,Jan,Delta,SFO,MSP,29.9,37.8,2024
12,Dec,Spirit,ATL,SFO,27.1,30.6,2024
3,Mar,Spirit,PHX,JFK,16.0,28.1,2024
10,Oct,Spirit,CLT,LGA,27.5,26.0,2024
10,Oct,Alaska,DFW,JFK,22.3,19.8,2024
8,Aug,American,ATL,SLC,42.3,47.2,2024
7,Jul,Alaska,MIA,ORD,37.9,44.8,2024
2,Feb,Southwest,DEN,LAS,14.7,28.8,2024
1,Jan,Southwest,SLC,CLT,17.6,20.5,2024
3,Mar,Frontier,SLC,SEA,13.3,11.3,2024
5,May,Delta,DFW,CLT,62.8,70.2,2024
10,Oct,Delta,LAX,ATL,9.8,15.5,2024
11,Nov,United,SFO,SEA,38.7,23.1,2024
12,Dec,Alaska,MSP,DFW,0.2,18.1,2024
1,Jan,Alaska,MCO,PHX,13.6,27.2,2024
3,Mar,Delta,BOS,EWR,-7.7,14.0,2024
3,Mar,JetBlue,LAX,IAH,13.5,20.2,2024
5,May,Southwest,LAS,DFW,27.8,33.1,2024
3,Mar,Spirit,EWR,SEA,21.7,26.1,2024
9,Sep,American,SEA,DFW,11.5,16.3,2024
1,Jan,Delta,IAH,PHX,19.7,30.5,2024
4,Apr,Spirit,DFW,MCO,18.6,32.4,2024
10,Oct,Southwest,MIA,DFW,16.5,14.3,2024
10,Oct,American,LGA,EWR,16.6,12.7,2024
4,Apr,United,SEA,BOS,15.0,11.4,2024
1,Jan,Frontier,SLC,PHX,35.6,41.1,2024
2,Feb,JetBlue,SEA,MIA,7.7,23.2,2024
11,Nov,United,JFK,LAX,14.8,12.6,2024
1,Jan,Delta,LAX,EWR,25.0,28.1,2024
6,Jun,JetBlue,CLT,SLC,70.8,73.9,2024
3,Mar,United,ATL,BOS,18.2,13.0,2024
7,Jul,Southwest,JFK,DFW,29.5,27.0,2024
5,May,Delta,SLC,LGA,2.2,11.2,2024
9,Sep,Alaska,DFW,BOS,25.5,22.2,2024
7,Jul,United,MSP,EWR,29.9,41.3,2024
4,Apr,JetBlue,CLT,ORD,9.2,7.5,2024
5,May,JetBlue,LAS,LAX,22.9,4.1,2024
5,May,Frontier,ORD,SFO,75.4,65.6,2024
11,Nov,Alaska,LAX,JFK,43.0,48.4,2024
5,May,Spirit,EWR,ATL,43.4,43.9,2024
10,Oct,American,IAH,CLT,3.4,9.3,2024
9,Sep,JetBlue,IAH,BOS,14.2,15.5,2024
10,Oct,JetBlue,JFK,MSP,10.3,9.9,2024
3,Mar,Frontier,IAH,SEA,38.9,36.1,2024
6,Jun,Spirit,MIA,LAS,22.0,27.4,2024
8,Aug,Delta,SFO,ATL,28.1,22.3,2024
11,Nov,JetBlue,DTW,DEN,19.9,9.7,2024
9,Sep,American,IAH,SFO,13.2,250.0,2024
7,Jul,JetBlue,SFO,IAH,24.7,26.7,2024
12,Dec,American,PHX,SEA,5.8,22.5,2024
3,Mar,Spirit,SEA,PHX,27.7,20.2,2024
1,Jan,Southwest,DTW,SEA,21.6,30.7,2024
4,Apr,American,IAH,BOS,19.0,16.6,2024
6,Jun,Delta,DEN,EWR,13.6,12.7,2024
3,Mar,United,DTW,BOS,34.8,26.8,2024
1,Jan,Alaska,PHX,ORD,7.9,28.0,2024
6,Jun,United,CLT,IAH,12.8,18.2,2024
1,Jan,Southwest,JFK,DEN,23.0,34.5,2024
9,Sep,Delta,LAS,DTW,3.5,9.0,2024
11,Nov,Southwest,PHX,MCO,13.7,6.7,2024
12,Dec,Southwest,LGA,EWR,14.2,22.2,2024
1,Jan,Frontier,ATL,JFK,34.5,17.9,2024
6,Jun,JetBlue,DTW,EWR,21.5,19.0,2024
1,Jan,JetBlue,DFW,MCO,5.5,17.0,2024
12,Dec,Delta,LAX,DTW,14.6,17.6,2024
7,Jul,United,ORD,MCO,24.9,24.2,2024
3,Mar,American,SFO,DEN,8.0,1.0,2024
6,Jun,JetBlue,DTW,DTW,54.7,48.9,2024
7,Jul,Delta,BOS,MIA,10.6,21.9,2024
1,Jan,Frontier,SLC,LAS,18.7,38.9,2024
1,Jan,Delta,IAH,MCO,21.6,40.0,2024
5,May,Spirit,CLT,SFO,24.0,19.3,2024
6,Jun,United,ATL,DEN,34.3,41.4,2024
9,Sep,Delta,ORD,CLT,13.5,14.0,2024
1,Jan,Alaska,CLT,MSP,29.3,48.7,2024
4,Apr,Delta,DFW,BOS,23.8,21.2,2024
10,Oct,United,CLT,CLT,27.4,38.4,2024
8,Aug,JetBlue,PHX,SLC,35.4,24.0,2024
10,Oct,Frontier,JFK,SLC,41.2,47.0,2024
9,Sep,United,MSP,PHX,24.9,9.5,2024
3,Mar,Frontier,SFO,LGA,33.9,227.4,2024
11,Nov,Southwest,ATL,EWR,51.0,56.1,2024
2,Feb,JetBlue,MIA,DEN,31.7,47.9,2024
4,Apr,Frontier,DTW,DFW,24.4,29.2,2024
2,Feb,Southwest,JFK,PHX,1.2,21.1,2024
1,Jan,Delta,DEN,JFK,16.4,35.0,2024
12,Dec,Southwest,SLC,MIA,15.6,21.9,2024
3,Mar,United,SLC,MIA,3.7,11.6,2024
7,Jul,United,MSP,EWR,25.7,31.5,2024
1,Jan,Spirit,SFO,DTW,21.2,26.8,2024
2,Feb,American,SEA,SLC,41.7,48.3,2024
1,Jan,Spirit,DTW,DFW,15.0,33.8,2024
8,Aug,Spirit,SLC,DEN,10.8,20.4,2024
5,May,Frontier,SLC,SLC,3.3,17.5,2024
8,Aug,Alaska,BOS,LGA,23.6,22.8,2024
3,Mar,Spirit,LAS,IAH,39.0,30.5,2024
12,Dec,Frontier,DTW,SEA,23.4,35.4,2024
7,Jul,Delta,JFK,DFW,7.0,17.5,2024
8,Aug,United,CLT,IAH,11.2,18.8,2024
6,Jun,JetBlue,MSP,MIA,16.0,18.9,2024
7,Jul,Spirit,SFO,DTW,15.2,19.2,2024
12,Dec,Spirit,MIA,MSP,21.1,27.9,2024
2,Feb,Spirit,PHX,EWR,34.3,39.5,2024
8,Aug,United,ATL,BOS,3.4,18.1,2024
5,May,JetBlue,SFO,LAS,10.7,13.7,2024
7,Jul,Delta,IAH,SFO,22.0,34.5,2024
1,Jan,Alaska,ORD,PHX,-1.3,20.3,2024
5,May,American,LAS,LGA,44.0,36.8,2024
1,Jan,American,DEN,IAH,15.8,20.4,2024
12,Dec,Southwest,MSP,SFO,5.0,16.7,2024
8,Aug,United,EWR,ORD,20.1,24.0,2024
4,Apr,Delta,EWR,CLT,19.2,17.2,2024
4,Apr,Southwest,BOS,EWR,12.3,13.8,2024
2,Feb,Delta,IAH,LGA,8.2,26.1,2024
5,May,Delta,MIA,MSP,17.5,14.9,2024
1,Jan,Southwest,LGA,ORD,32.7,43.7,2024
9,Sep,Delta,SFO,MCO,8.8,17.0,2024
5,May,Frontier,CLT,MCO,38.7,23.0,2024
6,Jun,Southwest,JFK,DEN,24.3,36.4,2024
2,Feb,Frontier,JFK,LAS,22.7,37.6,2024
10,Oct,Spirit,IAH,IAH,16.8,11.0,2024
10,Oct,Spirit,SLC,MIA,50.8,49.8,2024
1,Jan,Alaska,MCO,MIA,10.1,26.8,2024
4,Apr,United,SLC,EWR,6.2,23.5,2024
7,Jul,Southwest,LAX,SEA,8.2,14.3,2024
6,Jun,United,ORD,LAX,43.0,48.0,2024
10,Oct,Spirit,DTW,PHX,47.2,38.9,2024
1,Jan,American,DFW,JFK,13.1,31.8,2024
1,Jan,Southwest,LGA,DFW,5.8,15.9,2024
8,Aug,Spirit,JFK,DEN,27.9,26.5,2024
4,Apr,Frontier,SLC,MIA,31.3,14.5,2024
5,May,Alaska,LAS,BOS,18.5,17.9,2024
7,Jul,American,DFW,EWR,30.9,30.2,2024
8,Aug,Frontier,SFO,MCO,35.7,34.2,2024
10,Oct,Southwest,DFW,DTW,17.9,17.2,2024
7,Jul,Delta,MIA,DTW,1.9,6.8,2024
2,Feb,Frontier,LAX,MCO,42.6,52.0,2024
4,Apr,Frontier,PHX,MCO,40.7,31.6,2024
10,Oct,American,JFK,CLT,34.4,45.6,2024
12,Dec,JetBlue,SEA,SEA,18.2,226.0,2024
1,Jan,JetBlue,CLT,DEN,20.7,29.9,2024
10,Oct,JetBlue,MSP,LAS,12.4,14.8,2024
9,Sep,American,LAX,EWR,22.1,27.6,2024
3,Mar,United,MCO,ORD,28.4,21.0,2024
12,Dec,Southwest,ATL,BOS,28.1,28.6,2024
3,Mar,Delta,CLT,SFO,3.0,143.5,2024
10,Oct,Delta,SFO,LGA,24.8,25.1,2024
9,Sep,Spirit,IAH,CLT,34.9,18.4,2024
10,Oct,American,PHX,CLT,22.2,20.7,2024
3,Mar,JetBlue,CLT,BOS,23.1,25.8,2024
8,Aug,Alaska,DEN,LAX,25.1,39.5,2024
2,Feb,Spirit,MIA,SEA,32.3,48.5,2024
3,Mar,Delta,SEA,DEN,19.6,27.0,2024
2,Feb,Alaska,SEA,ORD,42.9,55.7,2024
1,Jan,Spirit,JFK,ATL,31.2,18.0,2024
2,Feb,Alaska,CLT,EWR,1.8,16.9,2024
8,Aug,Delta,CLT,PHX,28.0,51.4,2024
9,Sep,United,DEN,PHX,46.5,43.7,2024
2,Feb,Delta,MSP,MIA,5.1,18.6,2024
7,Jul,Spirit,DTW,BOS,19.1,14.6,2024
5,May,Frontier,MIA,SEA,34.5,26.7,2024
3,Mar,Frontier,MCO,DEN,28.6,23.1,2024
9,Sep,Delta,BOS,LAS,3.9,11.5,2024
6,Jun,Southwest,MCO,MIA,6.4,17.8,2024
11,Nov,Delta,ATL,CLT,23.6,31.9,2024
1,Jan,Southwest,ORD,LGA,84.7,91.6,2024
5,May,Frontier,SEA,MIA,20.4,24.2,2024
7,Jul,Spirit,BOS,MSP,16.5,10.4,2024
4,Apr,JetBlue,CLT,LGA,30.5,24.8,2024
8,Aug,United,ORD,SFO,49.5,59.0,2024
10,Oct,Spirit,SEA,LAS,9.5,12.4,2024
5,May,Alaska,SLC,IAH,34.6,28.7,2024
9,Sep,Spirit,MCO,IAH,22.2,15.7,2024
9,Sep,Delta,JFK,PHX,46.2,50.1,2024
9,Sep,United,IAH,BOS,15.8,31.9,2024
1,Jan,Spirit,MIA,IAH,18.9,29.0,2024
2,Feb,Frontier,BOS,LAS,26.5,29.7,2024
3,Mar,Alaska,LAX,LAS,16.4,28.3,2024
4,Apr,Spirit,DEN,PHX,26.8,21.5,2024
10,Oct,Spirit,DFW,ATL,20.8,25.2,2024
9,Sep,United,LAS,MIA,24.8,26.4,2024
10,Oct,Frontier,MSP,DTW,11.5,7.0,2024
6,Jun,Alaska,MSP,PHX,10.8,12.8,2024
1,Jan,Alaska,CLT,DTW,26.8,24.8,2024
12,Dec,United,LAX,SLC,25.5,37.9,2024
9,Sep,American,MSP,PHX,12.7,7.0,2024
6,Jun,Southwest,SFO,LGA,25.9,27.5,2024
4,Apr,Alaska,LGA,LAX,0.3,7.8,2024
4,Apr,Alaska,SEA,DTW,23.9,17.5,2024
3,Mar,Alaska,IAH,IAH,9.7,11.8,2024
7,Jul,Alaska,CLT,LAX,9.1,10.3,2024
3,Mar,United,CLT,MCO,7.3,7.9,2024
2,Feb,Alaska,DEN,SLC,4.2,21.5,2024
10,Oct,Frontier,LAX,SEA,23.6,35.0,2024
8,Aug,Frontier,EWR,JFK,46.6,46.6,2024
4,Apr,Frontier,DEN,MCO,41.0,49.3,2024
8,Aug,JetBlue,JFK,SFO,24.1,28.2,2024
1,Jan,Delta,BOS,MSP,25.4,26.3,2024
5,May,Spirit,DEN,LAX,24.6,322.3,2024
9,Sep,Frontier,MCO,SFO,14.8,5.8,2024
1,Jan,Frontier,SEA,ATL,30.9,24.6,2024
11,Nov,Frontier,MIA,JFK,35.4,30.6,2024
4,Apr,Alaska,DTW,EWR,16.6,12.3,2024
6,Jun,United,LGA,SEA,33.9,40.8,2024
10,Oct,Spirit,PHX,MSP,30.1,34.9,2024
8,Aug,Frontier,LAX,IAH,15.8,213.8,2024
3,Mar,Alaska,ORD,DTW,8.0,9.4,2024
5,May,Frontier,MSP,IAH,19.8,13.0,2024
7,Jul,Frontier,LGA,DFW,15.4,17.1,2024
1,Jan,United,ORD,CLT,26.6,27.5,2024
7,Jul,Alaska,PHX,DEN,16.5,37.3,2024
12,Dec,Delta,SEA,DTW,24.1,38.7,2024
11,Nov,Alaska,DFW,EWR,6.4,11.3,2024
8,Aug,JetBlue,MSP,CLT,14.0,18.1,2024
8,Aug,Alaska,SFO,MIA,13.3,18.6,2024
9,Sep,Frontier,SFO,LAX,25.6,18.8,2024
6,Jun,Alaska,EWR,IAH,12.7,19.8,2024
12,Dec,Spirit,DEN,DFW,32.3,39.3,2024
6,Jun,Frontier,LGA,CLT,19.5,29.7,2024
2,Feb,Spirit,PHX,BOS,24.0,278.6,2024
3,Mar,Frontier,DFW,ORD,19.5,17.9,2024
4,Apr,United,DTW,DFW,28.7,26.0,2024
4,Apr,United,DEN,EWR,25.5,33.5,2024
8,Aug,Alaska,LAX,JFK,20.5,24.3,2024
1,Jan,JetBlue,DTW,LAX,9.5,24.6,2024
10,Oct,United,IAH,LAS,15.5,14.4,2024
4,Apr,Spirit,MIA,BOS,9.7,24.5,2024
11,Nov,JetBlue,EWR,BOS,43.3,39.5,2024
12,Dec,United,IAH,DTW,31.6,36.2,2024
11,Nov,Delta,EWR,LGA,7.1,9.1,2024
11,Nov,JetBlue,DFW,LAS,23.4,8.4,2024
4,Apr,Frontier,ATL,BOS,28.3,35.7,2024
1,Jan,Delta,DTW,PHX,25.2,32.8,2024
3,Mar,Delta,BOS,MIA,35.5,33.7,2024
5,May,Frontier,PHX,LAX,34.6,25.2,2024
6,Jun,United,SLC,EWR,13.8,21.3,2024
9,Sep,Spirit,DFW,ATL,15.4,10.9,2024
9,Sep,JetBlue,MCO,ATL,13.1,-2.0,2024
9,Sep,American,ORD,LAX,19.9,23.1,2024
11,Nov,Delta,DFW,BOS,12.3,4.6,2024
1,Jan,Spirit,CLT,MCO,40.9,60.8,2024
12,Dec,Frontier,MIA,IAH,50.1,64.1,2024
9,Sep,Delta,EWR,BOS,23.4,17.0,2024
8,Aug,Delta,DFW,ATL,25.1,30.6,2024
2,Feb,United,JFK,MIA,16.7,24.9,2024
11,Nov,United,SEA,LAX,20.3,26.7,2024
1,Jan,Delta,MSP,BOS,5.5,22.4,2024
1,Jan,Frontier,MCO,LAX,37.8,36.0,2024
12,Dec,Spirit,DFW,LGA,17.8,31.7,2024
6,Jun,Alaska,DEN,JFK,13.1,29.0,2024
9,Sep,United,PHX,EWR,17.7,10.0,2024
7,Jul,United,DEN,SLC,15.5,18.6,2024
5,May,United,BOS,JFK,6.4,-3.4,2024
11,Nov,Southwest,ATL,SFO,31.4,36.2,2024
2,Feb,JetBlue,PHX,SLC,16.4,31.8,2024
1,Jan,Spirit,DEN,MCO,26.9,34.7,2024
2,Feb,United,SLC,LGA,22.0,29.3,2024
1,Jan,Southwest,SLC,JFK,39.2,45.9,2024
3,Mar,Southwest,MCO,CLT,12.9,19.3,2024
6,Jun,United,BOS,LAS,-3.3,17.8,2024
8,Aug,Spirit,EWR,LAX,11.8,13.2,2024
3,Mar,Alaska,DEN,DEN,31.7,29.8,2024
10,Oct,Southwest,LGA,DEN,13.0,8.9,2024
9,Sep,American,DTW,BOS,17.2,7.4,2024
10,Oct,Southwest,BOS,PHX,5.9,15.1,2024
5,May,JetBlue,MSP,DFW,69.7,60.1,2024
7,Jul,Southwest,DTW,BOS,10.2,19.7,2024
8,Aug,United,DEN,CLT,22.0,37.0,2024
3,Mar,Spirit,DEN,PHX,24.3,24.9,2024
2,Feb,Alaska,IAH,IAH,9.6,25.0,2024
2,Feb,Delta,DTW,DEN,38.3,39.5,2024
5,May,Spirit,IAH,MSP,21.8,11.7,2024
1,Jan,Spirit,MCO,DFW,34.4,40.4,2024
2,Feb,American,ATL,LAS,34.3,44.0,2024
9,Sep,Southwest,SFO,IAH,9.2,11.8,2024
7,Jul,Alaska,LGA,ORD,12.2,14.6,2024
6,Jun,American,ORD,MIA,16.8,15.0,2024
9,Sep,Spirit,PHX,DFW,68.8,54.4,2024
7,Jul,Spirit,SFO,LAS,27.5,26.4,2024
11,Nov,JetBlue,BOS,BOS,17.5,30.9,2024
5,May,Spirit,CLT,PHX,18.0,12.8,2024
9,Sep,Southwest,EWR,PHX,3.9,5.5,2024
6,Jun,Southwest,SEA,LAS,19.2,22.9,2024
6,Jun,American,JFK,PHX,24.6,15.6,2024
11,Nov,Southwest,DFW,LAS,7.5,12.0,2024
4,Apr,Frontier,MIA,ATL,19.4,19.4,2024
12,Dec,Spirit,LGA,EWR,37.3,45.2,2024
1,Jan,Southwest,LAX,DTW,21.5,24.7,2024
5,May,Delta,JFK,MSP,42.4,41.0,2024
11,Nov,American,DFW,JFK,28.8,29.5,2024
9,Sep,United,ORD,DTW,22.2,27.4,2024
8,Aug,Frontier,SFO,SEA,26.9,37.8,2024
8,Aug,Spirit,SFO,IAH,45.8,47.4,2024
5,May,United,EWR,MCO,8.3,8.4,2024
12,Dec,JetBlue,LAX,ATL,12.9,30.4,2024
9,Sep,Delta,SEA,BOS,25.7,22.3,2024
3,Mar,American,CLT,MIA,17.7,25.3,2024
3,Mar,American,EWR,MSP,31.8,39.8,2024
1,Jan,Delta,ATL,DFW,16.7,32.6,2024
9,Sep,Delta,PHX,JFK,15.5,21.2,2024
6,Jun,JetBlue,SFO,MSP,20.3,6.1,2024
2,Feb,United,EWR,MSP,12.0,21.2,2024
8,Aug,Alaska,PHX,JFK,10.1,27.8,2024
12,Dec,American,BOS,DFW,29.5,35.4,2024
9,Sep,Alaska,LGA,ORD,4.0,5.6,2024
9,Sep,Frontier,MSP,CLT,35.9,29.6,2024
2,Feb,Delta,BOS,MIA,34.9,43.9,2024
2,Feb,American,CLT,LAX,22.6,24.4,2024
7,Jul,United,DTW,LGA,18.2,29.2,2024
11,Nov,American,SLC,LAX,16.2,8.5,2024
4,Apr,Alaska,SLC,ATL,48.6,53.5,2024
1,Jan,American,DTW,DEN,12.3,19.5,2024
8,Aug,Delta,IAH,MCO,11.0,16.6,2024
2,Feb,Delta,DEN,LGA,11.5,22.6,2024
3,Mar,Delta,MCO,ATL,12.6,7.2,2024
5,May,United,JFK,SFO,19.4,26.1,2024
3,Mar,Spirit,IAH,ORD,31.5,27.3,2024
7,Jul,Spirit,DTW,EWR,24.2,17.6,2024
7,Jul,Spirit,DFW,EWR,25.9,20.0,2024
2,Feb,Southwest,ATL,BOS,11.5,26.0,2024
7,Jul,United,MSP,LAS,9.6,12.4,2024
11,Nov,Delta,MIA,DTW,29.4,26.9,2024
6,Jun,JetBlue,ORD,BOS,14.3,13.0,2024
10,Oct,American,LGA,EWR,14.2,21.6,2024
9,Sep,American,IAH,LGA,29.4,18.0,2024
9,Sep,Frontier,PHX,BOS,16.6,16.8,2024
2,Feb,Alaska,EWR,DFW,15.8,33.5,2024
7,Jul,American,MSP,LGA,14.3,30.1,2024
5,May,Spirit,MCO,ATL,34.2,23.3,2024
6,Jun,Alaska,BOS,LGA,20.6,25.7,2024
1,Jan,American,DFW,MIA,42.9,53.8,2024
7,Jul,JetBlue,SEA,SLC,9.7,20.9,2024
6,Jun,Alaska,BOS,IAH,4.2,21.6,2024
4,Apr,Delta,SLC,MCO,24.4,30.0,2024
1,Jan,Southwest,CLT,LAX,28.4,32.2,2024
9,Sep,Spirit,EWR,LAS,12.1,10.2,2024
4,Apr,American,BOS,LAS,39.7,29.4,2024
2,Feb,Alaska,MCO,BOS,28.8,41.8,2024
8,Aug,Southwest,IAH,MSP,30.1,35.4,2024
2,Feb,Alaska,BOS,EWR,8.0,10.5,2024
5,May,Frontier,EWR,MSP,19.9,15.6,2024
11,Nov,United,MCO,DTW,23.1,23.8,2024
6,Jun,United,MIA,SFO,12.0,14.5,2024
11,Nov,Spirit,MCO,LAX,23.3,22.1,2024
8,Aug,American,DTW,BOS,34.8,33.2,2024
11,Nov,Frontier,LAX,LGA,32.8,24.9,2024
1,Jan,Delta,MSP,DEN,30.6,43.3,2024
1,Jan,JetBlue,DTW,MCO,37.3,30.7,2024
12,Dec,Alaska,JFK,PHX,12.1,23.8,2024
4,Apr,American,BOS,IAH,37.7,34.8,2024
5,May,United,SFO,ORD,14.6,278.8,2024
9,Sep,Frontier,DFW,MSP,22.3,3.8,2024
11,Nov,United,SFO,MSP,13.1,15.6,2024
7,Jul,Alaska,MSP,PHX,10.6,24.6,2024
7,Jul,Alaska,MIA,LAX,23.0,22.1,2024
8,Aug,Frontier,SEA,EWR,26.2,27.4,2024
5,May,Frontier,SLC,DFW,8.4,7.9,2024
5,May,Alaska,LAX,SLC,1.5,10.1,2024
1,Jan,Spirit,IAH,DEN,34.5,38.6,2024
9,Sep,Southwest,PHX,SFO,10.5,6.8,2024
6,Jun,JetBlue,JFK,LAS,25.9,38.6,2024
9,Sep,Alaska,DFW,DEN,0.4,9.2,2024
3,Mar,Spirit,SLC,SEA,20.3,28.5,2024
5,May,Frontier,DTW,LAX,18.7,12.7,2024
2,Feb,Alaska,DTW,MCO,15.5,18.8,2024
10,Oct,American,IAH,MCO,27.4,19.9,2024
5,May,Delta,LGA,SFO,9.3,-2.2,2024
8,Aug,Southwest,IAH,DFW,39.0,53.1,2024
11,Nov,Frontier,IAH,CLT,22.5,260.8,2024
2,Feb,JetBlue,DEN,IAH,30.3,38.5,2024
8,Aug,Southwest,LAS,LAX,5.4,4.4,2024
4,Apr,Spirit,ATL,DTW,17.8,18.1,2024
10,Oct,Frontier,DFW,PHX,27.3,15.6,2024
10,Oct,Alaska,SFO,DEN,10.8,13.0,2024
1,Jan,Delta,MIA,BOS,12.9,23.6,2024
5,May,Alaska,DTW,PHX,23.0,26.7,2024
1,Jan,Frontier,PHX,IAH,20.0,34.5,2024
7,Jul,United,SLC,JFK,55.9,52.0,2024
8,Aug,Spirit,SEA,BOS,19.6,25.2,2024
3,Mar,Alaska,ORD,ATL,12.6,17.8,2024
3,Mar,American,SEA,SFO,18.8,19.5,2024
7,Jul,American,IAH,BOS,13.9,18.8,2024
4,Apr,Spirit,DEN,SFO,35.8,24.7,2024
3,Mar,Delta,MCO,LAS,10.0,12.7,2024
8,Aug,Alaska,MIA,MCO,25.1,39.3,2024
3,Mar,American,LAS,CLT,31.0,19.2,2024
7,Jul,American,SLC,BOS,22.7,19.5,2024
2,Feb,Alaska,BOS,MSP,9.1,19.1,2024
11,Nov,Southwest,DEN,DFW,27.7,25.6,2024
11,Nov,Delta,EWR,PHX,3.4,4.4,2024
1,Jan,Spirit,MSP,ORD,38.7,227.2,2024
12,Dec,Frontier,JFK,DEN,26.8,51.0,2024
6,Jun,Southwest,EWR,DFW,21.6,29.8,2024
8,Aug,Frontier,IAH,SLC,18.9,12.8,2024
1,Jan,American,LGA,CLT,-0.4,16.9,2024
10,Oct,Spirit,BOS,SFO,39.7,35.4,2024
12,Dec,Spirit,ATL,ORD,25.3,26.8,2024
9,Sep,Alaska,SFO,EWR,8.0,10.2,2024
3,Mar,Spirit,DTW,CLT,33.5,27.4,2024
3,Mar,JetBlue,IAH,IAH,20.3,23.8,2024
4,Apr,Alaska,ATL,ORD,30.2,31.6,2024
11,Nov,JetBlue,MCO,DTW,24.7,25.6,2024
1,Jan,Southwest,PHX,ATL,19.5,38.3,2024
9,Sep,United,CLT,SFO,16.8,16.8,2024
11,Nov,Alaska,MIA,LAX,19.1,18.9,2024
3,Mar,United,DFW,PHX,25.8,35.6,2024
10,Oct,Delta,CLT,EWR,10.0,9.0,2024
4,Apr,JetBlue,EWR,BOS,54.2,46.4,2024
1,Jan,Frontier,CLT,IAH,27.3,24.5,2024
4,Apr,Spirit,LGA,JFK,26.5,15.3,2024
1,Jan,JetBlue,MIA,LGA,14.7,25.1,2024
5,May,Southwest,IAH,SEA,13.5,19.7,2024
5,May,Spirit,EWR,LAS,41.9,46.7,2024
11,Nov,Alaska,CLT,SLC,21.8,20.5,2024
7,Jul,American,MIA,LAX,12.9,24.1,2024
8,Aug,Delta,MSP,SFO,6.8,22.2,2024
4,Apr,Southwest,IAH,MIA,8.5,12.5,2024
7,Jul,United,SEA,MSP,7.7,19.0,2024
4,Apr,Alaska,LAS,PHX,8.2,2.7,2024
3,Mar,American,MIA,CLT,15.5,23.9,2024
6,Jun,Spirit,LGA,SFO,39.3,48.9,2024
4,Apr,Delta,ATL,JFK,19.7,30.9,2024
3,Mar,Alaska,MIA,BOS,1.0,1.9,2024
9,Sep,American,SFO,ORD,10.6,8.4,2024
5,May,United,SEA,EWR,26.0,22.2,2024
7,Jul,Southwest,SLC,MCO,41.8,48.0,2024
12,Dec,Southwest,DFW,LAS,17.2,36.7,2024
6,Jun,JetBlue,DFW,PHX,22.9,16.7,2024
10,Oct,Alaska,SLC,MSP,41.9,27.7,2024
5,May,Spirit,LAS,SEA,22.2,23.3,2024
7,Jul,Frontier,LGA,JFK,20.7,21.1,2024
11,Nov,Southwest,IAH,ORD,28.1,14.6,2024
6,Jun,JetBlue,ATL,BOS,26.6,29.0,2024
10,Oct,Southwest,DTW,LAS,11.4,81.2,2024
2,Feb,Delta,DFW,LAS,15.6,14.1,2024
3,Mar,Alaska,PHX,MIA,19.7,27.9,2024
2,Feb,Spirit,DTW,JFK,25.1,33.3,2024
12,Dec,United,SFO,LAX,5.6,23.5,2024
3,Mar,Alaska,BOS,SFO,41.5,46.5,2024
1,Jan,Alaska,EWR,LAS,72.8,75.6,2024
8,Aug,American,DEN,SLC,19.9,22.8,2024
6,Jun,United,MIA,IAH,25.9,24.4,2024
2,Feb,United,DFW,BOS,33.6,39.7,2024
8,Aug,JetBlue,MSP,MIA,23.0,18.7,2024
6,Jun,JetBlue,SEA,PHX,27.3,33.7,2024
7,Jul,Delta,SFO,ORD,24.5,17.0,2024
11,Nov,American,MIA,BOS,39.1,262.9,2024
1,Jan,Southwest,MIA,DFW,10.0,18.7,2024
7,Jul,Southwest,LGA,PHX,28.8,30.6,2024
3,Mar,United,DTW,LAX,23.7,19.3,2024
11,Nov,Frontier,LAX,BOS,92.1,79.3,2024
12,Dec,Alaska,MCO,MIA,16.2,30.2,2024
8,Aug,Delta,SEA,DTW,28.8,21.9,2024
6,Jun,Alaska,LAX,CLT,11.9,16.5,2024
4,Apr,American,CLT,DTW,17.5,7.5,2024
11,Nov,Southwest,DEN,BOS,9.8,16.9,2024
8,Aug,United,JFK,LAX,18.9,13.1,2024
9,Sep,Delta,LGA,LAX,31.9,35.1,2024
10,Oct,American,SEA,ATL,16.4,10.5,2024
2,Feb,Alaska,SLC,MCO,12.3,70.0,2024
6,Jun,United,DEN,CLT,33.8,36.1,2024
5,May,United,SLC,PHX,7.6,18.2,2024
5,May,Spirit,DTW,MCO,20.8,18.7,2024
10,Oct,Alaska,PHX,ATL,15.6,59.8,2024
11,Nov,Delta,MSP,ATL,26.0,33.9,2024
3,Mar,Delta,DEN,ATL,48.0,47.4,2024
12,Dec,Delta,SFO,MIA,26.3,33.4,2024
8,Aug,Delta,PHX,BOS,11.9,12.6,2024
8,Aug,American,MIA,CLT,22.5,148.9,2024
12,Dec,Delta,ORD,DTW,32.0,47.9,2024
5,May,Delta,MSP,ATL,17.2,12.6,2024
8,Aug,Frontier,LAX,ATL,18.3,21.8,2024
10,Oct,Delta,DFW,JFK,25.2,29.8,2024
8,Aug,Spirit,ORD,ORD,34.9,18.2,2024
3,Mar,Frontier,CLT,DTW,26.0,22.6,2024
2,Feb,Frontier,DFW,JFK,43.9,61.7,2024
9,Sep,American,DFW,SEA,30.7,156.2,2024
2,Feb,Southwest,CLT,MCO,17.3,14.1,2024
9,Sep,United,JFK,CLT,12.9,23.4,2024
4,Apr,JetBlue,DEN,LGA,32.2,37.0,2024
12,Dec,Alaska,BOS,LAS,3.2,21.3,2024
2,Feb,Spirit,SFO,EWR,15.5,34.0,2024
10,Oct,United,ORD,ATL,25.6,11.2,2024
1,Jan,American,SFO,EWR,15.1,20.9,2024
4,Apr,Alaska,BOS,SLC,3.8,6.4,2024
9,Sep,Delta,CLT,LAS,5.6,5.6,2024
12,Dec,American,SLC,LGA,25.9,41.6,2024
9,Sep,Spirit,JFK,JFK,41.3,26.2,2024
4,Apr,Spirit,SEA,DTW,25.2,22.1,2024
9,Sep,Southwest,JFK,IAH,12.2,5.0,2024
12,Dec,JetBlue,ORD,DTW,23.8,32.9,2024
6,Jun,Southwest,DEN,SFO,20.7,26.1,2024
1,Jan,Frontier,LAS,PHX,30.9,32.6,2024
10,Oct,Delta,EWR,EWR,7.7,6.4,2024
6,Jun,American,EWR,SFO,21.8,25.9,2024
9,Sep,Frontier,LAS,MCO,40.4,49.1,2024
2,Feb,Frontier,IAH,JFK,32.4,41.7,2024
6,Jun,American,MSP,JFK,32.4,35.8,2024
2,Feb,Delta,MIA,SFO,4.4,18.1,2024
4,Apr,Delta,PHX,LGA,1.2,2.3,2024
8,Aug,JetBlue,PHX,SEA,13.6,28.9,2024
7,Jul,Southwest,JFK,LAX,49.7,43.1,2024
11,Nov,Delta,EWR,SLC,16.1,12.0,2024
12,Dec,Delta,BOS,SFO,11.5,32.4,2024
9,Sep,Southwest,DFW,BOS,42.9,50.8,2024
7,Jul,Delta,DEN,MCO,20.8,29.6,2024
1,Jan,Alaska,LAX,ORD,17.7,22.0,2024
2,Feb,JetBlue,SLC,DFW,17.7,22.4,2024
6,Jun,JetBlue,ATL,MIA,23.5,16.2,2024
7,Jul,Spirit,DFW,BOS,28.6,30.7,2024
3,Mar,Southwest,BOS,SLC,19.6,11.2,2024
9,Sep,Spirit,LAX,SLC,29.9,14.1,2024
7,Jul,United,BOS,MIA,46.5,48.3,2024
6,Jun,JetBlue,EWR,MSP,15.4,20.1,2024
6,Jun,American,LAX,ATL,5.6,8.4,2024
1,Jan,American,LGA,JFK,5.3,27.4,2024
5,May,United,LAX,EWR,20.9,29.5,2024
10,Oct,JetBlue,DFW,LAX,14.9,8.0,2024
3,Mar,Spirit,JFK,DTW,18.9,9.7,2024
7,Jul,Delta,SFO,IAH,29.7,43.2,2024
10,Oct,Alaska,CLT,LGA,21.2,111.8,2024
3,Mar,United,MCO,MCO,42.8,27.0,2024
5,May,Delta,BOS,IAH,16.3,24.6,2024
7,Jul,Alaska,DEN,SLC,0.1,6.1,2024
3,Mar,Frontier,DTW,CLT,40.3,32.1,2024
10,Oct,American,EWR,LAX,11.8,11.3,2024
2,Feb,Frontier,MIA,DFW,25.3,35.1,2024
6,Jun,Frontier,BOS,ATL,28.4,33.9,2024
8,Aug,Alaska,SLC,SEA,9.0,17.5,2024
4,Apr,United,LGA,MCO,23.5,16.0,2024
9,Sep,JetBlue,SFO,DTW,25.7,18.4,2024
12,Dec,Frontier,LAS,MIA,16.4,18.0,2024
12,Dec,American,DTW,DTW,34.9,48.3,2024
8,Aug,JetBlue,MCO,EWR,55.3,48.0,2024
7,Jul,Delta,BOS,PHX,6.2,8.0,2024
7,Jul,JetBlue,CLT,SFO,16.2,21.2,2024
3,Mar,Alaska,BOS,EWR,-2.9,23.5,2024
6,Jun,United,MSP,DFW,12.9,333.1,2024
5,May,Delta,LAS,BOS,18.5,22.5,2024
1,Jan,United,SFO,BOS,27.8,35.5,2024
11,Nov,Alaska,ATL,LAX,30.5,30.1,2024
3,Mar,Delta,PHX,JFK,0.3,6.2,2024
12,Dec,Spirit,JFK,MCO,29.0,27.6,2024
1,Jan,Spirit,CLT,CLT,26.4,24.7,2024
4,Apr,United,CLT,CLT,5.5,9.6,2024
10,Oct,American,LAS,EWR,21.3,12.0,2024
3,Mar,Spirit,MSP,ORD,49.9,38.7,2024
11,Nov,United,ATL,ATL,13.0,11.4,2024
4,Apr,American,LAS,BOS,16.7,15.3,2024
9,Sep,Alaska,ORD,CLT,32.8,22.4,2024
3,Mar,Southwest,LAS,SLC,8.5,14.6,2024
12,Dec,JetBlue,MCO,JFK,31.3,32.1,2024
6,Jun,Spirit,CLT,SLC,26.8,25.8,2024
6,Jun,Delta,SFO,LGA,7.9,9.9,2024
7,Jul,JetBlue,DFW,LAS,22.9,29.5,2024
9,Sep,Alaska,MCO,MSP,4.2,18.0,2024
12,Dec,American,LGA,CLT,9.8,28.7,2024
7,Jul,Spirit,DFW,EWR,22.5,31.1,2024
1,Jan,Frontier,SLC,MSP,15.1,24.2,2024
8,Aug,American,DEN,LAX,34.5,37.7,2024
5,May,American,EWR,LAX,26.2,18.4,2024
9,Sep,United,ORD,MIA,13.8,6.7,2024
10,Oct,JetBlue,MIA,EWR,12.7,177.6,2024
12,Dec,Frontier,CLT,LGA,28.3,29.1,2024
5,May,Spirit,SLC,ORD,22.2,18.2,2024
5,May,American,DTW,ATL,40.0,45.9,2024
12,Dec,Southwest,EWR,IAH,15.5,14.0,2024
12,Dec,Alaska,JFK,DTW,5.3,18.1,2024
2,Feb,American,DEN,LAS,15.9,32.7,2024
12,Dec,Spirit,LGA,LAS,29.1,289.3,2024
11,Nov,Frontier,EWR,BOS,69.0,74.1,2024
3,Mar,JetBlue,LAX,ORD,12.7,19.8,2024
10,Oct,American,MIA,LAX,39.8,46.1,2024
9,Sep,American,DFW,ATL,24.1,31.1,2024
7,Jul,Delta,JFK,LAS,20.0,19.8,2024
1,Jan,American,SFO,MSP,11.3,32.4,2024
3,Mar,JetBlue,LGA,EWR,18.3,26.3,2024
12,Dec,Alaska,SEA,SLC,30.5,39.2,2024
2,Feb,Delta,ATL,PHX,29.5,36.0,2024
1,Jan,Delta,CLT,DEN,35.7,210.6,2024
9,Sep,American,MCO,DTW,37.8,23.7,2024
8,Aug,American,BOS,CLT,3.3,12.9,2024
5,May,Southwest,CLT,ORD,15.0,19.3,2024
11,Nov,Spirit,CLT,LAS,34.5,31.3,2024
12,Dec,Spirit,LAS,ATL,16.2,19.2,2024
2,Feb,JetBlue,EWR,ATL,7.8,265.8,2024
1,Jan,Alaska,LAX,SLC,15.9,27.1,2024
7,Jul,Spirit,CLT,JFK,25.1,31.1,2024
11,Nov,JetBlue,CLT,MIA,7.2,7.1,2024
11,Nov,Frontier,SFO,IAH,18.0,9.2,2024
2,Feb,Frontier,MSP,DTW,17.1,30.2,2024
1,Jan,United,LGA,EWR,14.6,26.0,2024
2,Feb,Alaska,MIA,ATL,6.3,30.5,2024
7,Jul,United,PHX,PHX,11.0,13.7,2024
7,Jul,JetBlue,ATL,PHX,39.3,57.2,2024
10,Oct,American,DTW,MSP,22.7,18.9,2024
6,Jun,Delta,DEN,ATL,34.4,35.3,2024
5,May,Southwest,SEA,ORD,16.3,3.9,2024
3,Mar,Frontier,ATL,DTW,3.7,6.5,2024
12,Dec,American,SFO,EWR,14.3,19.2,2024
3,Mar,Alaska,LAX,MCO,5.1,17.1,2024
11,Nov,Frontier,SFO,JFK,49.2,45.7,2024
12,Dec,Alaska,SFO,ATL,6.1,19.5,2024
9,Sep,Delta,LAS,MCO,10.4,25.5,2024
4,Apr,Alaska,DFW,DEN,50.0,40.3,2024
9,Sep,JetBlue,SFO,SEA,14.0,17.7,2024
4,Apr,Spirit,MCO,BOS,8.7,13.1,2024
2,Feb,Alaska,IAH,ATL,38.4,45.9,2024
4,Apr,American,MSP,MSP,22.2,27.8,2024
6,Jun,Alaska,MIA,LAS,10.6,12.8,2024
6,Jun,Southwest,LAS,MCO,12.4,16.9,2024
5,May,Spirit,DTW,SEA,39.5,35.5,2024
1,Jan,Alaska,SEA,MSP,32.2,42.7,2024
3,Mar,Spirit,DTW,LAX,25.0,14.7,2024
5,May,United,LGA,CLT,26.8,18.0,2024
6,Jun,Delta,DTW,DTW,36.3,40.6,2024
1,Jan,American,DEN,SLC,28.0,25.2,2024
9,Sep,Southwest,PHX,LAS,12.7,9.4,2024
3,Mar,American,JFK,SLC,25.1,17.5,2024
10,Oct,JetBlue,PHX,DTW,19.8,31.3,2024
3,Mar,Delta,MIA,SEA,4.6,-2.7,2024
11,Nov,Frontier,JFK,DEN,25.1,20.6,2024
2,Feb,JetBlue,PHX,SFO,14.1,16.9,2024
8,Aug,Frontier,DTW,DFW,22.2,24.6,2024
3,Mar,Alaska,MCO,SEA,26.6,35.7,2024
6,Jun,JetBlue,ORD,DFW,14.5,33.2,2024
2,Feb,Alaska,SFO,ATL,5.9,14.2,2024
7,Jul,United,LAX,SEA,9.9,20.6,2024
4,Apr,JetBlue,SFO,SFO,21.2,20.6,2024
9,Sep,Frontier,LGA,MIA,29.7,25.9,2024
10,Oct,Southwest,MSP,EWR,9.2,14.9,2024
9,Sep,Frontier,LAS,LGA,15.9,20.5,2024
7,Jul,Delta,MSP,DEN,14.9,17.5,2024
12,Dec,United,CLT,SFO,20.3,34.3,2024
8,Aug,Spirit,MSP,PHX,60.7,52.8,2024
3,Mar,American,LGA,MSP,18.2,19.3,2024
11,Nov,JetBlue,SEA,MCO,26.4,44.1,2024
5,May,American,LAS,CLT,11.5,14.6,2024
2,Feb,United,LAS,JFK,30.2,38.3,2024
10,Oct,American,SEA,LAX,26.9,27.1,2024
7,Jul,Southwest,EWR,DFW,15.0,20.0,2024
8,Aug,United,MCO,DTW,13.5,18.8,2024
9,Sep,Delta,SFO,CLT,26.1,37.4,2024
11,Nov,Delta,LGA,DTW,24.9,20.9,2024
11,Nov,Frontier,SFO,DFW,48.2,28.6,2024
7,Jul,Spirit,JFK,JFK,84.6,96.2,2024
10,Oct,Delta,DEN,SFO,-0.7,8.3,2024
10,Oct,Delta,LGA,MSP,17.8,23.5,2024
8,Aug,United,SEA,LGA,21.0,24.8,2024
12,Dec,United,ATL,LGA,13.6,19.7,2024
9,Sep,Alaska,EWR,DFW,18.4,25.6,2024
6,Jun,United,LGA,SLC,9.1,16.8,2024
12,Dec,JetBlue,ORD,MCO,24.4,32.0,2024
12,Dec,Alaska,MSP,MSP,20.6,32.5,2024
10,Oct,Frontier,SEA,LAS,12.2,25.2,2024
2,Feb,Frontier,EWR,LAX,15.4,18.7,2024
2,Feb,United,SFO,MCO,16.0,25.2,2024
4,Apr,United,CLT,IAH,20.2,2.1,2024
9,Sep,Spirit,LAX,MCO,9.5,18.1,2024
7,Jul,United,LAX,LGA,16.5,17.9,2024
2,Feb,Delta,PHX,SFO,28.2,39.1,2024
8,Aug,Southwest,DEN,LGA,32.3,43.4,2024
11,Nov,Frontier,DFW,PHX,13.1,10.8,2024
7,Jul,Delta,CLT,DTW,18.1,10.9,2024
9,Sep,Alaska,MSP,BOS,12.7,14.2,2024
8,Aug,Spirit,LGA,BOS,30.7,19.8,2024
3,Mar,Southwest,ATL,LGA,16.9,22.5,2024
1,Jan,Spirit,IAH,SLC,41.7,39.3,2024
2,Feb,Southwest,CLT,DTW,22.3,36.2,2024
2,Feb,Spirit,DTW,LGA,20.8,33.3,2024
4,Apr,Southwest,LAS,CLT,33.2,29.9,2024
6,Jun,Spirit,BOS,JFK,25.6,31.1,2024
4,Apr,Alaska,DEN,SLC,4.7,7.4,2024
9,Sep,Alaska,LAX,MCO,11.6,15.0,2024
4,Apr,Delta,SFO,JFK,19.4,20.1,2024
6,Jun,JetBlue,LAS,JFK,22.8,18.8,2024
6,Jun,Spirit,IAH,DFW,12.0,14.0,2024
10,Oct,American,DFW,ATL,23.3,19.3,2024
11,Nov,Frontier,LAX,SLC,21.8,11.6,2024
10,Oct,JetBlue,ATL,MIA,20.8,19.5,2024
1,Jan,Delta,BOS,SFO,9.8,20.0,2024
8,Aug,Southwest,MSP,LAX,29.7,31.3,2024
12,Dec,American,DTW,DFW,12.0,33.4,2024
3,Mar,JetBlue,DEN,JFK,9.7,6.7,2024
6,Jun,Spirit,ORD,DEN,55.0,58.6,2024
3,Mar,Alaska,DFW,LAS,10.4,13.9,2024
11,Nov,Spirit,LGA,MIA,27.0,27.7,2024
2,Feb,Alaska,SLC,IAH,1.6,17.2,2024
5,May,United,MIA,MCO,29.1,26.9,2024
1,Jan,Frontier,SEA,LGA,39.6,46.3,2024
9,Sep,Frontier,BOS,MSP,16.9,18.3,2024
11,Nov,Alaska,IAH,LGA,3.4,84.3,2024
7,Jul,Frontier,IAH,PHX,12.5,20.1,2024
3,Mar,JetBlue,LAS,IAH,30.0,22.3,2024
4,Apr,Delta,DEN,LGA,52.0,52.6,2024
6,Jun,American,LGA,BOS,21.9,23.2,2024
3,Mar,United,MSP,CLT,9.8,14.7,2024
12,Dec,Spirit,JFK,SLC,33.0,29.5,2024
7,Jul,Alaska,DTW,CLT,20.3,25.2,2024
6,Jun,Alaska,CLT,MSP,8.7,27.6,2024
9,Sep,Spirit,DTW,SFO,18.8,10.3,2024
12,Dec,American,DFW,MIA,13.3,24.1,2024
5,May,American,IAH,SEA,9.4,7.6,2024
4,Apr,Spirit,ATL,MCO,27.2,26.0,2024
3,Mar,JetBlue,BOS,EWR,7.8,10.4,2024
10,Oct,Alaska,LAS,MIA,19.9,7.0,2024
1,Jan,Southwest,PHX,DEN,38.9,51.4,2024
3,Mar,Alaska,IAH,SFO,18.7,16.3,2024
3,Mar,JetBlue,LGA,EWR,12.5,13.3,2024
7,Jul,United,SLC,EWR,20.1,35.3,2024
7,Jul,Delta,DFW,MCO,22.6,23.3,2024
12,Dec,Alaska,EWR,LGA,35.8,40.5,2024
1,Jan,JetBlue,SFO,SLC,13.8,19.5,2024
3,Mar,Southwest,LAS,CLT,9.0,10.1,2024
8,Aug,Frontier,SEA,CLT,23.6,27.7,2024
9,Sep,Frontier,SFO,MCO,16.5,6.1,2024
7,Jul,Southwest,PHX,CLT,15.8,26.3,2024
7,Jul,JetBlue,SEA,ORD,18.3,18.2,2024
12,Dec,United,LGA,BOS,14.7,11.8,2024
11,Nov,Southwest,BOS,JFK,30.9,19.6,2024
8,Aug,Southwest,DTW,MCO,20.4,35.8,2024
6,Jun,Alaska,BOS,DEN,39.8,52.5,2024
11,Nov,Alaska,LAX,MIA,1.2,9.8,2024
3,Mar,Spirit,BOS,BOS,36.8,28.9,2024
1,Jan,United,DTW,SFO,17.5,35.2,2024
7,Jul,United,SFO,LAS,15.2,15.6,2024
1,Jan,United,MSP,IAH,45.3,53.6,2024
1,Jan,Spirit,DFW,DTW,12.9,25.5,2024
9,Sep,United,ATL,DFW,16.0,16.6,2024
10,Oct,JetBlue,LGA,SEA,15.9,20.4,2024
7,Jul,Frontier,ORD,EWR,38.8,43.4,2024
11,Nov,JetBlue,LGA,DFW,14.2,15.2,2024
4,Apr,American,SEA,SLC,17.7,11.4,2024
6,Jun,Spirit,ORD,JFK,29.5,32.5,2024
1,Jan,American,PHX,SLC,10.8,26.2,2024
7,Jul,Spirit,LAX,CLT,34.8,129.5,2024
12,Dec,American,DFW,BOS,14.3,29.9,2024
6,Jun,Southwest,DTW,BOS,26.2,37.7,2024
4,Apr,United,MIA,LAX,30.7,28.4,2024
7,Jul,JetBlue,DTW,LAS,22.8,20.7,2024
3,Mar,JetBlue,MSP,ORD,19.6,14.6,2024
1,Jan,United,DFW,ATL,1.1,27.7,2024
4,Apr,American,LAX,DTW,39.0,40.5,2024
3,Mar,Alaska,LAX,MSP,9.2,10.7,2024
1,Jan,Spirit,MIA,DEN,17.3,33.9,2024
2,Feb,Southwest,DEN,SFO,38.4,55.2,2024
11,Nov,JetBlue,LAS,DTW,17.9,-7.9,2024
5,May,Delta,MCO,EWR,27.2,20.0,2024
8,Aug,Southwest,LGA,IAH,14.5,30.9,2024
1,Jan,Southwest,BOS,DTW,13.0,153.8,2024
4,Apr,American,IAH,ATL,17.1,4.0,2024
4,Apr,United,ORD,JFK,22.8,19.8,2024
5,May,Spirit,DEN,PHX,22.2,25.3,2024
7,Jul,Spirit,MCO,JFK,10.5,9.7,2024
12,Dec,Delta,DTW,LAX,12.9,25.7,2024
8,Aug,American,EWR,SFO,26.4,30.0,2024
6,Jun,United,SLC,LGA,7.7,16.5,2024
1,Jan,Spirit,LAS,DTW,32.0,37.2,2024
7,Jul,Delta,LGA,SFO,9.9,15.4,2024
3,Mar,Alaska,SFO,LAS,29.5,21.4,2024
6,Jun,Alaska,PHX,SLC,31.4,31.1,2024
8,Aug,JetBlue,DFW,MIA,15.1,14.6,2024
7,Jul,Delta,PHX,ORD,15.5,15.5,2024
10,Oct,American,ORD,DFW,32.4,35.4,2024
6,Jun,Delta,LAS,DEN,21.8,14.9,2024
9,Sep,Frontier,MSP,DFW,28.0,26.8,2024
9,Sep,Delta,ATL,MSP,26.7,24.4,2024
1,Jan,Frontier,CLT,LAS,23.3,39.4,2024
1,Jan,Delta,CLT,DTW,16.5,23.4,2024
1,Jan,Frontier,MIA,EWR,41.9,35.3,2024
8,Aug,Frontier,PHX,JFK,23.3,25.2,2024
12,Dec,JetBlue,SFO,PHX,25.1,44.4,2024
12,Dec,Alaska,ATL,MSP,21.1,33.7,2024
10,Oct,Alaska,SFO,ORD,15.2,-1.0,2024
7,Jul,Frontier,DEN,MIA,44.5,53.2,2024
3,Mar,United,EWR,ORD,31.3,16.3,2024
2,Feb,Delta,SEA,SFO,56.0,61.8,2024
4,Apr,Frontier,LAX,PHX,22.2,27.8,2024
3,Mar,Spirit,SEA,ATL,8.7,15.2,2024
7,Jul,Southwest,DTW,DFW,11.5,8.8,2024
10,Oct,Spirit,DFW,SEA,25.6,28.4,2024
8,Aug,American,CLT,MCO,19.7,14.4,2024
6,Jun,Southwest,SFO,LGA,11.2,19.2,2024
3,Mar,Spirit,MCO,DEN,18.4,15.4,2024
6,Jun,United,SEA,LGA,34.5,31.4,2024
2,Feb,American,MIA,LAS,53.8,61.6,2024
12,Dec,United,LAX,SEA,14.4,23.3,2024
7,Jul,Frontier,LAS,SFO,32.1,24.5,2024
11,Nov,Spirit,JFK,DEN,40.5,35.9,2024
10,Oct,American,ATL,DFW,51.9,41.3,2024
7,Jul,Alaska,ORD,ORD,3.7,17.4,2024
4,Apr,Alaska,PHX,SEA,8.9,14.4,2024
8,Aug,Southwest,DEN,DEN,20.4,20.6,2024
4,Apr,Southwest,BOS,DEN,21.5,14.8,2024
7,Jul,Spirit,ATL,LGA,33.3,31.5,2024
4,Apr,JetBlue,LAS,CLT,50.6,52.0,2024
12,Dec,Spirit,MSP,SEA,39.2,41.7,2024
5,May,Spirit,SLC,SFO,24.8,21.8,2024
7,Jul,Frontier,SFO,LGA,18.5,16.9,2024
10,Oct,Frontier,EWR,BOS,14.1,32.4,2024
3,Mar,Spirit,SEA,DFW,62.9,50.0,2024
10,Oct,United,SLC,MCO,21.2,17.6,2024
5,May,Southwest,SFO,IAH,19.0,3.2,2024
11,Nov,American,DFW,DFW,14.1,16.1,2024
3,Mar,Delta,PHX,PHX,17.9,12.0,2024
5,May,Spirit,ATL,ORD,18.9,12.6,2024
3,Mar,Delta,LGA,DEN,16.2,12.7,2024
11,Nov,Delta,MSP,BOS,33.8,40.3,2024
10,Oct,JetBlue,SLC,DEN,23.6,22.5,2024
11,Nov,Spirit,MSP,DEN,63.0,55.5,2024
7,Jul,Southwest,LAS,DFW,9.0,8.9,2024
1,Jan,United,DEN,JFK,22.4,29.1,2024
9,Sep,United,ATL,PHX,36.2,44.1,2024
9,Sep,Spirit,LAX,JFK,57.4,47.1,2024
5,May,Spirit,MIA,ATL,27.2,14.0,2024
9,Sep,JetBlue,DFW,EWR,22.9,25.5,2024
10,Oct,Frontier,LAS,MIA,23.5,23.3,2024
6,Jun,American,DEN,JFK,8.3,17.6,2024
5,May,Alaska,DEN,MCO,-4.0,6.2,2024
3,Mar,Spirit,SEA,IAH,35.5,25.6,2024
11,Nov,Southwest,LAX,JFK,20.6,22.4,2024
11,Nov,Southwest,SFO,LGA,20.1,22.6,2024
8,Aug,American,LGA,BOS,58.5,63.6,2024
4,Apr,American,MIA,LGA,22.2,26.0,2024
10,Oct,Southwest,CLT,IAH,15.7,19.3,2024
3,Mar,Southwest,ORD,PHX,25.1,23.8,2024
6,Jun,Delta,MSP,MCO,17.2,17.0,2024
8,Aug,Spirit,IAH,BOS,20.3,20.3,2024
9,Sep,Spirit,MCO,DFW,22.3,19.1,2024
6,Jun,Spirit,MCO,PHX,25.9,18.6,2024
5,May,United,ORD,DEN,20.3,29.0,2024
12,Dec,Delta,LAX,DFW,9.9,13.7,2024
11,Nov,Frontier,DEN,EWR,74.1,64.5,2024
2,Feb,Delta,MCO,DEN,17.5,31.2,2024
2,Feb,United,DEN,SLC,29.2,44.7,2024
9,Sep,JetBlue,MSP,JFK,19.7,20.9,2024
2,Feb,Alaska,SEA,SFO,8.3,20.6,2024
2,Feb,JetBlue,EWR,PHX,6.8,20.4,2024
3,Mar,JetBlue,IAH,SFO,52.3,54.3,2024
3,Mar,JetBlue,EWR,DTW,17.6,172.9,2024
4,Apr,American,ATL,PHX,36.2,30.7,2024
7,Jul,Frontier,SEA,MCO,17.9,12.1,2024
9,Sep,Delta,LAX,MIA,21.4,26.3,2024
2,Feb,American,DEN,DTW,18.7,23.1,2024
4,Apr,Spirit,CLT,BOS,36.6,28.4,2024
9,Sep,American,DTW,DFW,31.5,31.6,2024
2,Feb,United,ORD,MSP,18.3,30.6,2024
10,Oct,JetBlue,SFO,ORD,23.5,21.5,2024
11,Nov,Southwest,DFW,MSP,23.0,22.5,2024
1,Jan,JetBlue,MIA,MCO,11.3,28.0,2024
10,Oct,Delta,BOS,SLC,15.7,11.9,2024
8,Aug,Frontier,CLT,CLT,25.1,17.9,2024
9,Sep,American,JFK,SLC,24.1,183.9,2024
7,Jul,Delta,ATL,MCO,26.7,32.2,2024
8,Aug,American,IAH,DFW,11.3,19.3,2024
4,Apr,American,DTW,JFK,16.2,6.8,2024
4,Apr,American,SFO,CLT,5.8,16.3,2024
2,Feb,Southwest,PHX,DFW,12.1,28.8,2024
8,Aug,Spirit,LAS,JFK,28.3,32.5,2024
11,Nov,JetBlue,LAX,LAX,34.2,30.6,2024
2,Feb,American,SEA,DFW,30.2,27.7,2024
9,Sep,United,ATL,IAH,15.3,16.2,2024
4,Apr,Alaska,MCO,CLT,16.7,14.9,2024
1,Jan,Alaska,LAX,BOS,45.8,45.2,2024
4,Apr,American,SFO,SEA,5.8,3.2,2024
3,Mar,JetBlue,EWR,BOS,20.1,27.5,2024
12,Dec,JetBlue,DFW,LAS,22.9,33.1,2024
6,Jun,Spirit,LGA,SFO,28.7,27.8,2024
7,Jul,Spirit,DFW,SEA,10.9,22.1,2024
8,Aug,Southwest,ORD,MCO,33.4,30.1,2024
2,Feb,American,LAS,PHX,21.3,36.4,2024
6,Jun,United,CLT,MIA,14.6,134.0,2024
6,Jun,Southwest,MCO,LAX,7.6,18.1,2024
10,Oct,Southwest,ORD,DFW,5.4,9.7,2024
12,Dec,American,BOS,LAS,53.1,64.4,2024
5,May,American,CLT,SEA,27.2,20.2,2024
10,Oct,Southwest,MCO,DEN,17.0,13.3,2024
10,Oct,Southwest,SEA,DTW,27.9,15.0,2024
7,Jul,Frontier,BOS,LAX,53.0,52.2,2024
3,Mar,Southwest,MSP,LGA,4.4,13.4,2024
4,Apr,Frontier,CLT,SEA,17.2,8.7,2024
10,Oct,Delta,MIA,LAX,17.1,10.8,2024
9,Sep,Southwest,LGA,CLT,26.8,19.1,2024
4,Apr,Frontier,BOS,LAX,17.9,26.4,2024
3,Mar,JetBlue,MCO,MIA,13.6,6.8,2024
2,Feb,Alaska,IAH,DTW,20.0,35.2,2024
5,May,United,EWR,PHX,14.0,12.3,2024
4,Apr,United,ORD,SFO,14.7,7.2,2024
8,Aug,Alaska,LAS,DTW,22.8,14.1,2024
7,Jul,American,SFO,MSP,6.4,18.2,2024
6,Jun,Spirit,SLC,LAX,28.7,25.8,2024
11,Nov,Southwest,DEN,PHX,33.7,25.4,2024
12,Dec,Frontier,SLC,ATL,18.0,32.1,2024
2,Feb,United,PHX,ATL,20.5,34.9,2024
3,Mar,United,MCO,ORD,45.6,47.2,2024
10,Oct,JetBlue,BOS,MIA,33.6,23.7,2024
9,Sep,JetBlue,SEA,SLC,21.7,19.5,2024
9,Sep,Delta,ORD,LAS,1.6,9.6,2024
5,May,Alaska,SLC,MSP,16.9,15.6,2024
3,Mar,Delta,MIA,DFW,20.3,19.7,2024
2,Feb,Frontier,SEA,MCO,41.9,49.9,2024
8,Aug,United,MSP,JFK,20.6,22.2,2024
6,Jun,American,PHX,LAX,40.7,43.8,2024
10,Oct,United,IAH,LAS,25.9,17.6,2024
11,Nov,American,BOS,IAH,6.8,-1.9,2024
12,Dec,Spirit,SFO,DFW,21.2,33.5,2024
7,Jul,United,MIA,ATL,19.1,28.7,2024
1,Jan,JetBlue,PHX,ATL,32.6,35.0,2024
1,Jan,Southwest,ORD,MCO,5.0,22.6,2024
10,Oct,United,SFO,LGA,29.0,16.2,2024
2,Feb,Delta,DFW,SLC,2.9,12.3,2024
10,Oct,Spirit,SEA,ORD,29.7,12.1,2024
3,Mar,Spirit,SEA,LGA,17.1,28.5,2024
12,Dec,American,JFK,ORD,12.5,37.3,2024
1,Jan,American,MSP,DFW,8.2,21.8,2024
5,May,United,BOS,MSP,34.3,31.8,2024
3,Mar,Frontier,ORD,CLT,34.6,26.4,2024
1,Jan,American,JFK,BOS,57.1,59.2,2024
8,Aug,Delta,SLC,ORD,14.5,34.1,2024
12,Dec,JetBlue,MIA,SEA,24.6,27.3,2024
11,Nov,Southwest,DFW,ATL,14.7,14.2,2024
6,Jun,Frontier,CLT,IAH,22.4,17.1,2024
9,Sep,Southwest,LAX,MSP,0.4,16.9,2024
3,Mar,American,CLT,SFO,73.2,63.1,2024
9,Sep,United,LGA,MSP,49.9,44.6,2024
9,Sep,American,LAX,LGA,27.6,12.9,2024
12,Dec,Spirit,SFO,MSP,19.1,27.9,2024
12,Dec,Delta,EWR,MSP,14.5,37.0,2024
1,Jan,Alaska,DEN,MIA,28.4,22.2,2024
3,Mar,United,EWR,DTW,27.9,16.1,2024
6,Jun,JetBlue,SLC,PHX,21.1,18.3,2024
8,Aug,Delta,LAX,SEA,22.6,21.0,2024
4,Apr,JetBlue,CLT,JFK,24.4,16.7,2024
5,May,Frontier,DFW,SLC,8.9,9.7,2024
9,Sep,United,LAX,SLC,6.6,9.3,2024
6,Jun,JetBlue,PHX,BOS,17.7,13.9,2024
12,Dec,Delta,DEN,SFO,11.8,20.6,2024
7,Jul,Delta,IAH,IAH,11.4,20.5,2024
7,Jul,American,DFW,MCO,26.0,29.4,2024
4,Apr,Alaska,ATL,IAH,8.4,135.6,2024
4,Apr,United,IAH,ORD,18.3,9.5,2024
4,Apr,Southwest,MCO,LAS,21.3,28.8,2024
11,Nov,Spirit,JFK,JFK,22.0,15.3,2024
5,May,Alaska,MCO,ATL,25.9,34.4,2024
5,May,Southwest,MCO,PHX,10.7,12.6,2024
8,Aug,Frontier,DTW,SEA,19.1,12.4,2024
9,Sep,JetBlue,PHX,LGA,22.5,21.0,2024
2,Feb,Southwest,IAH,ORD,52.9,62.5,2024
11,Nov,Southwest,LAS,ORD,7.4,13.7,2024
7,Jul,Spirit,BOS,ORD,23.1,30.5,2024
1,Jan,Delta,PHX,SFO,13.8,22.5,2024
1,Jan,Delta,SLC,MIA,12.3,26.4,2024
4,Apr,Delta,JFK,IAH,46.8,45.1,2024
10,Oct,Southwest,DTW,DEN,14.2,11.7,2024
7,Jul,JetBlue,SEA,LAX,27.8,22.6,2024
2,Feb,United,DTW,DTW,4.2,31.5,2024
11,Nov,Spirit,MIA,ATL,40.0,53.6,2024
2,Feb,American,EWR,DFW,68.2,80.4,2024
1,Jan,Frontier,MCO,DTW,43.6,247.3,2024
10,Oct,JetBlue,JFK,CLT,28.1,17.1,2024
2,Feb,Spirit,CLT,MCO,19.6,26.3,2024
7,Jul,Frontier,CLT,MCO,34.4,36.9,2024
9,Sep,Frontier,DTW,LGA,35.7,16.7,2024
6,Jun,Spirit,BOS,ORD,29.3,32.5,2024
10,Oct,Delta,LAX,DFW,9.1,2.2,2024
2,Feb,JetBlue,SEA,IAH,18.0,21.3,2024
12,Dec,United,SLC,ATL,26.9,40.6,2024
10,Oct,Alaska,DTW,DEN,6.0,15.3,2024
10,Oct,Delta,DEN,IAH,44.8,43.0,2024
9,Sep,United,LAS,MSP,31.3,16.7,2024
7,Jul,Alaska,MSP,DTW,-1.1,3.6,2024
11,Nov,American,LAS,MCO,3.6,115.7,2024
1,Jan,JetBlue,DTW,ORD,31.7,24.8,2024
12,Dec,American,DEN,JFK,38.9,43.2,2024
9,Sep,Spirit,LAX,MIA,13.6,14.9,2024
2,Feb,Southwest,SFO,LAS,4.6,8.1,2024
4,Apr,JetBlue,EWR,MCO,27.9,24.5,2024
9,Sep,Spirit,MIA,SLC,16.5,6.5,2024
4,Apr,Alaska,MIA,SFO,14.0,13.7,2024
3,Mar,Southwest,BOS,PHX,3.4,20.5,2024
1,Jan,United,MSP,SFO,33.6,56.7,2024
7,Jul,Southwest,SEA,DEN,19.2,13.3,2024
6,Jun,Alaska,EWR,DFW,63.0,62.7,2024
10,Oct,Alaska,ATL,LGA,43.3,30.8,2024
4,Apr,United,MSP,DEN,41.7,41.7,2024
6,Jun,American,MIA,LGA,32.3,46.4,2024
6,Jun,Delta,DFW,LGA,40.7,53.2,2024
4,Apr,Frontier,DFW,LGA,10.6,16.0,2024
6,Jun,American,CLT,ATL,14.0,16.8,2024
10,Oct,Frontier,ORD,LAX,15.8,7.9,2024
11,Nov,Spirit,SLC,SLC,32.7,21.4,2024
8,Aug,Frontier,LAX,LAS,25.2,16.5,2024
3,Mar,Southwest,JFK,MCO,20.4,21.2,2024
4,Apr,United,SEA,CLT,7.3,18.0,2024
10,Oct,Southwest,LGA,SLC,9.8,9.3,2024
12,Dec,Frontier,DEN,DEN,38.4,44.2,2024
1,Jan,Alaska,LAX,MSP,25.8,30.1,2024
4,Apr,Spirit,BOS,DFW,46.8,43.3,2024
11,Nov,Spirit,DEN,MSP,29.1,20.0,2024
10,Oct,Delta,PHX,JFK,4.3,9.6,2024
10,Oct,JetBlue,LAS,BOS,23.9,28.7,2024
12,Dec,JetBlue,MCO,LAS,21.1,35.1,2024
9,Sep,JetBlue,SEA,CLT,35.4,36.8,2024
8,Aug,Southwest,ATL,CLT,12.7,24.5,2024
11,Nov,Frontier,JFK,LGA,29.6,124.5,2024
4,Apr,JetBlue,MIA,DEN,11.7,20.9,2024
12,Dec,United,ORD,DEN,18.4,118.2,2024
7,Jul,Delta,CLT,DEN,29.8,110.6,2024
10,Oct,Spirit,MIA,DTW,37.9,38.5,2024
3,Mar,Frontier,DEN,LAX,18.4,13.6,2024
9,Sep,Alaska,EWR,LAS,5.1,156.8,2024
10,Oct,American,SFO,DTW,16.0,21.0,2024
4,Apr,Alaska,JFK,CLT,31.0,36.2,2024
2,Feb,United,LAS,DFW,37.7,46.9,2024
10,Oct,Delta,SFO,JFK,16.9,14.1,2024
5,May,American,ORD,DTW,12.2,12.1,2024
2,Feb,JetBlue,MIA,DEN,26.7,36.7,2024
10,Oct,American,BOS,MIA,37.8,48.4,2024
6,Jun,Frontier,MIA,DTW,19.7,27.9,2024
11,Nov,Spirit,LAX,SFO,27.0,19.1,2024
10,Oct,Southwest,ATL,DTW,4.3,5.7,2024
1,Jan,Southwest,LAX,MSP,11.9,23.2,2024
6,Jun,JetBlue,DTW,IAH,14.9,11.7,2024
4,Apr,Frontier,MSP,LAX,20.6,23.0,2024
3,Mar,JetBlue,DEN,LAS,15.4,22.1,2024
2,Feb,United,LAX,MIA,13.2,160.8,2024
7,Jul,United,SLC,MCO,30.4,40.4,2024
9,Sep,Alaska,LGA,MIA,29.5,27.8,2024
12,Dec,Spirit,MIA,JFK,22.4,27.4,2024
3,Mar,Southwest,EWR,ATL,20.2,21.4,2024
6,Jun,Delta,MCO,DEN,41.2,58.3,2024
9,Sep,United,IAH,DTW,11.8,10.1,2024
2,Feb,Delta,MCO,EWR,17.7,21.1,2024
7,Jul,Alaska,SEA,LAS,18.4,35.4,2024
5,May,Southwest,LAX,SLC,6.8,12.1,2024
5,May,United,LGA,MCO,53.4,57.6,2024
11,Nov,Delta,MIA,SEA,51.9,49.9,2024
7,Jul,Alaska,DTW,SEA,25.2,23.7,2024
9,Sep,Delta,EWR,EWR,29.0,36.5,2024
4,Apr,United,CLT,IAH,17.3,16.0,2024
9,Sep,JetBlue,CLT,SEA,19.3,22.4,2024
11,Nov,Alaska,ORD,LAS,15.0,-0.3,2024
10,Oct,Frontier,SFO,DEN,10.7,8.7,2024
9,Sep,Alaska,BOS,LAX,26.5,28.1,2024
4,Apr,American,ORD,DTW,63.1,68.3,2024
3,Mar,JetBlue,SLC,IAH,47.9,40.4,2024
2,Feb,Alaska,PHX,MSP,7.6,7.1,2024
9,Sep,American,SEA,BOS,30.1,29.3,2024
12,Dec,Delta,EWR,CLT,17.9,32.6,2024
2,Feb,United,EWR,CLT,31.7,37.9,2024
6,Jun,Alaska,BOS,ATL,24.7,30.4,2024
5,May,Southwest,DEN,SFO,23.2,22.6,2024
5,May,United,MCO,MSP,31.6,23.9,2024
4,Apr,JetBlue,JFK,IAH,36.1,35.2,2024
6,Jun,American,JFK,ATL,13.6,25.2,2024
5,May,United,SEA,MIA,31.8,26.1,2024
11,Nov,American,LGA,MSP,36.2,36.8,2024
4,Apr,JetBlue,BOS,MCO,8.7,8.1,2024
9,Sep,JetBlue,DTW,LAS,13.5,3.0,2024
6,Jun,United,LAX,EWR,34.4,39.4,2024
11,Nov,Frontier,SLC,MIA,25.4,37.6,2024
10,Oct,Alaska,JFK,ORD,58.5,64.2,2024
10,Oct,Southwest,IAH,LGA,13.7,11.5,2024
10,Oct,Alaska,DFW,LAX,5.0,8.0,2024
3,Mar,Spirit,DEN,LAS,34.5,22.7,2024
10,Oct,Southwest,JFK,LAS,10.6,7.9,2024
6,Jun,Frontier,CLT,EWR,13.7,18.3,2024
1,Jan,American,JFK,ATL,27.4,32.1,2024
5,May,United,SEA,LGA,24.0,31.2,2024
10,Oct,Delta,LAS,PHX,31.0,26.4,2024
6,Jun,JetBlue,JFK,MCO,16.3,24.0,2024
11,Nov,Alaska,LAX,DEN,21.2,25.9,2024
8,Aug,American,EWR,SEA,21.3,30.5,2024
11,Nov,JetBlue,MCO,MSP,15.1,20.9,2024
9,Sep,American,ATL,DEN,26.6,24.4,2024
11,Nov,United,EWR,DFW,25.2,24.2,2024
3,Mar,American,ATL,SEA,39.8,29.0,2024
2,Feb,American,ATL,SFO,5.2,23.2,2024
4,Apr,Spirit,SFO,DEN,27.9,20.0,2024
8,Aug,Delta,EWR,PHX,35.3,51.1,2024
11,Nov,American,LGA,LGA,7.0,7.2,2024
8,Aug,Southwest,EWR,JFK,0.4,10.0,2024
3,Mar,American,EWR,PHX,22.2,10.2,2024
4,Apr,American,JFK,EWR,24.1,26.8,2024
3,Mar,United,IAH,PHX,12.9,13.3,2024
10,Oct,American,ORD,DFW,9.0,11.6,2024
2,Feb,Spirit,SEA,LAX,17.1,22.2,2024
4,Apr,Delta,DFW,ATL,22.7,9.6,2024
6,Jun,Frontier,DFW,ORD,59.7,63.9,2024
11,Nov,United,LGA,MSP,13.5,12.7,2024
11,Nov,Frontier,DEN,BOS,32.0,26.0,2024
5,May,Spirit,DTW,ATL,45.6,43.5,2024
3,Mar,JetBlue,CLT,PHX,28.4,19.6,2024
2,Feb,Frontier,BOS,JFK,27.0,22.8,2024
9,Sep,Southwest,MSP,LAS,21.7,15.5,2024
1,Jan,Southwest,IAH,ATL,5.3,11.0,2024
9,Sep,Frontier,DTW,BOS,24.5,14.6,2024
1,Jan,Frontier,SLC,DEN,32.3,47.0,2024
7,Jul,JetBlue,SFO,ATL,14.5,23.2,2024
6,Jun,American,JFK,LAX,27.5,37.7,2024
7,Jul,Delta,DEN,DTW,31.5,43.0,2024
3,Mar,Delta,DFW,LAX,35.4,47.1,2024
3,Mar,Delta,IAH,DEN,16.5,18.6,2024
11,Nov,Delta,DTW,PHX,16.1,196.2,2024
1,Jan,Spirit,EWR,MCO,53.8,55.7,2024
4,Apr,American,MCO,JFK,13.3,14.6,2024
12,Dec,JetBlue,DTW,DEN,32.1,33.9,2024
2,Feb,Frontier,DEN,LAX,19.7,35.4,2024
10,Oct,Spirit,MIA,LAS,32.4,25.9,2024
8,Aug,Spirit,BOS,PHX,25.4,27.0,2024
3,Mar,JetBlue,IAH,SEA,7.2,11.2,2024
7,Jul,Frontier,DFW,JFK,19.6,22.6,2024
7,Jul,Southwest,MSP,DEN,29.2,25.9,2024
12,Dec,JetBlue,MCO,IAH,18.2,20.7,2024
9,Sep,Delta,MSP,MCO,4.4,1.9,2024
6,Jun,American,DFW,IAH,8.6,21.1,2024
1,Jan,Spirit,SFO,LAX,39.9,42.9,2024
8,Aug,United,LAX,BOS,32.9,44.4,2024
1,Jan,United,IAH,SEA,65.4,65.0,2024
3,Mar,Delta,JFK,DFW,9.8,6.4,2024
11,Nov,Alaska,EWR,MCO,10.9,13.4,2024
5,May,Southwest,ORD,DFW,24.5,21.2,2024
8,Aug,Frontier,CLT,LAS,32.5,43.0,2024
9,Sep,Frontier,MCO,LAS,29.3,20.1,2024
7,Jul,Spirit,PHX,BOS,27.9,36.4,2024
9,Sep,United,LAS,DTW,25.6,16.9,2024
11,Nov,Alaska,MIA,ORD,-4.5,4.3,2024
3,Mar,Delta,DTW,JFK,26.3,15.9,2024
5,May,Spirit,BOS,CLT,33.0,29.3,2024
10,Oct,Spirit,SFO,SLC,56.4,46.9,2024
8,Aug,Spirit,MIA,DFW,30.4,30.0,2024
12,Dec,Frontier,LGA,ATL,28.2,29.1,2024
1,Jan,American,LAS,LAS,56.2,66.5,2024
8,Aug,United,MSP,EWR,33.0,32.0,2024
7,Jul,Delta,EWR,LAS,2.3,14.9,2024
1,Jan,United,ORD,BOS,17.7,23.0,2024
10,Oct,American,DEN,DTW,13.7,17.8,2024
12,Dec,JetBlue,LGA,CLT,25.9,34.6,2024
10,Oct,Frontier,ATL,EWR,20.0,20.6,2024
12,Dec,JetBlue,LAS,SEA,32.7,26.7,2024
6,Jun,American,LGA,PHX,14.3,25.5,2024
1,Jan,American,MSP,DTW,19.9,37.4,2024
2,Feb,JetBlue,CLT,LGA,26.3,17.2,2024
5,May,American,SEA,ORD,11.8,16.7,2024
2,Feb,Spirit,SEA,DFW,30.9,30.1,2024
10,Oct,American,LAX,EWR,14.2,19.9,2024
1,Jan,American,PHX,DTW,4.9,22.6,2024
6,Jun,JetBlue,DEN,DTW,35.9,40.1,2024
8,Aug,JetBlue,EWR,EWR,32.7,30.4,2024
8,Aug,Alaska,SLC,SEA,19.3,27.5,2024
8,Aug,Frontier,ATL,IAH,12.1,14.7,2024
11,Nov,Frontier,MSP,SFO,18.7,14.9,2024
6,Jun,United,DFW,ORD,26.8,32.8,2024
11,Nov,JetBlue,SFO,JFK,14.0,22.6,2024
3,Mar,United,ATL,MCO,22.0,23.0,2024
1,Jan,Spirit,LAX,EWR,33.7,26.1,2024
2,Feb,Spirit,EWR,DFW,23.9,30.3,2024
5,May,Frontier,DTW,SLC,51.0,44.6,2024
10,Oct,JetBlue,DEN,LAX,46.5,38.3,2024
5,May,Southwest,DTW,DFW,9.8,11.4,2024
10,Oct,United,LGA,LAX,17.9,16.4,2024
1,Jan,Frontier,BOS,SFO,50.5,65.3,2024
1,Jan,Frontier,MCO,CLT,36.8,47.8,2024
9,Sep,American,BOS,LGA,34.5,39.9,2024
2,Feb,Southwest,ORD,DTW,8.9,13.7,2024
7,Jul,Alaska,LAX,MIA,14.8,18.3,2024
10,Oct,JetBlue,CLT,LGA,24.8,28.3,2024
4,Apr,Frontier,MIA,DEN,33.7,27.4,2024
7,Jul,JetBlue,PHX,DTW,21.0,24.1,2024
8,Aug,Alaska,IAH,LGA,24.6,35.6,2024
5,May,Southwest,LAX,MCO,25.0,22.8,2024
12,Dec,Delta,SFO,LAX,4.5,19.5,2024
12,Dec,Spirit,SFO,SFO,22.0,24.1,2024
1,Jan,American,SFO,DFW,18.4,31.3,2024
4,Apr,United,DTW,SEA,10.1,10.6,2024
10,Oct,Southwest,LAX,ATL,12.2,15.0,2024
3,Mar,United,LAX,PHX,6.2,4.2,2024
10,Oct,JetBlue,CLT,ATL,4.7,10.5,2024
12,Dec,Delta,MIA,ATL,16.4,28.0,2024
5,May,Alaska,PHX,DFW,27.5,21.7,2024
10,Oct,Delta,ORD,LGA,12.3,19.0,2024
10,Oct,United,LGA,DEN,53.0,58.1,2024
6,Jun,Alaska,LAS,DTW,20.2,22.7,2024
2,Feb,Spirit,CLT,JFK,31.5,47.5,2024
7,Jul,JetBlue,DTW,SFO,4.4,172.4,2024
3,Mar,Alaska,SLC,SEA,13.9,257.4,2024
1,Jan,Spirit,LGA,IAH,14.9,39.4,2024
10,Oct,Alaska,MCO,DFW,19.1,19.3,2024
3,Mar,Delta,LGA,ORD,11.5,17.7,2024
9,Sep,American,EWR,DFW,12.7,12.9,2024
10,Oct,JetBlue,MCO,EWR,30.1,31.7,2024
11,Nov,Southwest,SEA,MSP,12.7,20.4,2024
11,Nov,Frontier,SFO,MIA,19.0,15.9,2024
6,Jun,Southwest,BOS,MIA,36.5,43.4,2024
11,Nov,Southwest,ATL,DEN,36.8,34.0,2024
6,Jun,American,BOS,MCO,31.5,35.5,2024
4,Apr,JetBlue,JFK,ATL,34.3,23.5,2024
8,Aug,Alaska,EWR,DTW,3.5,6.7,2024
5,May,United,IAH,MCO,13.6,14.0,2024
7,Jul,United,SLC,SLC,11.1,19.2,2024
9,Sep,JetBlue,ORD,DEN,41.4,138.7,2024
5,May,American,ORD,MCO,12.7,8.4,2024
11,Nov,JetBlue,DEN,JFK,21.0,17.5,2024
5,May,Frontier,ORD,SLC,30.4,259.8,2024
4,Apr,United,SLC,BOS,22.9,7.0,2024
6,Jun,JetBlue,DEN,DTW,46.3,59.6,2024
2,Feb,Southwest,DTW,LGA,26.8,43.0,2024
3,Mar,Frontier,EWR,SFO,15.3,11.4,2024
1,Jan,Spirit,ATL,ATL,56.0,68.3,2024
2,Feb,Alaska,LGA,LGA,-4.1,25.9,2024
2,Feb,JetBlue,MIA,JFK,14.8,22.5,2024
8,Aug,Frontier,LAS,DFW,27.2,245.1,2024
8,Aug,Frontier,DFW,DTW,29.4,29.9,2024
2,Feb,Alaska,LAX,SEA,-2.4,23.4,2024
6,Jun,Delta,LAS,IAH,41.9,48.5,2024
5,May,JetBlue,DEN,MCO,16.3,22.1,2024
3,Mar,United,DFW,MSP,23.8,24.1,2024
5,May,Frontier,DEN,SEA,22.8,29.0,2024
5,May,Spirit,IAH,EWR,110.5,101.7,2024
5,May,United,MSP,DEN,1.7,10.2,2024
3,Mar,Frontier,DEN,ORD,24.8,27.7,2024
3,Mar,Spirit,SLC,MSP,21.8,33.7,2024
4,Apr,Alaska,ORD,CLT,34.8,42.7,2024
7,Jul,United,IAH,DFW,35.1,38.5,2024
12,Dec,Southwest,JFK,ORD,20.7,25.3,2024
12,Dec,United,JFK,LAX,15.9,21.7,2024
12,Dec,Delta,DEN,DFW,8.0,19.0,2024
2,Feb,JetBlue,ATL,JFK,27.8,25.5,2024
10,Oct,American,SEA,DFW,23.2,21.6,2024
4,Apr,United,ATL,LGA,26.5,26.4,2024
4,Apr,JetBlue,JFK,SFO,25.7,34.0,2024
1,Jan,Frontier,MCO,IAH,31.6,34.9,2024
10,Oct,Frontier,DTW,PHX,80.7,154.4,2024
8,Aug,Southwest,MIA,LGA,14.3,17.0,2024
1,Jan,JetBlue,LAX,DFW,17.2,35.7,2024
8,Aug,United,DFW,SLC,47.8,49.6,2024
7,Jul,United,MSP,SFO,6.5,10.2,2024
9,Sep,Alaska,SFO,MSP,19.1,27.3,2024
8,Aug,Spirit,JFK,ORD,20.5,25.2,2024
5,May,United,ORD,SEA,20.6,18.6,2024
8,Aug,Delta,LAS,MIA,24.2,32.1,2024
11,Nov,JetBlue,DTW,EWR,24.9,17.4,2024
10,Oct,Alaska,MCO,MCO,32.9,47.0,2024
12,Dec,Frontier,MIA,SLC,31.2,42.1,2024
12,Dec,Spirit,DEN,LAS,50.8,62.4,2024
3,Mar,American,DTW,PHX,13.7,20.2,2024
10,Oct,Delta,SLC,JFK,8.8,10.7,2024
7,Jul,American,SEA,ORD,27.8,27.7,2024
12,Dec,Frontier,SFO,MCO,39.2,45.9,2024
4,Apr,United,SFO,SEA,21.7,19.4,2024
5,May,American,ORD,JFK,27.1,15.9,2024
9,Sep,American,ORD,SEA,23.7,22.9,2024
7,Jul,Delta,IAH,DTW,7.8,3.3,2024
4,Apr,Frontier,MSP,SEA,34.8,23.3,2024
6,Jun,Delta,ATL,MIA,44.7,42.8,2024
10,Oct,JetBlue,DEN,PHX,57.2,58.4,2024
11,Nov,American,DFW,PHX,20.6,17.5,2024
7,Jul,Delta,EWR,MIA,40.6,45.5,2024
10,Oct,JetBlue,CLT,ATL,39.6,41.2,2024
9,Sep,American,IAH,CLT,3.3,13.3,2024
4,Apr,Spirit,LGA,DEN,35.2,40.9,2024
10,Oct,American,DTW,DTW,19.9,24.2,2024
3,Mar,Alaska,DTW,MCO,18.6,25.4,2024
8,Aug,Frontier,SLC,SEA,22.6,71.8,2024
1,Jan,United,JFK,LGA,10.9,19.4,2024
9,Sep,Spirit,MSP,DFW,20.3,11.7,2024
1,Jan,Frontier,IAH,DFW,27.8,28.8,2024
2,Feb,Delta,CLT,IAH,24.8,41.7,2024
8,Aug,Southwest,SFO,SLC,0.7,21.4,2024
9,Sep,Spirit,SLC,ORD,43.1,33.0,2024
7,Jul,Alaska,LGA,LAS,32.6,45.6,2024
3,Mar,Frontier,LAS,SFO,17.2,12.3,2024
7,Jul,Delta,MIA,LAX,40.0,41.3,2024
6,Jun,Alaska,DEN,LAS,46.4,62.0,2024
2,Feb,United,LAX,JFK,22.6,31.6,2024
3,Mar,Alaska,CLT,JFK,25.9,30.5,2024
11,Nov,Alaska,BOS,EWR,1.3,11.8,2024
12,Dec,JetBlue,PHX,LAX,44.8,53.2,2024
10,Oct,Spirit,PHX,EWR,28.0,26.3,2024
10,Oct,Delta,MCO,ORD,22.8,27.0,2024
12,Dec,Spirit,MIA,EWR,25.8,40.2,2024
5,May,American,PHX,BOS,15.6,10.2,2024
10,Oct,Southwest,SFO,ORD,7.2,5.3,2024
4,Apr,JetBlue,DTW,MIA,6.2,11.9,2024
2,Feb,Spirit,MSP,MIA,30.2,43.6,2024
4,Apr,Delta,DEN,EWR,14.1,9.4,2024
12,Dec,JetBlue,SLC,DEN,25.5,37.6,2024
8,Aug,Spirit,PHX,MCO,22.6,20.5,2024
5,May,American,SEA,SEA,20.3,24.4,2024
5,May,Alaska,IAH,MIA,26.8,23.8,2024
12,Dec,Southwest,ATL,MIA,7.9,18.2,2024
12,Dec,Spirit,DEN,IAH,23.9,29.9,2024
10,Oct,Spirit,MIA,SLC,31.2,44.3,2024
3,Mar,American,MCO,PHX,21.6,22.5,2024
8,Aug,Southwest,MIA,DFW,18.9,30.6,2024
6,Jun,JetBlue,EWR,PHX,19.1,27.9,2024
2,Feb,Alaska,PHX,DTW,26.7,35.8,2024
2,Feb,Alaska,CLT,JFK,18.0,20.7,2024
9,Sep,Delta,SFO,DEN,13.6,11.8,2024
7,Jul,Southwest,CLT,CLT,23.2,18.5,2024
10,Oct,Frontier,EWR,DEN,5.3,10.6,2024
9,Sep,American,JFK,JFK,19.7,11.8,2024
6,Jun,Southwest,MIA,SLC,6.7,13.4,2024
5,May,Frontier,LGA,MCO,12.9,19.6,2024
12,Dec,Spirit,CLT,LGA,15.2,27.3,2024
1,Jan,JetBlue,EWR,DTW,21.0,27.3,2024
12,Dec,Alaska,LAX,MIA,27.0,36.2,2024
6,Jun,JetBlue,DFW,DTW,19.1,29.9,2024
6,Jun,JetBlue,SLC,DEN,7.9,30.2,2024
3,Mar,Spirit,JFK,MSP,16.1,25.1,2024
3,Mar,Delta,IAH,BOS,35.7,36.5,2024
3,Mar,Frontier,MIA,SLC,55.5,61.1,2024
3,Mar,JetBlue,LAS,PHX,18.9,30.6,2024
7,Jul,Delta,ORD,MSP,23.7,36.2,2024
10,Oct,Spirit,LAX,CLT,36.6,166.0,2024
11,Nov,Spirit,IAH,MCO,32.4,24.5,2024
2,Feb,United,CLT,MSP,19.5,36.0,2024
10,Oct,Southwest,IAH,DFW,18.8,19.0,2024
10,Oct,Frontier,SLC,LAS,33.1,37.1,2024
2,Feb,Alaska,CLT,SLC,49.0,61.8,2024
3,Mar,Alaska,LGA,MCO,7.2,14.4,2024
10,Oct,American,IAH,SFO,28.4,17.2,2024
12,Dec,Alaska,IAH,CLT,15.5,24.6,2024
7,Jul,Delta,MIA,LGA,11.3,22.1,2024
3,Mar,Alaska,IAH,DTW,17.9,10.8,2024
7,Jul,Delta,ORD,DTW,43.4,113.5,2024
9,Sep,Alaska,MSP,LAS,1.7,15.7,2024
11,Nov,American,DTW,EWR,8.4,11.9,2024
10,Oct,Southwest,DFW,LAX,20.2,31.7,2024
12,Dec,JetBlue,IAH,DTW,33.0,39.5,2024
11,Nov,Southwest,DEN,DFW,10.3,24.9,2024
4,Apr,Delta,DTW,ORD,13.4,137.1,2024
7,Jul,Frontier,BOS,ORD,27.6,29.5,2024
9,Sep,Spirit,SFO,MIA,24.7,28.6,2024
8,Aug,JetBlue,BOS,DEN,32.3,35.6,2024
8,Aug,United,SEA,EWR,33.3,33.1,2024
9,Sep,American,ORD,SLC,11.1,12.5,2024
5,May,Southwest,ATL,LAS,15.0,21.9,2024
5,May,JetBlue,ORD,MIA,20.1,19.7,2024
3,Mar,American,MIA,BOS,22.0,20.6,2024
5,May,Southwest,IAH,SEA,12.7,19.1,2024
8,Aug,Delta,SFO,DTW,22.7,24.2,2024
12,Dec,Delta,LAS,LGA,10.1,31.0,2024
5,May,Spirit,DFW,MCO,45.8,32.8,2024
4,Apr,Frontier,PHX,CLT,40.2,26.7,2024
8,Aug,Frontier,IAH,CLT,36.8,36.1,2024
7,Jul,Delta,EWR,BOS,23.2,25.5,2024
6,Jun,Frontier,BOS,LAS,40.6,45.3,2024
5,May,United,SLC,BOS,13.9,9.2,2024
5,May,Alaska,ORD,SLC,33.9,26.3,2024
10,Oct,Delta,SEA,BOS,33.4,36.3,2024
2,Feb,Frontier,SLC,MIA,27.7,26.8,2024
4,Apr,Delta,LAS,JFK,14.2,17.5,2024
8,Aug,Alaska,SLC,SEA,15.9,25.2,2024
8,Aug,Delta,LGA,MIA,20.4,26.8,2024
11,Nov,JetBlue,MSP,ORD,27.9,25.7,2024
1,Jan,Spirit,LAX,EWR,37.6,42.1,2024
2,Feb,American,DFW,JFK,18.6,29.5,2024
5,May,United,MIA,LAS,25.2,28.1,2024
9,Sep,Southwest,LAX,LAS,6.4,10.9,2024
10,Oct,Alaska,DFW,JFK,3.2,2.9,2024
11,Nov,Frontier,DFW,DEN,17.5,20.3,2024
12,Dec,Frontier,MCO,ATL,17.5,21.5,2024
11,Nov,Spirit,ATL,ORD,21.0,20.3,2024
7,Jul,Spirit,MIA,ORD,23.2,31.2,2024
10,Oct,Alaska,LAX,BOS,31.3,19.1,2024
5,May,Alaska,SLC,DFW,11.7,5.0,2024
1,Jan,United,SEA,EWR,16.3,26.4,2024
6,Jun,American,MCO,MIA,39.2,33.7,2024
12,Dec,Spirit,DFW,SEA,54.8,53.9,2024
8,Aug,Delta,EWR,LAS,31.0,47.4,2024
7,Jul,Alaska,CLT,DTW,48.0,55.3,2024
2,Feb,Delta,DEN,CLT,25.9,20.1,2024
12,Dec,Southwest,DEN,SLC,52.1,63.7,2024
5,May,Alaska,CLT,LAS,39.3,34.8,2024
11,Nov,Spirit,LGA,LGA,64.0,56.9,2024
4,Apr,United,ORD,LAS,45.4,56.0,2024
9,Sep,United,IAH,ORD,14.3,3.4,2024
10,Oct,Spirit,MIA,EWR,28.2,17.6,2024
1,Jan,Spirit,JFK,MSP,32.0,40.1,2024
12,Dec,Southwest,BOS,LGA,18.0,22.3,2024
6,Jun,United,LGA,DFW,24.8,28.3,2024
3,Mar,United,DTW,LAS,2.1,5.0,2024
11,Nov,United,JFK,LAS,20.2,121.7,2024
9,Sep,Alaska,PHX,IAH,39.5,39.0,2024
5,May,Southwest,EWR,DTW,21.2,10.7,2024
6,Jun,Alaska,IAH,MCO,9.4,26.1,2024
11,Nov,Southwest,MCO,ORD,25.0,27.7,2024
9,Sep,Frontier,JFK,DFW,33.2,25.5,2024
9,Sep,American,SLC,ATL,24.8,15.3,2024
8,Aug,United,ORD,IAH,27.9,25.9,2024
9,Sep,American,BOS,DFW,11.6,21.6,2024
4,Apr,Frontier,EWR,PHX,26.4,26.8,2024
6,Jun,JetBlue,ORD,DFW,38.5,34.5,2024
5,May,JetBlue,EWR,LGA,29.6,15.4,2024
5,May,United,DFW,SEA,14.6,19.9,2024
4,Apr,Delta,MCO,SLC,10.7,23.1,2024
2,Feb,Spirit,MSP,LAS,31.8,45.0,2024
12,Dec,JetBlue,DFW,EWR,37.8,38.9,2024
6,Jun,Delta,DFW,CLT,-0.4,7.6,2024
9,Sep,Frontier,SFO,MCO,23.5,15.3,2024
12,Dec,American,BOS,EWR,23.3,34.6,2024
1,Jan,United,LAX,BOS,28.1,43.7,2024
7,Jul,Spirit,EWR,IAH,31.0,25.8,2024
6,Jun,American,SFO,SFO,10.5,161.8,2024
3,Mar,Alaska,SLC,EWR,22.1,12.9,2024
1,Jan,American,MIA,SLC,8.9,9.8,2024
4,Apr,Southwest,ATL,JFK,7.3,11.3,2024
9,Sep,United,LAS,JFK,21.9,23.8,2024
2,Feb,Southwest,DEN,JFK,3.0,24.9,2024
3,Mar,American,LGA,CLT,16.0,81.7,2024
2,Feb,Delta,ATL,LAX,24.3,30.3,2024
2,Feb,United,LGA,LAS,30.5,257.9,2024
10,Oct,United,BOS,SEA,16.4,15.8,2024
11,Nov,JetBlue,MSP,SFO,20.6,10.8,2024
11,Nov,Delta,MIA,EWR,18.5,16.3,2024
8,Aug,Alaska,MSP,CLT,13.8,27.1,2024
3,Mar,Delta,MSP,LAS,17.5,15.3,2024
7,Jul,Frontier,JFK,MCO,27.1,30.4,2024
8,Aug,American,JFK,CLT,28.5,31.3,2024
3,Mar,Frontier,MCO,LAX,32.1,22.9,2024
2,Feb,American,PHX,MCO,42.8,42.5,2024
8,Aug,American,SLC,DTW,17.3,22.3,2024
3,Mar,JetBlue,ORD,MIA,15.9,19.1,2024
7,Jul,Delta,SFO,ORD,18.6,23.2,2024
12,Dec,Southwest,DEN,LAX,40.1,50.3,2024
1,Jan,Delta,SEA,IAH,19.6,29.1,2024
12,Dec,Southwest,DEN,DTW,10.0,22.6,2024
6,Jun,United,BOS,DEN,23.1,26.1,2024
12,Dec,Southwest,DFW,BOS,17.4,19.8,2024
12,Dec,Spirit,SLC,DTW,35.0,38.6,2024
9,Sep,United,IAH,JFK,13.3,12.2,2024
12,Dec,Frontier,ORD,SEA,8.4,28.8,2024
3,Mar,Frontier,SFO,SFO,22.5,18.9,2024
7,Jul,Alaska,SEA,SFO,9.3,13.4,2024
6,Jun,Alaska,CLT,BOS,15.4,19.9,2024
8,Aug,Spirit,LGA,SFO,42.3,51.7,2024
3,Mar,American,SLC,BOS,11.4,16.7,2024
3,Mar,Spirit,DFW,EWR,37.4,33.3,2024
4,Apr,Delta,EWR,SFO,30.3,21.6,2024
3,Mar,American,MSP,SEA,29.6,21.6,2024
9,Sep,Delta,BOS,ATL,13.1,15.7,2024
11,Nov,Southwest,DFW,MSP,8.0,18.6,2024
4,Apr,Frontier,BOS,SLC,7.8,13.9,2024
6,Jun,Frontier,LGA,ATL,18.8,25.6,2024
8,Aug,Delta,LAS,IAH,16.9,23.9,2024
11,Nov,Frontier,BOS,SFO,27.8,28.8,2024
8,Aug,Southwest,CLT,LGA,3.9,6.5,2024
5,May,Delta,MCO,CLT,19.9,19.6,2024
5,May,Spirit,LAX,SLC,14.3,10.4,2024
6,Jun,Spirit,LAS,DFW,23.4,28.0,2024
10,Oct,Spirit,DTW,LGA,29.1,18.9,2024
7,Jul,Spirit,DFW,SFO,31.8,25.5,2024
10,Oct,United,DFW,EWR,21.4,11.3,2024
7,Jul,Southwest,JFK,LGA,6.1,21.2,2024
4,Apr,Spirit,DEN,MCO,48.8,39.9,2024
6,Jun,American,LGA,CLT,10.8,30.9,2024
7,Jul,American,MSP,LAS,29.1,41.6,2024
5,May,American,MCO,MSP,1.4,2.4,2024
5,May,American,LGA,SFO,14.4,9.2,2024
2,Feb,United,SLC,SLC,14.9,27.3,2024
7,Jul,United,ATL,MIA,17.8,16.7,2024
12,Dec,JetBlue,LGA,SEA,31.0,36.7,2024
6,Jun,JetBlue,ORD,LGA,18.9,13.4,2024
11,Nov,Spirit,DTW,DFW,7.3,21.0,2024
1,Jan,JetBlue,BOS,DFW,14.6,31.7,2024
4,Apr,Alaska,CLT,IAH,17.2,18.9,2024
3,Mar,Spirit,JFK,LGA,43.9,45.6,2024
12,Dec,JetBlue,MCO,ORD,52.5,62.5,2024
3,Mar,Delta,LAX,LAS,18.7,5.8,2024
7,Jul,Alaska,DFW,JFK,38.1,32.0,2024
11,Nov,Southwest,MSP,LAX,11.4,13.1,2024
12,Dec,American,MSP,BOS,7.8,17.6,2024
10,Oct,Delta,LGA,CLT,29.6,19.8,2024
4,Apr,Alaska,JFK,LAS,12.3,8.4,2024
12,Dec,Spirit,MIA,LAX,24.7,27.2,2024
8,Aug,United,SLC,BOS,25.2,25.9,2024
11,Nov,American,EWR,EWR,57.2,56.1,2024
9,Sep,Southwest,SEA,SFO,28.4,30.2,2024
3,Mar,Southwest,ATL,ATL,13.4,13.3,2024
5,May,Spirit,PHX,SFO,19.7,12.6,2024
4,Apr,Spirit,LAX,ORD,31.1,23.6,2024
12,Dec,United,SLC,MCO,41.2,220.3,2024
10,Oct,American,DTW,DEN,14.1,11.9,2024
6,Jun,JetBlue,ORD,ORD,29.0,27.8,2024
11,Nov,American,LAS,CLT,15.9,7.5,2024
10,Oct,American,SEA,JFK,26.6,33.0,2024
4,Apr,Southwest,MIA,CLT,13.2,16.2,2024
8,Aug,Frontier,CLT,ORD,22.4,29.5,2024
3,Mar,United,JFK,ATL,20.0,14.0,2024
11,Nov,American,LAX,LAX,15.2,10.1,2024
5,May,Delta,ATL,DFW,21.1,18.3,2024
1,Jan,Delta,ORD,DTW,38.5,51.7,2024
6,Jun,Spirit,IAH,DTW,18.3,23.4,2024
11,Nov,United,DTW,PHX,8.7,9.1,2024
5,May,JetBlue,LGA,MIA,30.3,16.3,2024
8,Aug,Alaska,LAX,DFW,3.2,23.3,2024
9,Sep,American,SLC,CLT,14.4,22.9,2024
8,Aug,Alaska,LAS,MCO,27.6,36.5,2024
8,Aug,American,SEA,DFW,15.0,17.0,2024
12,Dec,Southwest,PHX,MCO,23.6,22.2,2024
3,Mar,American,LAS,MCO,23.3,17.0,2024
4,Apr,Alaska,SEA,EWR,11.4,18.2,2024
11,Nov,JetBlue,SFO,LAX,62.9,145.1,2024
4,Apr,American,JFK,MSP,30.6,24.0,2024
11,Nov,American,LAX,SEA,18.6,9.2,2024
5,May,Spirit,LAS,MSP,44.4,31.7,2024
9,Sep,Southwest,LAS,MCO,12.6,15.7,2024
12,Dec,Frontier,SLC,SEA,20.5,57.3,2024
9,Sep,Frontier,LAS,DFW,11.0,25.5,2024
10,Oct,Delta,LAX,DEN,17.0,8.7,2024
12,Dec,Delta,SLC,JFK,6.8,12.0,2024
1,Jan,Spirit,EWR,SLC,10.8,19.4,2024
8,Aug,JetBlue,DTW,PHX,7.9,24.4,2024
1,Jan,United,MCO,ORD,24.0,35.1,2024
2,Feb,United,ATL,MSP,42.8,59.4,2024
7,Jul,Southwest,MSP,LAS,37.7,41.9,2024
8,Aug,Alaska,LAX,LGA,27.2,23.6,2024
1,Jan,Alaska,DTW,PHX,19.5,32.4,2024
3,Mar,American,ATL,BOS,17.3,18.5,2024
7,Jul,Frontier,CLT,MSP,14.5,9.2,2024
9,Sep,Frontier,IAH,PHX,22.9,35.1,2024
8,Aug,Southwest,LAS,SLC,5.8,1.5,2024
8,Aug,Alaska,SEA,SLC,25.5,19.1,2024
9,Sep,Delta,SFO,LGA,7.7,13.8,2024
10,Oct,Spirit,LAS,DEN,18.5,14.9,2024
3,Mar,JetBlue,LAS,SEA,12.7,9.3,2024
8,Aug,Frontier,MIA,DEN,29.1,24.6,2024
1,Jan,Frontier,DFW,CLT,19.6,15.2,2024
8,Aug,United,SFO,DFW,13.6,17.9,2024
7,Jul,Spirit,SFO,MSP,11.6,11.2,2024
8,Aug,American,DFW,LGA,42.6,35.2,2024
1,Jan,Spirit,BOS,DEN,19.8,32.3,2024
6,Jun,United,LGA,ATL,13.6,230.8,2024
7,Jul,Delta,MCO,CLT,37.9,47.4,2024
11,Nov,American,ORD,PHX,24.6,21.4,2024
5,May,Delta,LAS,MIA,4.7,17.9,2024
5,May,United,DEN,IAH,14.0,1.9,2024
7,Jul,United,MCO,MSP,8.5,16.2,2024
11,Nov,Delta,EWR,MCO,12.9,15.7,2024
3,Mar,American,SEA,EWR,11.4,6.8,2024
6,Jun,Delta,EWR,SLC,8.3,16.7,2024
7,Jul,American,SLC,BOS,24.4,29.9,2024
1,Jan,Southwest,EWR,DTW,40.7,51.4,2024
12,Dec,Southwest,IAH,LAX,10.0,29.8,2024
2,Feb,American,CLT,PHX,29.7,39.8,2024
12,Dec,Delta,IAH,DFW,11.3,25.9,2024
4,Apr,Spirit,DTW,ATL,9.1,12.1,2024
8,Aug,Spirit,EWR,LGA,28.8,37.5,2024
11,Nov,American,DEN,MIA,15.3,18.3,2024
10,Oct,Frontier,SEA,SFO,29.4,21.3,2024
6,Jun,United,EWR,LGA,41.4,42.7,2024
1,Jan,Frontier,ATL,LGA,52.8,66.6,2024
10,Oct,Spirit,MIA,LAS,21.5,15.7,2024
5,May,Delta,MIA,PHX,26.7,25.8,2024
7,Jul,Alaska,LAX,JFK,17.3,29.0,2024
6,Jun,American,SLC,LGA,21.3,17.8,2024
12,Dec,United,DEN,EWR,7.0,30.7,2024
9,Sep,JetBlue,ORD,SFO,14.9,1.7,2024
8,Aug,United,SEA,SLC,24.7,26.1,2024
4,Apr,Alaska,DFW,DFW,5.3,6.6,2024
11,Nov,American,MSP,MCO,5.6,7.8,2024
12,Dec,Delta,DTW,LGA,15.7,35.3,2024
5,May,Delta,ATL,LAS,17.2,161.9,2024
7,Jul,Southwest,DEN,MIA,38.9,45.3,2024
8,Aug,Alaska,SFO,ATL,9.5,26.2,2024
5,May,American,JFK,SFO,11.7,17.5,2024
9,Sep,United,CLT,DEN,16.3,18.4,2024
10,Oct,United,CLT,DEN,16.8,25.0,2024
12,Dec,Alaska,SEA,ATL,33.7,28.5,2024
4,Apr,American,LAX,JFK,11.9,17.4,2024
4,Apr,United,DTW,MSP,31.6,28.2,2024
8,Aug,Spirit,EWR,CLT,47.4,32.6,2024
1,Jan,JetBlue,PHX,DFW,25.7,33.9,2024
8,Aug,Alaska,CLT,LGA,33.4,34.0,2024
5,May,Southwest,DFW,MSP,3.1,17.2,2024
11,Nov,Delta,BOS,MIA,50.4,42.8,2024
1,Jan,Frontier,PHX,DFW,41.8,52.6,2024
4,Apr,United,LAX,SFO,8.2,15.8,2024
2,Feb,JetBlue,DFW,SLC,24.3,37.9,2024
4,Apr,American,MCO,SFO,11.8,13.9,2024
8,Aug,United,JFK,DTW,16.7,15.9,2024
5,May,Alaska,DTW,EWR,30.0,20.6,2024
1,Jan,American,ORD,LAS,10.1,22.0,2024
7,Jul,Frontier,CLT,LAX,25.8,31.1,2024
1,Jan,JetBlue,ATL,EWR,8.4,19.4,2024
9,Sep,JetBlue,SLC,DEN,23.5,18.4,2024
3,Mar,Spirit,ATL,BOS,8.8,7.4,2024
12,Dec,Delta,MSP,MCO,11.0,7.2,2024
3,Mar,American,SEA,CLT,11.7,13.7,2024
6,Jun,Southwest,IAH,ORD,10.0,13.5,2024
10,Oct,Frontier,ORD,LAS,20.5,18.9,2024
6,Jun,Delta,IAH,SFO,14.8,29.1,2024
11,Nov,American,MCO,DFW,11.7,1.7,2024
11,Nov,Spirit,LAS,LAS,21.4,21.3,2024
6,Jun,American,JFK,CLT,20.9,26.7,2024
1,Jan,Spirit,MCO,SFO,24.5,23.0,2024
5,May,JetBlue,LAX,MIA,14.6,20.5,2024
12,Dec,Alaska,DFW,SLC,1.3,18.9,2024
6,Jun,JetBlue,IAH,MIA,7.8,11.2,2024
8,Aug,American,SFO,ATL,7.0,11.8,2024
1,Jan,Alaska,MIA,MSP,8.0,20.7,2024
5,May,Alaska,DEN,MSP,20.3,24.5,2024
3,Mar,JetBlue,SEA,LAX,19.0,13.6,2024
2,Feb,Spirit,MIA,LGA,14.1,24.8,2024
11,Nov,Spirit,MCO,SLC,27.8,24.4,2024
8,Aug,Spirit,MCO,CLT,20.4,24.7,2024
7,Jul,American,CLT,SLC,6.5,5.1,2024
10,Oct,American,ORD,PHX,5.0,16.7,2024
7,Jul,Alaska,SFO,PHX,17.8,26.5,2024
5,May,Delta,SEA,LAS,8.3,22.1,2024
12,Dec,Delta,MIA,SLC,20.4,32.2,2024
9,Sep,Southwest,PHX,MIA,25.3,27.6,2024
5,May,Delta,MCO,JFK,7.8,7.5,2024
2,Feb,United,LAS,LAX,31.4,57.7,2024
3,Mar,Frontier,CLT,PHX,49.0,38.4,2024
4,Apr,United,MCO,CLT,10.7,15.8,2024
5,May,JetBlue,DEN,DEN,25.9,24.5,2024
3,Mar,Alaska,CLT,IAH,1.9,6.3,2024
12,Dec,United,DFW,SFO,35.0,44.7,2024
7,Jul,Delta,DEN,ORD,15.0,13.2,2024
5,May,Alaska,CLT,EWR,26.8,30.5,2024
5,May,Frontier,LGA,LGA,30.2,21.9,2024
6,Jun,Southwest,SEA,LAX,14.1,18.1,2024
7,Jul,American,SLC,EWR,13.3,17.8,2024
10,Oct,Southwest,LAS,MCO,21.8,15.8,2024
10,Oct,Frontier,PHX,ATL,17.3,18.6,2024
8,Aug,Delta,DEN,DTW,19.3,25.2,2024
9,Sep,Frontier,PHX,EWR,27.9,16.7,2024
11,Nov,Delta,ATL,LAS,15.0,12.8,2024
4,Apr,Frontier,DFW,LGA,35.6,23.6,2024
5,May,Delta,DEN,SEA,20.8,10.0,2024
5,May,JetBlue,SFO,LAS,21.9,19.9,2024
8,Aug,United,DEN,LAX,14.3,23.8,2024
9,Sep,Frontier,MCO,MSP,63.1,47.6,2024
7,Jul,Delta,SEA,ATL,11.8,12.1,2024
5,May,Frontier,LGA,SFO,41.5,34.3,2024
3,Mar,American,ATL,IAH,12.7,28.0,2024
1,Jan,United,IAH,DEN,23.7,40.3,2024
11,Nov,United,BOS,SFO,15.4,13.2,2024
9,Sep,JetBlue,ORD,BOS,5.7,15.9,2024
5,May,Southwest,MCO,LGA,4.6,23.6,2024
9,Sep,Alaska,DTW,DEN,1.5,-1.0,2024
10,Oct,United,EWR,BOS,5.2,8.8,2024
12,Dec,United,IAH,SLC,19.1,33.4,2024
4,Apr,Delta,PHX,MSP,15.9,10.8,2024
5,May,American,CLT,EWR,45.5,38.5,2024
4,Apr,Delta,PHX,SLC,22.7,21.9,2024
2,Feb,American,ATL,PHX,24.3,34.3,2024
12,Dec,United,SLC,BOS,33.1,130.8,2024
1,Jan,American,LAX,SFO,38.6,44.3,2024
8,Aug,Delta,MSP,DTW,0.9,16.2,2024
4,Apr,Delta,EWR,PHX,9.7,13.4,2024
5,May,Southwest,SEA,SEA,7.4,13.2,2024
6,Jun,Frontier,ORD,CLT,39.0,45.2,2024
8,Aug,JetBlue,SLC,EWR,22.8,21.4,2024
11,Nov,Southwest,DTW,SEA,18.9,27.2,2024
8,Aug,United,MIA,DFW,50.0,46.5,2024
7,Jul,American,BOS,LGA,6.1,12.3,2024
4,Apr,Delta,MIA,DFW,6.7,26.3,2024
6,Jun,Delta,MIA,MIA,-1.0,10.1,2024
4,Apr,Frontier,IAH,MSP,29.6,6.7,2024
7,Jul,Delta,PHX,JFK,37.5,25.0,2024
12,Dec,Frontier,EWR,DTW,74.5,83.8,2024
12,Dec,Alaska,SEA,SFO,8.2,17.7,2024
11,Nov,Delta,JFK,BOS,13.7,13.6,2024
1,Jan,Alaska,SLC,ATL,10.0,20.7,2024
5,May,United,MSP,PHX,7.3,4.7,2024
10,Oct,JetBlue,CLT,ATL,18.3,21.1,2024
12,Dec,Frontier,MSP,EWR,27.9,42.2,2024
10,Oct,Southwest,ATL,SFO,17.6,34.1,2024
4,Apr,Alaska,LAX,MCO,23.3,21.7,2024
11,Nov,Southwest,MSP,JFK,8.5,6.4,2024
7,Jul,Frontier,LAX,IAH,31.1,28.6,2024
9,Sep,Alaska,MIA,MCO,4.7,11.3,2024
5,May,Delta,MSP,DFW,27.1,29.4,2024
4,Apr,Delta,PHX,EWR,17.1,17.8,2024
9,Sep,American,CLT,ATL,24.8,20.2,2024
5,May,Delta,ATL,MCO,13.8,20.1,2024
9,Sep,Southwest,DTW,LAX,24.5,13.5,2024
8,Aug,American,PHX,EWR,13.5,21.5,2024
4,Apr,Spirit,IAH,LAS,25.6,16.7,2024
11,Nov,American,MIA,CLT,2.8,15.6,2024
11,Nov,Delta,SFO,EWR,16.0,35.5,2024
7,Jul,Spirit,CLT,LAS,7.5,18.3,2024
5,May,Spirit,ORD,SFO,51.5,47.7,2024
10,Oct,American,LAX,PHX,16.6,16.3,2024
4,Apr,JetBlue,SEA,SFO,33.6,31.9,2024
5,May,Delta,SEA,MSP,44.8,43.6,2024
5,May,JetBlue,MIA,LAX,45.0,45.9,2024
11,Nov,Delta,EWR,BOS,20.8,20.9,2024
9,Sep,Alaska,LAX,MSP,20.5,15.0,2024
12,Dec,JetBlue,DEN,ORD,12.5,22.9,2024
9,Sep,Frontier,SFO,MIA,19.6,11.9,2024
6,Jun,Spirit,MCO,SEA,50.7,51.1,2024
4,Apr,Delta,MSP,MIA,19.2,17.6,2024
2,Feb,Frontier,LAX,IAH,27.9,37.0,2024
3,Mar,Frontier,ORD,SFO,20.3,16.6,2024
2,Feb,Southwest,LAS,BOS,7.0,22.4,2024
5,May,Alaska,PHX,JFK,-0.3,3.3,2024
6,Jun,Alaska,MSP,PHX,9.7,16.7,2024
11,Nov,Alaska,MSP,MCO,18.7,0.8,2024
5,May,Frontier,DEN,CLT,23.9,27.8,2024
2,Feb,Delta,SFO,MCO,23.4,22.6,2024
12,Dec,Southwest,LGA,CLT,5.9,17.2,2024
5,May,United,CLT,SLC,41.9,33.8,2024
9,Sep,Alaska,DEN,JFK,15.7,20.3,2024
4,Apr,United,SFO,SLC,18.5,23.1,2024
12,Dec,Delta,LAX,CLT,14.7,28.9,2024
10,Oct,Frontier,IAH,MCO,26.0,11.5,2024
2,Feb,Alaska,PHX,MCO,11.0,25.8,2024
3,Mar,Southwest,ATL,IAH,5.1,62.2,2024
3,Mar,Southwest,DTW,LAX,12.6,12.1,2024
9,Sep,Alaska,SLC,SFO,11.9,109.8,2024
4,Apr,Spirit,EWR,DEN,25.2,14.6,2024
1,Jan,American,SLC,ORD,14.0,33.0,2024
1,Jan,American,JFK,JFK,6.2,18.8,2024
7,Jul,Alaska,BOS,JFK,26.0,36.4,2024
7,Jul,Frontier,ORD,ATL,14.4,21.0,2024
2,Feb,Spirit,SFO,SLC,26.9,46.5,2024
9,Sep,JetBlue,ORD,BOS,15.1,6.7,2024
9,Sep,American,LGA,DEN,8.5,20.6,2024
5,May,Delta,CLT,SFO,13.1,15.5,2024
3,Mar,American,SLC,MCO,25.3,34.4,2024
3,Mar,American,SLC,SEA,34.5,39.2,2024
12,Dec,Spirit,MIA,SLC,19.9,13.0,2024
3,Mar,Delta,MCO,JFK,14.3,6.3,2024
6,Jun,Delta,LAX,CLT,23.6,33.9,2024
4,Apr,Spirit,SFO,JFK,16.5,15.6,2024
8,Aug,JetBlue,SLC,LAS,8.8,19.3,2024
11,Nov,Southwest,SFO,DFW,24.5,12.7,2024
11,Nov,American,PHX,EWR,39.8,35.2,2024
11,Nov,Frontier,BOS,PHX,26.6,14.5,2024
5,May,Alaska,IAH,ATL,18.9,13.7,2024
1,Jan,Alaska,JFK,MIA,9.1,31.7,2024
9,Sep,United,MCO,LGA,23.7,16.4,2024
1,Jan,Southwest,SEA,IAH,12.3,29.1,2024
6,Jun,Delta,DEN,MCO,21.3,27.3,2024
1,Jan,Alaska,ORD,MCO,21.4,33.0,2024
3,Mar,Spirit,LAX,CLT,26.7,28.3,2024
10,Oct,American,JFK,JFK,18.1,18.7,2024
5,May,JetBlue,SFO,EWR,16.3,20.6,2024
10,Oct,Spirit,SEA,LAX,44.2,51.8,2024
7,Jul,Frontier,DFW,ORD,25.9,39.8,2024
10,Oct,United,BOS,LGA,11.3,2.6,2024
8,Aug,Southwest,BOS,SEA,31.2,28.0,2024
12,Dec,American,LGA,MCO,19.5,36.0,2024
9,Sep,Frontier,SLC,CLT,16.6,14.0,2024
6,Jun,Delta,LAS,MSP,5.0,14.7,2024
11,Nov,Southwest,BOS,SLC,12.3,9.3,2024
9,Sep,Spirit,LGA,ATL,17.6,20.5,2024
8,Aug,Spirit,PHX,BOS,46.1,52.7,2024
9,Sep,United,SLC,IAH,40.9,41.7,2024
10,Oct,Frontier,MIA,IAH,35.3,35.1,2024
4,Apr,Delta,MCO,ORD,13.3,11.7,2024
9,Sep,United,MSP,IAH,24.7,18.8,2024
7,Jul,American,DFW,LGA,25.1,34.8,2024
5,May,Southwest,CLT,MIA,12.3,12.6,2024
5,May,JetBlue,BOS,DEN,12.4,15.1,2024
1,Jan,Spirit,PHX,SFO,45.1,47.7,2024
2,Feb,American,SFO,IAH,21.2,32.7,2024
10,Oct,Alaska,LAX,SFO,39.7,48.1,2024
3,Mar,American,SFO,IAH,45.3,41.8,2024
8,Aug,JetBlue,SEA,LAX,29.3,38.8,2024
6,Jun,JetBlue,SLC,JFK,13.3,9.8,2024
12,Dec,Alaska,JFK,SEA,7.1,24.2,2024
10,Oct,Alaska,SEA,LGA,36.7,44.5,2024
11,Nov,Delta,MCO,DFW,10.9,3.0,2024
5,May,United,DFW,LGA,7.3,12.3,2024
1,Jan,American,MCO,EWR,17.6,23.5,2024
12,Dec,Delta,LAS,CLT,8.9,16.7,2024
11,Nov,Alaska,DEN,CLT,5.9,10.3,2024
12,Dec,Delta,JFK,SEA,36.4,52.3,2024
9,Sep,American,SLC,LGA,30.2,34.9,2024
3,Mar,United,BOS,SLC,14.2,16.4,2024
3,Mar,JetBlue,DEN,ATL,17.9,12.4,2024
2,Feb,American,DEN,MSP,19.9,33.3,2024
4,Apr,United,IAH,JFK,8.2,13.5,2024
12,Dec,JetBlue,JFK,PHX,8.8,214.1,2024
2,Feb,Spirit,LAS,ATL,18.3,16.1,2024
9,Sep,Spirit,MIA,BOS,19.0,16.5,2024
12,Dec,Spirit,DTW,SLC,15.8,36.1,2024
10,Oct,Southwest,LAX,CLT,20.3,36.2,2024
7,Jul,American,DTW,DEN,62.0,69.9,2024
8,Aug,Spirit,SLC,LAX,32.3,28.8,2024
3,Mar,Alaska,PHX,SLC,10.6,4.5,2024
6,Jun,Frontier,DEN,DTW,27.0,26.5,2024
10,Oct,American,DFW,LAS,12.2,11.6,2024
6,Jun,Alaska,SFO,ATL,43.3,40.3,2024
1,Jan,United,MSP,MSP,28.7,49.0,2024
6,Jun,Delta,PHX,LGA,18.1,25.4,2024
3,Mar,Delta,PHX,LAX,23.7,15.5,2024
11,Nov,Frontier,DFW,DTW,21.1,10.5,2024
3,Mar,United,EWR,MCO,29.6,26.9,2024
3,Mar,American,CLT,JFK,23.6,25.8,2024
10,Oct,American,MIA,JFK,27.2,16.6,2024
11,Nov,Alaska,SLC,IAH,17.4,22.3,2024
11,Nov,Frontier,ORD,SLC,45.2,19.2,2024
10,Oct,American,CLT,LAS,11.7,17.6,2024
11,Nov,Southwest,EWR,CLT,16.0,11.0,2024
8,Aug,Alaska,DTW,SFO,14.8,7.1,2024
5,May,Frontier,DEN,JFK,21.6,15.5,2024
4,Apr,Delta,LGA,DEN,10.8,8.8,2024
9,Sep,Frontier,IAH,SLC,28.0,33.0,2024
9,Sep,Frontier,SLC,MCO,30.4,30.3,2024
1,Jan,Spirit,ATL,ATL,25.2,35.8,2024
2,Feb,Southwest,LAS,SFO,23.5,33.6,2024
8,Aug,American,DTW,IAH,13.6,23.5,2024
5,May,Spirit,MCO,SEA,32.2,38.6,2024
7,Jul,Delta,MCO,BOS,23.5,39.3,2024
1,Jan,Spirit,MIA,PHX,30.4,39.0,2024
12,Dec,Alaska,LAX,JFK,20.9,42.0,2024
10,Oct,American,MCO,EWR,4.7,9.0,2024
12,Dec,Alaska,DEN,SLC,40.6,229.7,2024
5,May,American,CLT,IAH,21.4,19.0,2024
11,Nov,United,BOS,MSP,25.6,17.6,2024
12,Dec,Delta,DTW,MCO,20.4,29.0,2024
3,Mar,Frontier,MIA,SFO,38.3,147.7,2024
10,Oct,American,LAS,SFO,9.4,17.9,2024
12,Dec,JetBlue,MCO,EWR,18.2,31.3,2024
12,Dec,JetBlue,SEA,PHX,23.7,36.8,2024
2,Feb,Spirit,BOS,CLT,48.3,52.1,2024
2,Feb,Spirit,ORD,DTW,10.9,23.4,2024
9,Sep,Alaska,CLT,BOS,11.8,12.0,2024
4,Apr,American,SEA,CLT,18.6,14.8,2024
4,Apr,Spirit,SFO,SEA,13.9,11.8,2024
7,Jul,United,LGA,SFO,22.0,19.2,2024
10,Oct,Alaska,BOS,LAS,25.8,21.2,2024
10,Oct,American,MCO,DTW,15.3,15.6,2024
2,Feb,Spirit,IAH,SFO,36.0,37.7,2024
3,Mar,Spirit,IAH,BOS,19.6,6.5,2024
3,Mar,Frontier,CLT,DTW,42.6,46.9,2024
6,Jun,Frontier,ORD,MIA,30.9,34.2,2024
3,Mar,JetBlue,SLC,SLC,54.7,58.4,2024
11,Nov,Delta,CLT,JFK,43.5,34.4,2024
5,May,Spirit,EWR,ORD,29.0,20.1,2024
4,Apr,United,LGA,JFK,12.9,12.3,2024
3,Mar,American,ATL,LAS,8.9,8.1,2024
8,Aug,Spirit,MIA,LAX,34.5,28.2,2024
10,Oct,JetBlue,JFK,JFK,8.3,17.3,2024
3,Mar,Spirit,LAS,DTW,16.6,10.8,2024
6,Jun,Spirit,MCO,SLC,23.8,25.4,2024
7,Jul,Delta,EWR,DFW,14.8,24.6,2024
7,Jul,JetBlue,JFK,DTW,10.5,17.5,2024
2,Feb,Alaska,BOS,PHX,2.3,9.2,2024
3,Mar,United,SLC,JFK,56.6,55.6,2024
12,Dec,Alaska,MSP,MIA,16.2,34.6,2024
10,Oct,Southwest,MSP,MSP,20.4,19.1,2024
10,Oct,Frontier,DFW,IAH,21.6,3.8,2024
4,Apr,American,LAS,MCO,59.1,59.2,2024
7,Jul,Alaska,DTW,DTW,10.9,17.1,2024
2,Feb,Delta,DTW,MCO,3.9,9.8,2024
3,Mar,United,LGA,MCO,25.2,18.8,2024
7,Jul,Spirit,DEN,MIA,39.3,42.4,2024
7,Jul,Frontier,SLC,DEN,31.3,33.1,2024
10,Oct,Frontier,LAX,SEA,20.2,16.0,2024
3,Mar,Spirit,MSP,DFW,22.0,22.5,2024
12,Dec,United,MIA,BOS,24.9,18.7,2024
1,Jan,Spirit,LAX,JFK,30.0,30.6,2024
12,Dec,Spirit,ATL,SEA,18.8,13.8,2024
3,Mar,Southwest,ORD,DFW,29.0,30.9,2024
5,May,Southwest,BOS,MCO,25.8,19.4,2024
7,Jul,Frontier,SFO,PHX,26.1,25.3,2024
4,Apr,American,ATL,MIA,27.8,26.4,2024
11,Nov,Alaska,LAS,CLT,11.5,15.6,2024
11,Nov,American,IAH,DEN,19.1,7.1,2024
1,Jan,Alaska,MCO,ORD,18.2,22.6,2024
6,Jun,Alaska,JFK,CLT,8.3,18.9,2024
2,Feb,Spirit,LAS,LAX,19.2,33.4,2024
12,Dec,United,SEA,LAX,9.4,29.5,2024
3,Mar,Alaska,IAH,SEA,9.3,9.5,2024
4,Apr,American,CLT,DTW,23.9,19.6,2024
6,Jun,Frontier,ATL,LAS,56.2,49.3,2024
6,Jun,American,DTW,DEN,29.1,44.6,2024
7,Jul,Southwest,IAH,BOS,-3.4,9.7,2024
5,May,United,SLC,PHX,5.4,5.8,2024
7,Jul,Frontier,SLC,ATL,26.7,24.5,2024
2,Feb,Frontier,PHX,SLC,18.1,19.5,2024
1,Jan,JetBlue,MCO,MIA,22.9,23.6,2024
12,Dec,JetBlue,JFK,LGA,18.7,16.5,2024
10,Oct,Frontier,LGA,ORD,12.1,18.5,2024
8,Aug,Delta,DTW,ATL,26.3,157.8,2024
1,Jan,Southwest,MSP,LGA,31.0,37.2,2024
12,Dec,Delta,SEA,JFK,6.1,20.2,2024
2,Feb,United,PHX,MSP,34.0,30.6,2024
11,Nov,Spirit,LAS,MCO,25.1,23.3,2024
12,Dec,JetBlue,DEN,DFW,15.9,26.4,2024
10,Oct,Spirit,DFW,DEN,23.9,14.7,2024
6,Jun,JetBlue,JFK,CLT,24.6,30.2,2024
1,Jan,Frontier,JFK,DTW,19.9,18.9,2024
10,Oct,JetBlue,MSP,SLC,7.6,18.2,2024
3,Mar,Delta,DFW,CLT,14.3,7.8,2024
7,Jul,Spirit,SEA,BOS,38.0,40.9,2024
12,Dec,American,DEN,IAH,16.2,18.9,2024
8,Aug,Delta,LAX,DTW,11.0,13.0,2024
4,Apr,Spirit,LAS,PHX,36.5,29.2,2024
12,Dec,JetBlue,MIA,SEA,17.8,32.9,2024
3,Mar,Southwest,MCO,DFW,6.2,17.5,2024
1,Jan,Southwest,MCO,IAH,14.9,27.7,2024
12,Dec,Alaska,MIA,SEA,29.1,117.3,2024
9,Sep,Spirit,SFO,DFW,30.9,19.3,2024
10,Oct,Delta,DTW,MIA,31.1,25.5,2024
6,Jun,Frontier,JFK,DEN,24.6,20.6,2024
6,Jun,Alaska,DFW,PHX,11.1,12.9,2024
9,Sep,Alaska,JFK,JFK,6.6,5.9,2024
1,Jan,Delta,ORD,DFW,47.7,63.5,2024
6,Jun,Alaska,JFK,IAH,26.9,26.2,2024
12,Dec,United,ORD,LGA,6.5,23.5,2024
5,May,Delta,ATL,SFO,19.3,17.1,2024
11,Nov,Alaska,IAH,LAS,8.0,5.4,2024
6,Jun,Alaska,DFW,ORD,25.9,24.3,2024
11,Nov,Delta,JFK,LAS,14.4,10.8,2024
8,Aug,JetBlue,LGA,DFW,42.4,37.0,2024
5,May,Frontier,IAH,SLC,7.2,23.7,2024
2,Feb,Alaska,JFK,LAS,13.2,14.8,2024
12,Dec,Frontier,LAX,MCO,18.9,35.8,2024
12,Dec,Frontier,BOS,JFK,61.7,62.0,2024
2,Feb,American,BOS,MIA,19.7,30.0,2024
10,Oct,JetBlue,DFW,CLT,41.6,32.1,2024
5,May,American,EWR,JFK,31.5,23.1,2024
3,Mar,JetBlue,MCO,MCO,23.1,145.7,2024
10,Oct,Spirit,PHX,PHX,30.4,26.5,2024
3,Mar,JetBlue,PHX,IAH,9.3,5.5,2024
8,Aug,United,SFO,EWR,13.6,14.7,2024
7,Jul,Alaska,DTW,DFW,53.5,61.1,2024
1,Jan,Frontier,SFO,MCO,28.9,36.2,2024
12,Dec,Spirit,BOS,MSP,34.2,36.7,2024
12,Dec,Frontier,MIA,DEN,15.9,23.8,2024
5,May,American,LGA,MCO,19.0,26.2,2024
9,Sep,JetBlue,MIA,SLC,21.9,14.2,2024
4,Apr,JetBlue,ORD,IAH,21.3,8.9,2024
1,Jan,American,SLC,MCO,10.5,30.9,2024
8,Aug,Spirit,DFW,LGA,30.7,17.8,2024
5,May,United,SEA,EWR,22.4,12.8,2024
2,Feb,American,DTW,ATL,30.9,40.5,2024
12,Dec,United,MCO,ATL,44.9,58.9,2024
1,Jan,Spirit,DTW,MCO,30.9,28.8,2024
12,Dec,United,EWR,DTW,13.6,23.2,2024
12,Dec,Southwest,CLT,LAX,9.8,20.3,2024
12,Dec,United,BOS,CLT,18.8,20.0,2024
3,Mar,Southwest,EWR,ORD,39.2,46.2,2024
9,Sep,Alaska,MCO,MSP,12.5,13.0,2024
1,Jan,Delta,SLC,SLC,11.6,23.8,2024
4,Apr,United,DEN,ATL,31.7,26.7,2024
8,Aug,American,BOS,MSP,24.6,35.5,2024
8,Aug,Southwest,DEN,CLT,-2.8,19.0,2024
10,Oct,Spirit,PHX,EWR,43.8,39.8,2024
12,Dec,Spirit,LGA,MIA,20.4,25.8,2024
11,Nov,Delta,CLT,ORD,40.5,36.2,2024
11,Nov,Alaska,SEA,SEA,28.3,30.4,2024
8,Aug,Delta,SEA,JFK,3.6,154.3,2024
10,Oct,United,SEA,DEN,18.4,3.4,2024
8,Aug,American,PHX,CLT,9.2,12.0,2024
4,Apr,United,MCO,LAS,29.9,37.6,2024
8,Aug,JetBlue,MSP,DEN,35.6,42.3,2024
9,Sep,Frontier,EWR,PHX,35.5,34.0,2024
7,Jul,Delta,LAS,JFK,13.6,15.3,2024
12,Dec,JetBlue,EWR,MIA,29.3,40.8,2024
2,Feb,JetBlue,PHX,DFW,15.3,17.1,2024
9,Sep,Southwest,ORD,MCO,17.7,26.2,2024
11,Nov,Spirit,DTW,BOS,28.1,33.8,2024
8,Aug,JetBlue,MSP,MCO,12.9,16.1,2024
5,May,Delta,DFW,JFK,9.2,15.3,2024
12,Dec,Delta,DFW,ATL,34.4,34.9,2024
3,Mar,Frontier,JFK,IAH,13.8,12.7,2024
7,Jul,Frontier,SLC,LAX,51.8,52.5,2024
2,Feb,Frontier,MIA,DEN,15.0,30.8,2024
3,Mar,American,SEA,EWR,26.2,16.8,2024
12,Dec,United,DTW,BOS,15.1,30.2,2024
9,Sep,American,SEA,BOS,22.4,24.3,2024
4,Apr,American,DTW,MIA,11.5,11.7,2024
4,Apr,Spirit,SFO,MCO,24.5,19.8,2024
3,Mar,United,IAH,SLC,36.0,26.2,2024
5,May,Delta,BOS,SFO,17.9,17.6,2024
3,Mar,Southwest,DTW,LAX,9.6,17.6,2024
9,Sep,Spirit,CLT,JFK,14.7,6.8,2024
3,Mar,Frontier,IAH,DFW,9.3,1.9,2024
2,Feb,Frontier,BOS,LAX,32.7,40.6,2024
12,Dec,Frontier,PHX,LGA,28.6,37.6,2024
5,May,JetBlue,BOS,SEA,15.0,25.0,2024
6,Jun,Frontier,SEA,DEN,15.0,7.5,2024
1,Jan,Southwest,JFK,PHX,14.1,20.1,2024
12,Dec,JetBlue,SLC,EWR,50.1,54.2,2024
11,Nov,Frontier,ATL,LAX,36.5,35.5,2024
6,Jun,United,MSP,SLC,18.2,6.4,2024
10,Oct,United,EWR,SFO,29.3,26.5,2024
3,Mar,American,IAH,LAX,26.7,22.2,2024
4,Apr,Alaska,BOS,MSP,14.6,20.6,2024
6,Jun,Alaska,DEN,DFW,2.1,9.7,2024
8,Aug,United,MSP,EWR,17.0,24.8,2024
9,Sep,JetBlue,SEA,PHX,17.3,158.3,2024
6,Jun,Alaska,JFK,LGA,14.5,12.7,2024
7,Jul,Southwest,ORD,DTW,37.7,44.7,2024
5,May,Spirit,MCO,BOS,25.8,26.1,2024
12,Dec,Southwest,DFW,MSP,13.7,18.6,2024
9,Sep,Southwest,BOS,MCO,19.7,22.4,2024
4,Apr,Alaska,MSP,SEA,9.7,13.3,2024
10,Oct,Spirit,LAX,LGA,29.0,19.6,2024
11,Nov,Southwest,SLC,IAH,2.7,6.3,2024
6,Jun,American,DFW,PHX,27.1,26.0,2024
5,May,Alaska,MSP,MSP,5.3,8.6,2024
1,Jan,Southwest,SLC,LAX,27.5,45.2,2024
5,May,JetBlue,SEA,LGA,26.8,22.1,2024
5,May,Frontier,SEA,JFK,19.8,26.6,2024
9,Sep,Frontier,EWR,BOS,26.1,30.9,2024
1,Jan,American,MIA,MSP,21.8,37.9,2024
5,May,Spirit,IAH,DFW,56.4,62.6,2024
7,Jul,American,DFW,CLT,76.7,69.1,2024
11,Nov,Alaska,ATL,EWR,11.3,16.0,2024
6,Jun,American,ATL,SLC,8.8,16.8,2024
6,Jun,United,DTW,CLT,29.6,28.2,2024
12,Dec,American,DFW,JFK,22.2,14.0,2024
7,Jul,JetBlue,MIA,MCO,27.4,25.9,2024
6,Jun,Spirit,IAH,JFK,33.0,26.0,2024
5,May,Alaska,EWR,DEN,10.3,90.4,2024
10,Oct,Alaska,LGA,LAX,28.4,22.7,2024
5,May,Southwest,LAX,MCO,24.3,24.5,2024
9,Sep,Spirit,DFW,LAX,38.5,29.1,2024
8,Aug,United,ORD,DEN,23.2,24.0,2024
12,Dec,Southwest,CLT,ORD,39.9,50.2,2024
10,Oct,Delta,LAX,JFK,9.3,23.5,2024
4,Apr,United,SLC,MIA,23.2,18.6,2024
4,Apr,Spirit,LAS,DEN,28.9,19.0,2024
10,Oct,JetBlue,PHX,IAH,11.5,16.4,2024
5,May,United,SLC,DTW,28.4,25.2,2024
3,Mar,American,DEN,PHX,11.3,10.3,2024
8,Aug,United,DTW,ORD,23.3,22.4,2024
7,Jul,American,PHX,EWR,51.4,46.1,2024
5,May,Southwest,EWR,EWR,12.1,22.7,2024
10,Oct,United,JFK,MIA,32.8,21.0,2024
3,Mar,United,SEA,DFW,41.9,46.3,2024
5,May,JetBlue,LAX,MIA,14.3,18.4,2024
3,Mar,Frontier,IAH,SEA,11.5,15.0,2024
10,Oct,Delta,MCO,EWR,8.6,18.9,2024
5,May,United,SEA,SEA,34.3,22.9,2024
1,Jan,Southwest,DEN,LAS,17.2,29.5,2024
6,Jun,American,LGA,DTW,1.8,3.2,2024
10,Oct,Frontier,EWR,SEA,16.2,179.8,2024
4,Apr,Southwest,DEN,EWR,17.4,20.9,2024
4,Apr,Spirit,LGA,LAX,41.5,39.2,2024
8,Aug,Alaska,DFW,MCO,11.0,24.5,2024
2,Feb,Alaska,ATL,SLC,28.7,21.0,2024
4,Apr,JetBlue,JFK,MCO,19.6,22.7,2024
2,Feb,Alaska,ATL,MCO,14.6,19.6,2024
1,Jan,United,DFW,SLC,29.0,37.5,2024
10,Oct,Spirit,LAX,SLC,41.6,37.2,2024
3,Mar,Delta,MSP,IAH,14.3,16.0,2024
12,Dec,Frontier,DTW,MSP,14.6,24.4,2024
8,Aug,Delta,LGA,LGA,40.5,50.5,2024
6,Jun,United,MIA,ATL,21.9,26.4,2024
12,Dec,Delta,ORD,DEN,15.3,280.7,2024
7,Jul,Southwest,SFO,MCO,16.0,24.1,2024
2,Feb,American,PHX,MSP,18.9,25.8,2024
6,Jun,United,MIA,JFK,44.9,51.0,2024
8,Aug,Alaska,PHX,PHX,11.5,21.2,2024
8,Aug,Frontier,SEA,LAS,6.9,12.7,2024
4,Apr,American,DEN,JFK,24.1,28.0,2024
6,Jun,Delta,LAX,ATL,5.5,8.6,2024
5,May,Frontier,CLT,IAH,89.9,72.9,2024
9,Sep,JetBlue,EWR,SFO,18.6,21.3,2024
8,Aug,Spirit,DFW,PHX,16.2,25.2,2024
2,Feb,American,EWR,BOS,10.7,22.9,2024
12,Dec,Spirit,BOS,CLT,24.3,29.3,2024
7,Jul,Spirit,DTW,LGA,12.0,9.0,2024
7,Jul,JetBlue,BOS,ORD,14.5,23.0,2024
11,Nov,Frontier,EWR,CLT,9.0,12.0,2024
12,Dec,Southwest,EWR,ATL,15.5,10.2,2024
1,Jan,JetBlue,BOS,MIA,20.6,39.9,2024
1,Jan,American,LAX,JFK,30.6,36.6,2024
12,Dec,American,DTW,EWR,20.0,31.8,2024
4,Apr,United,MIA,BOS,21.0,24.7,2024
5,May,Alaska,LAS,CLT,27.6,33.4,2024
4,Apr,JetBlue,SFO,IAH,20.9,26.2,2024
7,Jul,Southwest,BOS,PHX,9.3,12.1,2024
3,Mar,United,LGA,BOS,7.2,1.6,2024
7,Jul,United,LAS,MCO,7.2,13.3,2024
8,Aug,Southwest,JFK,SLC,30.9,27.5,2024
6,Jun,United,BOS,DEN,51.6,55.8,2024
6,Jun,Southwest,MCO,IAH,8.8,12.8,2024
8,Aug,Delta,PHX,SLC,30.8,31.3,2024
8,Aug,United,LAS,BOS,23.5,38.4,2024
7,Jul,American,BOS,ATL,11.8,16.7,2024
6,Jun,Delta,ATL,LAX,10.2,19.4,2024
6,Jun,United,LAX,ORD,20.1,9.0,2024
10,Oct,Southwest,SLC,BOS,13.0,16.8,2024
11,Nov,Delta,ATL,DTW,28.4,27.6,2024
6,Jun,Alaska,EWR,SFO,10.1,14.0,2024
8,Aug,Delta,EWR,DFW,21.5,21.9,2024
1,Jan,American,IAH,BOS,33.6,32.7,2024
5,May,United,IAH,SEA,29.9,26.4,2024
3,Mar,United,MSP,ATL,23.5,22.4,2024
12,Dec,Southwest,BOS,DEN,7.6,20.9,2024
8,Aug,Delta,LAS,ATL,13.3,22.8,2024
11,Nov,American,DEN,CLT,15.8,17.6,2024
6,Jun,Southwest,LAS,MSP,28.7,34.2,2024
2,Feb,Alaska,MSP,MSP,-2.1,12.3,2024
7,Jul,Frontier,EWR,DFW,16.9,24.9,2024
7,Jul,Southwest,PHX,CLT,11.1,23.3,2024
5,May,American,EWR,BOS,25.3,18.3,2024
8,Aug,United,DTW,SEA,20.5,25.1,2024
5,May,American,LAX,EWR,10.6,6.9,2024
1,Jan,United,SLC,BOS,8.7,14.9,2024
9,Sep,JetBlue,MIA,JFK,11.4,-0.5,2024
4,Apr,Delta,SLC,CLT,12.9,10.9,2024
2,Feb,American,MIA,SFO,23.5,25.3,2024
4,Apr,Frontier,DTW,DEN,23.4,34.4,2024
9,Sep,Alaska,CLT,CLT,18.6,18.4,2024
2,Feb,Alaska,SFO,BOS,18.9,27.5,2024
4,Apr,Spirit,CLT,MIA,27.0,23.0,2024
2,Feb,Southwest,SEA,DFW,24.1,29.2,2024
5,May,Frontier,DFW,MSP,23.3,30.3,2024
3,Mar,United,IAH,IAH,25.0,28.7,2024
10,Oct,Delta,DTW,SEA,13.8,15.7,2024
2,Feb,Alaska,IAH,SFO,45.4,71.5,2024
9,Sep,Delta,DFW,EWR,56.6,53.4,2024
5,May,American,LAX,ORD,21.0,13.4,2024
10,Oct,Southwest,JFK,EWR,21.3,15.8,2024
5,May,Alaska,MIA,EWR,40.6,37.0,2024
1,Jan,American,ATL,SFO,23.2,33.5,2024
6,Jun,Southwest,CLT,MSP,11.4,20.6,2024
7,Jul,JetBlue,BOS,MSP,17.5,29.2,2024
1,Jan,American,IAH,SLC,37.1,40.2,2024
9,Sep,Spirit,DEN,IAH,16.3,15.3,2024
8,Aug,United,MIA,SFO,19.3,18.8,2024
12,Dec,American,SLC,MCO,19.3,31.3,2024
8,Aug,American,ATL,IAH,10.3,13.2,2024
7,Jul,Alaska,LGA,IAH,15.3,25.6,2024
5,May,Spirit,SEA,DFW,27.9,21.2,2024
3,Mar,JetBlue,EWR,LAS,33.3,25.8,2024
12,Dec,Alaska,MIA,EWR,28.5,34.9,2024
9,Sep,JetBlue,SLC,DFW,16.4,7.0,2024
7,Jul,Alaska,MIA,SEA,28.4,29.4,2024
11,Nov,Frontier,CLT,ORD,22.3,9.6,2024
10,Oct,American,SEA,LAS,82.5,78.4,2024
10,Oct,Southwest,DTW,SEA,12.7,10.3,2024
8,Aug,JetBlue,ATL,BOS,8.2,16.5,2024
6,Jun,Frontier,PHX,DTW,30.4,38.0,2024
12,Dec,JetBlue,SFO,PHX,19.8,19.3,2024
11,Nov,Southwest,IAH,LGA,37.0,39.6,2024
5,May,Delta,BOS,MIA,4.3,18.7,2024
8,Aug,Spirit,LAX,PHX,17.5,23.2,2024
3,Mar,Frontier,IAH,MSP,42.7,28.7,2024
12,Dec,JetBlue,SFO,LAX,14.6,18.9,2024
7,Jul,JetBlue,MCO,ATL,46.8,52.4,2024
2,Feb,Southwest,BOS,ATL,21.7,23.1,2024
3,Mar,Frontier,MCO,EWR,20.5,10.7,2024
12,Dec,Southwest,DTW,PHX,27.3,43.4,2024
2,Feb,American,PHX,PHX,10.5,22.6,2024
5,May,Spirit,LAS,SFO,18.7,29.5,2024
7,Jul,American,CLT,SFO,6.5,8.5,2024
11,Nov,Frontier,MCO,ATL,2.2,9.1,2024
10,Oct,Delta,PHX,MSP,9.7,13.1,2024
11,Nov,Delta,SLC,DEN,22.0,13.4,2024
11,Nov,Delta,SLC,ORD,59.2,66.6,2024
11,Nov,United,BOS,MSP,44.6,49.4,2024
10,Oct,Southwest,BOS,BOS,8.0,6.4,2024
1,Jan,JetBlue,LAS,IAH,21.7,13.4,2024
10,Oct,Southwest,MCO,DEN,21.3,26.3,2024
9,Sep,Southwest,DFW,DEN,22.0,16.2,2024
1,Jan,Delta,ATL,LAX,23.9,29.0,2024
1,Jan,Southwest,EWR,JFK,23.1,25.0,2024
12,Dec,United,ATL,SFO,23.8,27.5,2024
10,Oct,Alaska,MSP,ATL,9.3,16.1,2024
8,Aug,JetBlue,ORD,ORD,17.8,9.6,2024
6,Jun,Frontier,BOS,MCO,17.8,27.0,2024
6,Jun,Alaska,LAS,LAX,21.0,20.6,2024
12,Dec,Delta,DFW,PHX,24.7,24.1,2024
9,Sep,Spirit,LAX,MIA,19.7,11.3,2024
4,Apr,American,LAS,MSP,11.7,17.0,2024
8,Aug,Spirit,MCO,EWR,42.9,42.2,2024
4,Apr,Spirit,MSP,MCO,22.6,18.9,2024
2,Feb,Alaska,DTW,MIA,7.0,23.2,2024
11,Nov,JetBlue,ORD,IAH,20.4,92.1,2024
8,Aug,Alaska,IAH,MIA,77.2,73.8,2024
12,Dec,American,LAS,ATL,29.9,36.4,2024
7,Jul,Frontier,CLT,IAH,16.9,19.9,2024
4,Apr,American,PHX,MCO,8.4,12.1,2024
9,Sep,Southwest,LGA,DEN,19.3,15.9,2024
9,Sep,JetBlue,MSP,LAX,12.3,200.2,2024
8,Aug,United,ATL,IAH,28.8,28.5,2024
1,Jan,Southwest,MIA,SFO,23.4,33.1,2024
7,Jul,American,DEN,MIA,42.7,40.0,2024
5,May,Alaska,LAS,MIA,18.4,15.0,2024
7,Jul,Frontier,SFO,MSP,35.9,30.1,2024
12,Dec,JetBlue,SFO,DFW,7.7,18.4,2024
9,Sep,Frontier,LAX,ATL,13.5,14.8,2024
2,Feb,Southwest,SLC,IAH,53.2,67.0,2024
11,Nov,JetBlue,MCO,BOS,27.8,27.7,2024
4,Apr,Alaska,IAH,PHX,8.0,13.8,2024
4,Apr,Delta,PHX,SEA,9.3,18.2,2024
2,Feb,United,DEN,ORD,21.7,21.8,2024
3,Mar,United,EWR,SFO,53.5,55.7,2024
11,Nov,United,DEN,MCO,67.3,61.0,2024
8,Aug,Frontier,CLT,MIA,51.9,53.2,2024
12,Dec,American,EWR,SFO,38.3,47.5,2024
9,Sep,American,DFW,SFO,28.1,18.2,2024
6,Jun,Frontier,DTW,LAS,9.7,11.1,2024
10,Oct,United,LGA,ORD,56.8,56.0,2024
2,Feb,JetBlue,LGA,MIA,25.7,42.2,2024
2,Feb,Delta,EWR,LGA,29.8,35.4,2024
7,Jul,American,LAS,SEA,46.7,52.1,2024
8,Aug,Alaska,LAX,MCO,17.6,21.4,2024
8,Aug,Southwest,MIA,LAX,27.1,21.0,2024
6,Jun,Southwest,CLT,MCO,32.7,47.3,2024
10,Oct,American,ORD,ATL,31.0,38.0,2024
8,Aug,United,EWR,EWR,46.5,46.1,2024
1,Jan,JetBlue,SLC,DFW,30.3,52.4,2024
9,Sep,Delta,JFK,LAS,22.9,28.8,2024
12,Dec,Southwest,DTW,SEA,20.5,25.6,2024
1,Jan,American,DEN,ATL,26.2,33.1,2024
3,Mar,Frontier,DEN,SEA,16.9,13.4,2024
12,Dec,JetBlue,JFK,DEN,18.1,15.5,2024
9,Sep,Frontier,IAH,ATL,17.2,17.4,2024
11,Nov,United,IAH,SFO,23.8,17.0,2024
5,May,Delta,SLC,CLT,28.2,18.1,2024
9,Sep,Delta,LAX,SFO,53.3,55.2,2024
9,Sep,Southwest,LGA,ATL,13.6,16.2,2024
6,Jun,Frontier,ATL,LAS,11.2,10.4,2024
11,Nov,Spirit,LAS,ATL,28.2,15.8,2024
1,Jan,Southwest,MSP,BOS,45.0,51.3,2024
10,Oct,Alaska,DFW,SFO,14.5,24.6,2024
7,Jul,American,DEN,LAS,7.1,11.6,2024
6,Jun,Spirit,IAH,DEN,33.2,34.9,2024
9,Sep,Delta,PHX,BOS,14.5,9.6,2024
7,Jul,United,DFW,LAX,40.3,111.0,2024
12,Dec,United,MSP,IAH,9.1,17.9,2024
11,Nov,Spirit,MSP,LAS,49.7,46.8,2024
12,Dec,American,LGA,ATL,20.8,27.5,2024
4,Apr,Delta,SEA,PHX,9.0,13.1,2024
7,Jul,Southwest,DFW,DTW,15.4,22.4,2024
2,Feb,Alaska,ORD,DTW,9.5,10.2,2024
6,Jun,United,MIA,SFO,18.1,29.3,2024
6,Jun,JetBlue,BOS,BOS,17.9,24.0,2024
2,Feb,American,LAS,JFK,25.7,41.2,2024
4,Apr,United,CLT,MSP,27.5,26.0,2024
8,Aug,JetBlue,MSP,SEA,16.7,26.1,2024
8,Aug,Spirit,DEN,LAX,20.4,19.6,2024
8,Aug,JetBlue,DEN,PHX,58.7,65.9,2024
8,Aug,United,SLC,JFK,21.2,14.3,2024
1,Jan,American,MIA,EWR,12.0,14.5,2024
2,Feb,JetBlue,LAS,PHX,36.0,45.1,2024
12,Dec,JetBlue,ORD,CLT,37.2,49.9,2024
4,Apr,Delta,IAH,MCO,9.9,17.0,2024
12,Dec,Alaska,MSP,PHX,27.2,37.8,2024
9,Sep,Alaska,BOS,MIA,25.9,27.1,2024
3,Mar,Frontier,LAS,LAX,40.1,30.9,2024
6,Jun,Alaska,PHX,PHX,8.2,20.7,2024
7,Jul,Delta,MSP,BOS,15.4,25.3,2024
8,Aug,Alaska,MCO,MIA,4.2,19.5,2024
7,Jul,Delta,MCO,CLT,36.2,93.0,2024
3,Mar,JetBlue,MSP,DFW,49.1,44.9,2024
6,Jun,JetBlue,LAS,DEN,24.7,21.4,2024
5,May,American,PHX,ATL,2.8,8.3,2024
12,Dec,Southwest,SLC,ATL,34.1,49.6,2024
10,Oct,Frontier,JFK,PHX,23.0,17.6,2024
4,Apr,Delta,SFO,DFW,20.5,22.9,2024
1,Jan,Alaska,CLT,MSP,17.9,28.1,2024
7,Jul,Southwest,SLC,DTW,33.8,38.8,2024
8,Aug,Delta,DTW,SLC,49.2,49.6,2024
2,Feb,Alaska,EWR,DEN,1.7,13.7,2024
7,Jul,Spirit,DTW,MIA,20.0,23.4,2024
6,Jun,Spirit,MCO,SEA,31.4,28.7,2024
5,May,Delta,LAX,ATL,3.7,18.5,2024
4,Apr,Alaska,LAS,DEN,49.2,49.0,2024
2,Feb,American,ORD,IAH,23.4,40.4,2024
10,Oct,American,JFK,MSP,28.4,35.2,2024
6,Jun,Spirit,DEN,DEN,27.8,18.9,2024
5,May,United,DTW,SFO,24.8,16.5,2024
2,Feb,Delta,CLT,BOS,11.8,29.6,2024
10,Oct,Delta,IAH,LAX,9.2,8.5,2024
7,Jul,Spirit,LGA,MSP,13.2,25.4,2024
6,Jun,Delta,LAS,DTW,15.0,18.3,2024
12,Dec,Frontier,SLC,JFK,19.0,22.6,2024
11,Nov,American,LAS,EWR,44.7,39.8,2024
9,Sep,Alaska,EWR,PHX,29.8,38.8,2024
11,Nov,Delta,JFK,MIA,16.5,9.5,2024
10,Oct,United,SEA,ATL,18.7,19.9,2024
5,May,JetBlue,ORD,CLT,20.8,19.1,2024
9,Sep,United,DEN,EWR,24.6,24.9,2024
9,Sep,Alaska,SFO,PHX,32.4,25.2,2024
1,Jan,JetBlue,ATL,PHX,10.1,27.2,2024
5,May,American,DFW,ORD,12.0,22.8,2024
9,Sep,Spirit,EWR,MIA,32.8,39.7,2024
7,Jul,Alaska,DTW,MIA,9.6,14.9,2024
6,Jun,Southwest,ATL,EWR,21.3,36.0,2024
6,Jun,Alaska,DFW,JFK,4.9,11.8,2024
11,Nov,Frontier,PHX,LAS,29.8,336.6,2024
7,Jul,American,MIA,ATL,12.5,14.2,2024
1,Jan,Southwest,SFO,JFK,36.4,41.8,2024
4,Apr,JetBlue,DFW,IAH,14.6,16.8,2024
1,Jan,Southwest,ATL,MSP,11.8,20.0,2024
6,Jun,JetBlue,ATL,LAX,24.4,30.6,2024
4,Apr,Alaska,LGA,SLC,8.7,11.4,2024
1,Jan,Southwest,PHX,LAX,39.1,47.0,2024
9,Sep,JetBlue,DEN,DFW,20.2,25.5,2024
12,Dec,Alaska,SFO,DFW,22.4,28.5,2024
4,Apr,Frontier,SEA,PHX,36.0,19.8,2024
12,Dec,Southwest,LAX,LGA,23.7,40.9,2024
6,Jun,JetBlue,LAS,EWR,16.6,21.2,2024
7,Jul,United,DFW,SEA,19.5,18.9,2024
8,Aug,Delta,BOS,JFK,9.6,21.3,2024
12,Dec,Frontier,MIA,LAX,21.8,24.3,2024
11,Nov,United,DEN,CLT,11.6,14.8,2024
9,Sep,American,BOS,MIA,24.7,18.9,2024
9,Sep,Spirit,DFW,EWR,25.8,21.7,2024
8,Aug,Spirit,MSP,DFW,19.1,16.2,2024
10,Oct,Southwest,ATL,MIA,6.9,24.3,2024
11,Nov,Spirit,IAH,DTW,28.8,25.5,2024
12,Dec,Frontier,DFW,SEA,37.1,53.9,2024
12,Dec,Alaska,DFW,JFK,7.5,27.4,2024
3,Mar,JetBlue,SEA,SLC,22.0,26.1,2024
12,Dec,Frontier,MCO,DFW,37.1,179.4,2024
2,Feb,United,JFK,DFW,15.8,17.9,2024
5,May,United,DFW,JFK,16.9,276.9,2024
1,Jan,Alaska,DFW,MIA,6.5,12.3,2024
3,Mar,JetBlue,MIA,ATL,56.8,54.0,2024
1,Jan,Southwest,LAS,LAX,26.6,32.3,2024
3,Mar,Alaska,DTW,LAS,15.1,15.8,2024
4,Apr,American,DFW,EWR,36.6,29.9,2024
7,Jul,American,MSP,JFK,24.4,34.4,2024
12,Dec,Alaska,JFK,LAS,15.4,28.8,2024
12,Dec,American,MSP,SLC,13.4,17.2,2024
5,May,Spirit,ORD,DEN,37.0,19.1,2024
5,May,Frontier,SFO,PHX,5.8,8.9,2024
1,Jan,JetBlue,ATL,SFO,30.6,44.1,2024
8,Aug,Frontier,MIA,LAX,23.2,10.8,2024
4,Apr,United,LAX,MCO,38.2,31.0,2024
10,Oct,Alaska,DEN,DFW,10.0,-2.4,2024
5,May,American,DTW,SEA,9.9,20.1,2024
2,Feb,Frontier,MSP,ORD,2.6,16.1,2024
12,Dec,United,EWR,LAX,10.1,30.7,2024
1,Jan,Alaska,CLT,LAS,4.0,22.3,2024
9,Sep,American,ORD,MIA,7.0,12.8,2024
2,Feb,American,JFK,DFW,14.1,28.1,2024
6,Jun,Alaska,LAS,LAS,39.5,44.1,2024
1,Jan,Southwest,ORD,JFK,22.4,31.2,2024
1,Jan,JetBlue,MSP,ATL,16.8,25.0,2024
9,Sep,Southwest,MSP,ORD,5.5,3.2,2024
4,Apr,Spirit,SFO,SFO,27.8,24.7,2024
9,Sep,United,DEN,LAS,25.4,35.8,2024
11,Nov,Spirit,SEA,SEA,25.1,23.2,2024
5,May,United,SEA,MSP,21.5,27.0,2024
7,Jul,Alaska,SFO,IAH,40.9,38.6,2024
1,Jan,JetBlue,SLC,SLC,36.4,40.3,2024
6,Jun,American,SFO,LAS,18.0,156.9,2024
8,Aug,JetBlue,DFW,MCO,31.6,38.5,2024
1,Jan,Frontier,PHX,JFK,28.7,32.5,2024
9,Sep,American,MSP,BOS,17.4,13.4,2024
3,Mar,Delta,DFW,DFW,30.5,22.8,2024
1,Jan,Spirit,SLC,LAS,79.9,95.0,2024
1,Jan,Delta,PHX,PHX,2.0,24.3,2024
11,Nov,JetBlue,SFO,ORD,12.8,12.4,2024
6,Jun,Spirit,DEN,LGA,22.2,16.0,2024
11,Nov,Frontier,ORD,SFO,13.2,11.4,2024
6,Jun,Delta,LAX,SEA,11.8,59.0,2024
1,Jan,Delta,MIA,MIA,42.4,48.7,2024
3,Mar,Spirit,PHX,MSP,22.0,33.2,2024
7,Jul,Frontier,MSP,ORD,34.3,24.1,2024
10,Oct,Spirit,SFO,SLC,41.5,38.5,2024
3,Mar,United,PHX,DTW,21.0,16.8,2024
3,Mar,American,DFW,EWR,11.0,10.9,2024
3,Mar,Alaska,MCO,CLT,23.7,26.1,2024
12,Dec,Delta,EWR,LAX,28.7,46.1,2024
7,Jul,Southwest,MCO,JFK,59.8,67.5,2024
4,Apr,Frontier,JFK,SFO,15.2,9.8,2024
4,Apr,Spirit,LAS,LAS,33.1,20.9,2024
3,Mar,United,MSP,LAS,17.8,12.2,2024
10,Oct,American,SFO,LGA,23.4,35.8,2024
11,Nov,Frontier,IAH,ORD,21.2,14.7,2024
9,Sep,United,DTW,DFW,46.7,56.9,2024
2,Feb,Southwest,DEN,LAX,21.2,16.7,2024
4,Apr,Alaska,MSP,ATL,15.3,5.7,2024
8,Aug,American,SEA,PHX,13.0,20.5,2024
6,Jun,JetBlue,CLT,ORD,20.8,18.8,2024
7,Jul,JetBlue,SLC,PHX,14.0,22.9,2024
7,Jul,United,LAS,LAS,10.3,24.6,2024
2,Feb,Alaska,JFK,LGA,23.9,28.8,2024
4,Apr,JetBlue,DTW,CLT,11.3,10.0,2024
10,Oct,Spirit,PHX,ORD,43.1,36.1,2024
10,Oct,American,LAS,ORD,16.8,27.8,2024
6,Jun,Southwest,LGA,DFW,19.7,29.3,2024
3,Mar,Southwest,MSP,DFW,10.4,5.3,2024
9,Sep,JetBlue,LGA,LGA,34.3,34.5,2024
4,Apr,Delta,SLC,JFK,9.8,10.3,2024
10,Oct,Delta,MSP,MIA,10.1,10.9,2024
2,Feb,Alaska,LAS,BOS,4.6,18.7,2024
6,Jun,Frontier,ATL,SFO,33.9,24.4,2024
1,Jan,Delta,ATL,MSP,6.2,18.1,2024
6,Jun,JetBlue,DEN,JFK,20.6,25.2,2024
12,Dec,Frontier,SEA,ORD,49.1,54.8,2024
10,Oct,JetBlue,IAH,DTW,17.0,10.6,2024
1,Jan,JetBlue,DFW,DTW,20.1,31.5,2024
8,Aug,Spirit,ATL,PHX,27.4,27.5,2024
5,May,Frontier,CLT,DEN,41.9,32.0,2024
6,Jun,American,MCO,LAX,23.5,24.0,2024
2,Feb,Frontier,DFW,JFK,17.2,30.4,2024
2,Feb,Delta,LAS,MIA,29.8,39.4,2024
12,Dec,United,MCO,IAH,18.0,25.7,2024
9,Sep,Alaska,PHX,MIA,4.9,10.6,2024
3,Mar,American,CLT,CLT,17.0,16.2,2024
6,Jun,Alaska,ORD,ORD,20.0,24.2,2024
10,Oct,Alaska,LAX,LAX,15.7,18.4,2024
5,May,American,DEN,SFO,38.2,44.2,2024
12,Dec,JetBlue,ATL,DEN,27.9,31.2,2024
4,Apr,Frontier,MIA,MSP,16.5,18.4,2024
10,Oct,JetBlue,BOS,SEA,36.6,8.8,2024
2,Feb,American,ORD,LAS,32.9,27.7,2024
8,Aug,JetBlue,EWR,SEA,36.7,38.5,2024
10,Oct,Delta,DTW,PHX,12.1,9.7,2024
7,Jul,American,BOS,LAX,21.3,27.3,2024
11,Nov,Spirit,MCO,PHX,18.9,9.3,2024
2,Feb,Spirit,EWR,MIA,15.6,24.2,2024
6,Jun,Alaska,SEA,MIA,1.5,18.9,2024
8,Aug,Spirit,LGA,DEN,32.6,26.9,2024
7,Jul,American,LGA,DTW,25.5,40.4,2024
1,Jan,Spirit,SFO,ORD,34.8,41.0,2024
5,May,American,CLT,MCO,23.2,25.9,2024
2,Feb,JetBlue,LAS,LAX,31.7,34.3,2024
6,Jun,Spirit,DFW,IAH,22.3,44.4,2024
7,Jul,Frontier,SEA,ATL,46.9,45.8,2024
7,Jul,American,PHX,ATL,28.1,29.3,2024
3,Mar,Frontier,CLT,LGA,20.2,23.9,2024
7,Jul,Frontier,IAH,JFK,24.1,21.5,2024
5,May,United,DTW,MSP,31.0,41.2,2024
8,Aug,United,DEN,ATL,49.7,46.5,2024
12,Dec,Delta,LAS,JFK,5.5,22.1,2024
8,Aug,American,MSP,SEA,23.5,16.9,2024
7,Jul,Spirit,SLC,MSP,34.1,37.4,2024
6,Jun,Frontier,MIA,LAX,16.4,15.1,2024
2,Feb,American,BOS,SEA,17.6,31.3,2024
6,Jun,Frontier,ORD,ATL,62.2,71.6,2024
12,Dec,Alaska,LAX,MSP,23.1,20.2,2024
11,Nov,JetBlue,CLT,ATL,34.8,30.7,2024
9,Sep,Alaska,DEN,PHX,15.7,17.5,2024
2,Feb,Spirit,SFO,DEN,32.2,27.9,2024
1,Jan,Southwest,DFW,MCO,24.2,28.6,2024
11,Nov,Alaska,DEN,MSP,57.8,59.6,2024
5,May,Spirit,EWR,DEN,18.0,9.1,2024
11,Nov,Southwest,CLT,PHX,27.7,28.6,2024
6,Jun,Spirit,EWR,ORD,38.0,40.5,2024
3,Mar,American,DFW,LAX,47.7,44.0,2024
8,Aug,Delta,JFK,LAX,33.9,42.2,2024
7,Jul,United,IAH,DEN,20.0,28.4,2024
2,Feb,American,ORD,DFW,3.1,20.1,2024
12,Dec,American,DEN,LAX,35.0,50.0,2024
7,Jul,Delta,LAX,LAS,25.5,13.4,2024
1,Jan,Delta,EWR,LAS,33.9,51.6,2024
9,Sep,Southwest,JFK,LAS,5.7,5.2,2024
7,Jul,Spirit,CLT,DFW,27.9,26.5,2024
6,Jun,American,IAH,SEA,41.2,44.0,2024
2,Feb,Spirit,JFK,IAH,29.4,26.3,2024
3,Mar,American,MSP,LAS,14.4,10.4,2024
1,Jan,JetBlue,MSP,ORD,34.5,171.2,2024
10,Oct,United,ATL,JFK,19.6,14.7,2024
5,May,JetBlue,EWR,SLC,42.7,41.3,2024
9,Sep,Frontier,DFW,DEN,11.4,18.9,2024
6,Jun,JetBlue,LGA,LGA,25.1,34.4,2024
5,May,United,IAH,SLC,20.1,18.3,2024
12,Dec,American,EWR,ORD,2.6,27.1,2024
3,Mar,Southwest,ATL,SEA,29.1,27.5,2024
5,May,Frontier,JFK,LAS,20.5,20.1,2024
8,Aug,Spirit,MIA,SEA,30.4,22.4,2024
12,Dec,United,JFK,DTW,14.9,87.5,2024
2,Feb,Delta,LGA,PHX,26.2,32.3,2024
5,May,American,DFW,LGA,30.8,167.0,2024
6,Jun,United,DTW,ORD,10.8,15.3,2024
10,Oct,United,DTW,ORD,45.5,35.9,2024
8,Aug,Alaska,MCO,ORD,23.7,19.7,2024
8,Aug,Spirit,SEA,DFW,34.2,44.4,2024
5,May,United,LAX,LGA,22.5,35.2,2024
9,Sep,Frontier,DEN,DTW,18.2,24.3,2024
4,Apr,Southwest,DFW,LAX,7.4,4.7,2024
12,Dec,JetBlue,PHX,BOS,28.3,32.8,2024
9,Sep,JetBlue,MCO,DEN,13.1,10.7,2024
11,Nov,Alaska,ORD,LAX,12.4,20.7,2024
7,Jul,United,EWR,BOS,15.4,24.1,2024
6,Jun,United,PHX,LAS,23.5,22.0,2024
4,Apr,JetBlue,CLT,LAS,37.0,34.9,2024
2,Feb,Southwest,DFW,MCO,47.6,62.9,2024
8,Aug,Frontier,ATL,ATL,19.8,27.8,2024
6,Jun,American,CLT,SFO,40.7,51.4,2024
12,Dec,JetBlue,PHX,IAH,23.6,23.4,2024
3,Mar,United,MCO,PHX,20.5,18.9,2024
7,Jul,Southwest,IAH,CLT,0.5,19.3,2024
10,Oct,Spirit,EWR,LAS,25.8,30.0,2024
7,Jul,Southwest,LAS,MIA,61.1,72.4,2024
6,Jun,Spirit,SLC,ATL,57.6,59.5,2024
2,Feb,Alaska,LGA,MIA,16.5,33.4,2024
8,Aug,United,PHX,ATL,29.6,33.7,2024
1,Jan,Frontier,SLC,DEN,16.1,27.0,2024
1,Jan,Delta,SEA,IAH,19.4,23.4,2024
6,Jun,Southwest,SLC,ATL,31.0,44.5,2024
5,May,JetBlue,DEN,PHX,16.0,20.6,2024
9,Sep,Frontier,LAX,MSP,26.7,25.2,2024
12,Dec,Delta,CLT,SEA,26.1,41.8,2024
7,Jul,Alaska,LGA,MSP,10.0,11.4,2024
2,Feb,American,PHX,MCO,45.3,60.1,2024
12,Dec,JetBlue,LAX,LAX,28.4,35.6,2024
7,Jul,Alaska,LAS,BOS,28.1,30.2,2024
3,Mar,Spirit,LAX,MSP,29.2,14.0,2024
1,Jan,Alaska,IAH,SEA,0.0,18.7,2024
11,Nov,Alaska,BOS,CLT,20.1,17.5,2024
8,Aug,United,CLT,SFO,56.4,60.4,2024
12,Dec,Delta,MCO,SFO,36.3,40.0,2024
3,Mar,Alaska,JFK,LGA,13.7,22.3,2024
11,Nov,Alaska,IAH,SLC,19.8,9.7,2024
8,Aug,Alaska,MSP,ORD,0.1,13.4,2024
7,Jul,JetBlue,DFW,SFO,15.8,18.3,2024
12,Dec,Frontier,BOS,BOS,21.6,34.7,2024
2,Feb,Alaska,LAS,DTW,27.9,49.0,2024
1,Jan,Southwest,LAX,LAX,3.1,14.6,2024
7,Jul,United,EWR,SFO,5.1,12.1,2024
1,Jan,Delta,ATL,EWR,29.8,41.3,2024
6,Jun,Southwest,DFW,LAS,19.7,17.6,2024
11,Nov,Alaska,CLT,ATL,13.8,10.2,2024
10,Oct,Frontier,MCO,BOS,25.2,18.6,2024
11,Nov,Spirit,ATL,LAX,15.1,19.6,2024
10,Oct,Frontier,MCO,IAH,31.0,22.4,2024
8,Aug,United,CLT,DTW,9.4,11.0,2024
7,Jul,Frontier,ORD,BOS,28.1,39.2,2024
4,Apr,United,MSP,IAH,24.6,15.8,2024
1,Jan,Frontier,IAH,DEN,12.2,18.5,2024
1,Jan,Frontier,MSP,SFO,16.9,35.5,2024
4,Apr,Delta,PHX,DFW,2.1,11.4,2024
5,May,Delta,MCO,MSP,36.5,39.0,2024
12,Dec,Frontier,SFO,EWR,11.5,26.7,2024
7,Jul,Delta,SEA,EWR,16.4,23.3,2024
4,Apr,JetBlue,ATL,SLC,21.7,21.3,2024
10,Oct,Spirit,IAH,DFW,32.4,35.4,2024
12,Dec,United,BOS,MCO,25.3,26.3,2024
1,Jan,Alaska,IAH,MCO,38.7,54.5,2024
11,Nov,American,BOS,ATL,34.3,24.3,2024
10,Oct,Southwest,MCO,MSP,32.0,37.4,2024
7,Jul,Delta,LAS,MCO,22.8,18.6,2024
2,Feb,United,LAX,MCO,18.1,22.5,2024
11,Nov,Spirit,DTW,LAS,32.8,10.4,2024
2,Feb,Alaska,DFW,PHX,0.9,15.2,2024
8,Aug,Southwest,CLT,JFK,3.3,11.2,2024
12,Dec,American,LGA,SFO,12.1,15.5,2024
10,Oct,Southwest,SLC,EWR,14.0,24.1,2024
10,Oct,Frontier,JFK,LGA,52.6,44.7,2024
10,Oct,American,LAS,ATL,21.2,20.4,2024
5,May,Alaska,LGA,LAS,29.5,33.5,2024
10,Oct,Delta,CLT,DTW,19.7,24.6,2024
2,Feb,JetBlue,DEN,CLT,34.1,40.1,2024
5,May,American,IAH,DFW,17.7,20.9,2024
8,Aug,Delta,DFW,SEA,8.6,26.7,2024
6,Jun,Southwest,LAX,CLT,13.7,15.0,2024
3,Mar,Alaska,SLC,DFW,27.1,8.8,2024
8,Aug,Spirit,DEN,SLC,39.8,38.4,2024
9,Sep,Southwest,DFW,ORD,20.7,23.1,2024
5,May,Southwest,DEN,SEA,37.3,41.6,2024
2,Feb,Alaska,SLC,LAX,36.1,41.8,2024
2,Feb,Alaska,MSP,SEA,1.6,20.1,2024
7,Jul,JetBlue,EWR,SEA,24.7,27.5,2024
1,Jan,United,BOS,LGA,11.3,25.6,2024
10,Oct,American,LAS,EWR,49.3,45.8,2024
12,Dec,Spirit,EWR,EWR,40.4,45.2,2024
2,Feb,Alaska,DTW,EWR,-6.1,13.7,2024
10,Oct,United,ATL,SFO,42.3,39.5,2024
4,Apr,Southwest,MCO,CLT,8.6,11.7,2024
1,Jan,Spirit,DFW,LGA,32.3,23.1,2024
4,Apr,JetBlue,LAS,ORD,31.5,23.4,2024
12,Dec,Frontier,SLC,ATL,22.8,23.1,2024
11,Nov,Frontier,DTW,SEA,15.6,7.9,2024
10,Oct,Delta,BOS,SFO,7.6,153.9,2024
5,May,JetBlue,DFW,IAH,15.2,6.6,2024
9,Sep,Alaska,SFO,DEN,12.7,122.9,2024
1,Jan,United,LGA,CLT,25.7,24.0,2024
12,Dec,Southwest,ATL,SFO,20.4,26.3,2024
5,May,Spirit,DTW,PHX,83.8,83.1,2024
2,Feb,Spirit,CLT,EWR,47.0,47.7,2024
9,Sep,Frontier,BOS,LAX,44.0,37.3,2024
6,Jun,Spirit,BOS,IAH,38.2,36.5,2024
2,Feb,American,JFK,CLT,18.6,23.9,2024
3,Mar,JetBlue,MSP,SLC,11.4,1.6,2024
8,Aug,United,EWR,MCO,38.8,39.4,2024
1,Jan,United,DTW,DTW,28.1,28.8,2024
12,Dec,Frontier,SFO,LAX,28.0,32.7,2024
3,Mar,Delta,EWR,IAH,8.9,9.3,2024
10,Oct,American,LAS,LAS,15.7,19.8,2024
1,Jan,Frontier,DTW,ATL,21.0,37.6,2024
11,Nov,Frontier,SFO,EWR,18.4,24.3,2024
11,Nov,Spirit,BOS,BOS,39.1,33.8,2024
8,Aug,United,ORD,BOS,36.6,157.7,2024
1,Jan,American,DTW,SLC,23.3,24.0,2024
5,May,Southwest,SLC,PHX,25.6,22.7,2024
4,Apr,Alaska,MIA,MCO,40.0,47.9,2024
7,Jul,Frontier,DEN,DEN,25.6,28.8,2024
5,May,JetBlue,MSP,ORD,8.8,10.4,2024
8,Aug,United,PHX,LAS,12.2,27.8,2024
12,Dec,Southwest,SFO,CLT,11.5,17.6,2024
11,Nov,Frontier,LGA,DTW,42.0,37.2,2024
1,Jan,Delta,EWR,MIA,22.1,31.4,2024
5,May,American,SEA,MSP,12.5,8.4,2024
4,Apr,Alaska,LGA,SFO,23.3,33.0,2024
3,Mar,Frontier,MSP,LAX,30.9,24.4,2024
5,May,Frontier,MIA,ORD,23.6,26.6,2024
10,Oct,Frontier,MCO,MCO,16.8,114.3,2024
3,Mar,Southwest,IAH,SEA,29.1,30.4,2024
8,Aug,American,DEN,ATL,11.1,13.3,2024
3,Mar,Spirit,JFK,DFW,31.7,22.9,2024
1,Jan,Spirit,MCO,MSP,22.8,26.4,2024
9,Sep,Alaska,DTW,DTW,10.4,7.4,2024
9,Sep,American,BOS,LAS,10.8,17.9,2024
6,Jun,United,DFW,ORD,35.8,46.5,2024
10,Oct,American,SFO,DTW,14.1,14.0,2024
1,Jan,Southwest,MIA,DFW,20.9,34.7,2024
8,Aug,Delta,MCO,LGA,23.1,36.8,2024
2,Feb,United,LAX,CLT,26.9,30.4,2024
9,Sep,JetBlue,DFW,BOS,17.3,28.0,2024
8,Aug,Delta,SFO,DTW,42.6,46.5,2024
3,Mar,Frontier,ATL,SLC,52.5,46.3,2024
5,May,Southwest,CLT,PHX,31.8,22.3,2024
9,Sep,United,MCO,DEN,21.0,25.8,2024
1,Jan,Alaska,SEA,LGA,20.1,27.1,2024
9,Sep,Alaska,DEN,LGA,14.0,22.0,2024
4,Apr,American,DTW,ORD,3.1,9.2,2024
4,Apr,Spirit,IAH,EWR,23.1,14.5,2024
4,Apr,Delta,ORD,LAS,17.0,204.9,2024
10,Oct,United,LAX,LGA,55.7,63.6,2024
12,Dec,JetBlue,EWR,MCO,12.5,32.6,2024
9,Sep,Spirit,DTW,BOS,30.1,16.5,2024
6,Jun,JetBlue,EWR,LAX,55.8,52.1,2024
11,Nov,JetBlue,MIA,MCO,31.5,17.2,2024
8,Aug,Alaska,LGA,EWR,5.9,20.8,2024
12,Dec,United,ORD,JFK,18.3,23.7,2024
4,Apr,Delta,DEN,LAX,16.3,20.5,2024
3,Mar,American,ORD,LAS,26.4,21.6,2024
1,Jan,Delta,CLT,DEN,29.2,35.8,2024
10,Oct,American,DEN,IAH,6.9,8.8,2024
7,Jul,Delta,ORD,IAH,18.3,24.0,2024
4,Apr,Delta,JFK,PHX,12.0,6.5,2024
8,Aug,United,DTW,PHX,30.7,37.5,2024
3,Mar,JetBlue,LAX,PHX,6.7,4.2,2024
1,Jan,Spirit,IAH,IAH,21.9,39.3,2024
5,May,JetBlue,JFK,EWR,61.9,57.0,2024
2,Feb,JetBlue,DEN,JFK,23.1,29.1,2024
3,Mar,Spirit,DTW,BOS,36.7,33.0,2024
6,Jun,JetBlue,LGA,DFW,18.6,24.1,2024
3,Mar,Delta,MIA,MCO,-1.4,9.3,2024
3,Mar,JetBlue,ATL,EWR,26.5,29.4,2024
12,Dec,Delta,PHX,MIA,17.4,29.4,2024
6,Jun,American,LAS,ATL,16.2,25.8,2024
5,May,Southwest,MCO,DEN,31.9,39.0,2024
10,Oct,Spirit,BOS,LGA,22.7,15.4,2024
9,Sep,Spirit,ATL,MIA,36.3,44.2,2024
1,Jan,Southwest,IAH,DTW,-0.4,16.7,2024
3,Mar,American,BOS,LAS,32.5,26.1,2024
3,Mar,Delta,LAX,PHX,18.4,72.4,2024
11,Nov,Spirit,ATL,DFW,64.3,47.0,2024
6,Jun,JetBlue,ATL,LAX,25.3,26.8,2024
8,Aug,United,ATL,JFK,12.1,17.0,2024
3,Mar,Delta,BOS,ORD,6.9,13.1,2024
3,Mar,Delta,SFO,MSP,35.8,31.3,2024
6,Jun,Spirit,DFW,BOS,34.6,28.5,2024
8,Aug,American,MCO,IAH,21.8,28.9,2024
6,Jun,American,DFW,JFK,10.5,9.6,2024
12,Dec,United,CLT,PHX,40.7,54.1,2024
10,Oct,Frontier,ATL,JFK,23.1,25.1,2024
3,Mar,JetBlue,JFK,DEN,18.9,21.7,2024
4,Apr,Southwest,DTW,CLT,22.7,22.1,2024
1,Jan,Frontier,DTW,CLT,24.1,31.7,2024
8,Aug,Alaska,PHX,BOS,15.9,29.0,2024
4,Apr,JetBlue,SFO,LAS,30.0,18.7,2024
6,Jun,JetBlue,BOS,MSP,24.4,23.1,2024
11,Nov,Alaska,SLC,EWR,20.4,17.0,2024
3,Mar,Alaska,LAS,LAX,20.6,15.6,2024
11,Nov,Delta,ORD,LGA,11.3,9.2,2024
12,Dec,United,DFW,LAS,12.5,9.7,2024
11,Nov,Spirit,MSP,SLC,26.7,11.1,2024
6,Jun,Delta,PHX,JFK,15.8,22.3,2024
12,Dec,Frontier,DTW,DFW,23.7,11.7,2024
11,Nov,American,JFK,CLT,9.8,9.0,2024
9,Sep,Frontier,SEA,IAH,9.9,19.6,2024
9,Sep,Alaska,SLC,BOS,25.2,37.0,2024
10,Oct,Southwest,PHX,BOS,32.7,26.6,2024
3,Mar,Spirit,DEN,MCO,26.2,7.0,2024
3,Mar,United,DEN,LGA,19.5,13.0,2024
4,Apr,Spirit,DEN,SFO,18.9,22.0,2024
12,Dec,United,LAS,MCO,6.6,19.3,2024
7,Jul,JetBlue,LAS,DEN,32.4,24.4,2024
3,Mar,Frontier,CLT,BOS,27.0,15.1,2024
10,Oct,Frontier,LAS,LGA,16.8,24.1,2024
8,Aug,Delta,DTW,LAX,9.6,9.5,2024
11,Nov,JetBlue,JFK,DFW,20.3,13.4,2024
8,Aug,Frontier,MCO,LAX,14.1,21.8,2024
6,Jun,JetBlue,SEA,DTW,29.2,31.0,2024
4,Apr,United,LAX,DTW,21.4,17.0,2024
11,Nov,Southwest,DEN,MSP,8.4,16.8,2024
12,Dec,American,LGA,LGA,28.9,41.4,2024
11,Nov,JetBlue,PHX,LGA,5.1,10.5,2024
5,May,Alaska,DTW,IAH,1.5,5.9,2024
12,Dec,Frontier,IAH,ORD,25.4,181.7,2024
2,Feb,Southwest,ATL,EWR,18.0,23.8,2024
6,Jun,Alaska,LAX,SLC,19.8,38.4,2024
3,Mar,JetBlue,DFW,JFK,39.4,50.9,2024
6,Jun,Southwest,MSP,JFK,0.5,23.8,2024
12,Dec,Delta,EWR,IAH,18.4,28.8,2024
5,May,Alaska,DEN,LAS,14.7,10.2,2024
2,Feb,American,PHX,IAH,51.9,69.3,2024
12,Dec,United,LGA,JFK,58.2,63.8,2024
5,May,Delta,MIA,LAS,33.9,28.7,2024
5,May,Frontier,DEN,IAH,40.1,39.4,2024
9,Sep,JetBlue,CLT,EWR,16.1,12.8,2024
11,Nov,JetBlue,DFW,MSP,13.7,17.4,2024
8,Aug,American,SFO,MIA,17.6,15.7,2024
12,Dec,Frontier,PHX,SEA,24.4,27.9,2024
12,Dec,Spirit,DFW,LGA,34.2,41.8,2024
7,Jul,Spirit,MCO,LAS,24.6,24.2,2024
12,Dec,Alaska,DEN,JFK,17.9,40.2,2024
3,Mar,Alaska,DEN,ATL,38.5,31.3,2024
10,Oct,Frontier,MIA,ATL,28.2,25.5,2024
4,Apr,American,SLC,MSP,18.8,21.0,2024
6,Jun,American,DEN,SFO,22.7,27.1,2024
3,Mar,JetBlue,SEA,PHX,23.9,7.8,2024
11,Nov,JetBlue,SFO,IAH,34.2,37.9,2024
9,Sep,United,SEA,JFK,53.9,44.1,2024
8,Aug,American,MSP,MSP,21.2,32.2,2024
6,Jun,Southwest,DEN,DEN,10.3,15.5,2024
4,Apr,Spirit,IAH,CLT,27.9,22.8,2024
7,Jul,United,LAS,BOS,5.6,50.5,2024
11,Nov,Southwest,LAX,MIA,18.0,35.6,2024
3,Mar,Spirit,EWR,SEA,24.0,18.4,2024
10,Oct,Delta,DTW,DEN,35.2,29.3,2024
8,Aug,American,LGA,SEA,9.0,15.7,2024
1,Jan,United,JFK,DEN,21.8,34.9,2024
3,Mar,Alaska,ORD,PHX,27.0,36.0,2024
11,Nov,Spirit,LGA,CLT,21.8,17.4,2024
5,May,United,MSP,JFK,33.2,28.4,2024
5,May,Delta,JFK,IAH,45.2,53.9,2024
10,Oct,Delta,SEA,ORD,38.0,35.4,2024
2,Feb,Delta,JFK,LAS,22.0,22.9,2024
10,Oct,Spirit,EWR,PHX,22.5,13.9,2024
8,Aug,United,JFK,SFO,13.9,15.8,2024
5,May,JetBlue,LGA,SLC,48.7,36.2,2024
7,Jul,Southwest,ORD,LAX,16.8,17.6,2024
7,Jul,Alaska,BOS,SEA,17.4,30.8,2024
5,May,Alaska,JFK,SFO,27.6,25.1,2024
8,Aug,Southwest,SFO,DEN,25.8,26.3,2024
9,Sep,Alaska,MIA,DFW,32.2,25.6,2024
4,Apr,Delta,LAS,MIA,8.0,7.9,2024
4,Apr,Alaska,EWR,PHX,25.5,14.4,2024
8,Aug,JetBlue,DEN,ATL,19.8,9.8,2024
1,Jan,JetBlue,CLT,DFW,12.1,21.4,2024
4,Apr,Delta,DFW,JFK,16.3,19.6,2024
6,Jun,American,DEN,IAH,33.1,40.1,2024
4,Apr,United,SFO,MSP,25.5,28.4,2024
6,Jun,Frontier,ORD,MSP,21.5,21.0,2024
5,May,Spirit,DFW,ATL,18.4,16.1,2024
9,Sep,American,CLT,DFW,34.2,36.4,2024
10,Oct,Spirit,LAX,DFW,24.9,25.3,2024
9,Sep,Spirit,DEN,IAH,25.3,24.1,2024
4,Apr,JetBlue,SFO,IAH,8.0,12.2,2024
4,Apr,Delta,LGA,IAH,10.5,23.3,2024
12,Dec,Frontier,SEA,CLT,21.4,171.4,2024
8,Aug,United,LAS,IAH,9.1,29.7,2024
10,Oct,Southwest,PHX,CLT,23.1,13.8,2024
4,Apr,Alaska,MIA,LGA,6.2,-6.5,2024
2,Feb,JetBlue,ATL,DEN,20.1,38.7,2024
2,Feb,United,CLT,MIA,62.3,172.8,2024
1,Jan,United,SEA,EWR,18.4,28.3,2024
5,May,American,SLC,MCO,22.3,36.1,2024
6,Jun,Southwest,BOS,LAX,5.2,13.0,2024
9,Sep,American,JFK,LGA,12.0,15.9,2024
5,May,American,PHX,ATL,29.7,23.4,2024
6,Jun,American,DEN,IAH,26.9,40.4,2024
6,Jun,American,SFO,LGA,28.7,42.7,2024
3,Mar,JetBlue,SFO,IAH,25.6,21.9,2024
12,Dec,Southwest,LAS,SLC,18.4,26.2,2024
4,Apr,American,CLT,DEN,15.6,15.0,2024
1,Jan,Frontier,JFK,MSP,14.3,13.8,2024
4,Apr,Spirit,EWR,JFK,42.8,46.7,2024
1,Jan,JetBlue,SFO,MSP,37.2,43.4,2024
5,May,Spirit,CLT,IAH,27.3,18.0,2024
11,Nov,Alaska,LAX,DFW,80.5,74.6,2024
11,Nov,JetBlue,SEA,LAS,-0.8,-2.7,2024
8,Aug,Frontier,BOS,ORD,35.1,22.7,2024
8,Aug,United,MIA,SEA,19.8,20.4,2024
5,May,United,JFK,MSP,21.7,28.6,2024
10,Oct,Delta,MCO,MIA,1.8,0.6,2024
2,Feb,Frontier,MSP,PHX,22.5,29.9,2024
12,Dec,JetBlue,EWR,MIA,10.5,24.9,2024
6,Jun,Spirit,SEA,ORD,30.9,42.2,2024
1,Jan,Delta,LGA,DTW,10.3,24.2,2024
7,Jul,JetBlue,MSP,DTW,31.1,34.9,2024
11,Nov,American,DFW,SLC,9.8,10.8,2024
4,Apr,American,MCO,DFW,6.4,8.5,2024
5,May,Frontier,PHX,ATL,23.0,22.7,2024
6,Jun,Delta,MCO,LAX,25.4,30.0,2024
11,Nov,American,EWR,JFK,4.2,14.8,2024
1,Jan,Frontier,LGA,MSP,26.2,30.7,2024
9,Sep,Frontier,SEA,DTW,22.8,21.6,2024
10,Oct,American,MIA,ATL,38.6,43.3,2024
4,Apr,Spirit,DEN,SEA,15.9,-3.9,2024
8,Aug,Frontier,EWR,IAH,45.3,48.7,2024
5,May,United,SEA,DTW,20.1,15.1,2024
11,Nov,American,EWR,LAX,10.1,6.0,2024
8,Aug,United,DFW,BOS,23.0,21.9,2024
1,Jan,Southwest,JFK,ATL,6.0,28.6,2024
8,Aug,JetBlue,SEA,CLT,24.3,30.0,2024
11,Nov,United,LAS,MIA,17.6,20.1,2024
11,Nov,Alaska,MSP,IAH,17.1,21.3,2024
4,Apr,Alaska,LGA,LGA,1.8,17.4,2024
2,Feb,United,LAS,ORD,15.4,28.4,2024
11,Nov,United,MSP,CLT,25.2,22.3,2024
6,Jun,Alaska,LAS,MSP,-0.5,11.3,2024
2,Feb,JetBlue,JFK,ORD,52.1,53.6,2024
5,May,JetBlue,PHX,MSP,23.0,19.2,2024
2,Feb,JetBlue,DEN,LAS,17.4,23.3,2024
3,Mar,Alaska,SFO,PHX,-0.3,24.4,2024
11,Nov,Frontier,MIA,ATL,17.2,9.7,2024
6,Jun,American,LAS,LAX,29.8,21.1,2024
1,Jan,United,PHX,DTW,14.3,22.8,2024
6,Jun,JetBlue,MIA,DEN,44.1,49.9,2024
3,Mar,Frontier,ORD,PHX,24.8,8.6,2024
7,Jul,Southwest,SEA,SLC,12.6,9.9,2024
2,Feb,Alaska,LGA,SEA,1.1,21.5,2024
6,Jun,JetBlue,SFO,MSP,50.7,50.3,2024
8,Aug,Spirit,BOS,LAS,34.7,49.0,2024
1,Jan,Spirit,EWR,IAH,53.7,60.2,2024
11,Nov,Delta,CLT,DFW,17.3,32.3,2024
11,Nov,Delta,MSP,SEA,16.6,18.0,2024
9,Sep,Frontier,IAH,DEN,36.7,24.5,2024
5,May,United,IAH,JFK,6.7,5.6,2024
5,May,United,DEN,MCO,19.8,18.5,2024
12,Dec,United,DTW,DEN,26.0,40.9,2024
5,May,Spirit,MIA,ATL,14.3,8.4,2024
6,Jun,Spirit,ORD,SLC,51.9,61.6,2024
2,Feb,American,LGA,DFW,35.7,38.0,2024
6,Jun,Alaska,BOS,ATL,5.7,12.2,2024
11,Nov,Delta,ORD,SLC,20.5,22.8,2024
4,Apr,Delta,LAX,DFW,19.3,18.2,2024
8,Aug,United,DFW,DTW,49.7,50.7,2024
11,Nov,Alaska,IAH,DTW,17.2,12.3,2024
9,Sep,Delta,MCO,LAS,22.1,17.6,2024
9,Sep,Delta,DTW,SLC,13.8,18.8,2024
8,Aug,American,SEA,MIA,40.0,41.6,2024
3,Mar,Southwest,LAX,EWR,8.7,10.3,2024
10,Oct,Frontier,SLC,SLC,25.6,23.1,2024
11,Nov,United,PHX,DFW,21.8,13.9,2024
11,Nov,Frontier,DEN,LAS,16.7,16.4,2024
4,Apr,Southwest,MIA,LGA,27.5,36.3,2024
1,Jan,Southwest,LAS,CLT,12.7,12.6,2024
9,Sep,American,EWR,SEA,21.7,20.3,2024
5,May,Spirit,DEN,MSP,26.6,26.0,2024
6,Jun,Delta,CLT,ATL,-0.9,17.1,2024
3,Mar,United,DTW,LAX,82.3,84.9,2024
11,Nov,Frontier,LAS,PHX,12.9,9.2,2024
10,Oct,JetBlue,MCO,MSP,44.7,45.9,2024
8,Aug,Spirit,DEN,MIA,34.8,25.0,2024
7,Jul,Southwest,CLT,DTW,14.6,14.8,2024
1,Jan,Alaska,LAS,EWR,3.3,15.6,2024
10,Oct,Southwest,DFW,JFK,23.3,21.3,2024
12,Dec,American,DFW,LAX,25.5,34.2,2024
5,May,Southwest,MCO,DEN,26.9,22.9,2024
10,Oct,Frontier,SFO,SLC,36.9,29.3,2024
9,Sep,Southwest,CLT,SFO,2.1,0.6,2024
12,Dec,Southwest,LGA,LGA,15.3,26.0,2024
11,Nov,American,IAH,DEN,31.8,32.5,2024
12,Dec,Delta,SFO,BOS,38.4,49.2,2024
6,Jun,Frontier,SLC,SLC,34.7,34.2,2024
8,Aug,Alaska,PHX,IAH,67.7,72.6,2024
10,Oct,Southwest,MSP,BOS,41.0,32.3,2024
1,Jan,United,LAX,ORD,24.5,33.7,2024
10,Oct,Alaska,MCO,DFW,14.1,22.7,2024
11,Nov,Southwest,MIA,CLT,12.0,10.4,2024
7,Jul,Southwest,DEN,CLT,57.4,62.5,2024
3,Mar,United,JFK,MIA,14.3,9.9,2024
9,Sep,American,ORD,LAX,35.6,32.3,2024
6,Jun,JetBlue,ATL,IAH,52.8,47.4,2024
5,May,United,ORD,ORD,39.6,33.5,2024
8,Aug,Spirit,ORD,IAH,14.8,23.4,2024
8,Aug,JetBlue,DFW,DTW,22.0,12.5,2024
12,Dec,Delta,SFO,JFK,12.4,24.4,2024
12,Dec,Delta,CLT,LAX,4.7,143.7,2024
3,Mar,Southwest,MIA,ATL,10.6,27.2,2024
2,Feb,Frontier,IAH,SEA,25.3,27.6,2024
2,Feb,Alaska,BOS,PHX,19.7,26.0,2024
5,May,Southwest,DFW,MCO,20.2,20.5,2024
10,Oct,American,MIA,IAH,17.9,19.4,2024
12,Dec,JetBlue,JFK,MCO,17.5,29.8,2024
7,Jul,Delta,SLC,MIA,7.5,9.9,2024
8,Aug,Delta,IAH,IAH,21.8,26.6,2024
10,Oct,Southwest,CLT,EWR,27.8,35.1,2024
8,Aug,Southwest,ORD,DEN,16.9,27.7,2024
12,Dec,Frontier,LGA,SFO,49.7,147.5,2024
8,Aug,American,ATL,LAX,27.4,27.3,2024
10,Oct,Frontier,LAX,MIA,30.0,152.1,2024
12,Dec,Southwest,SLC,MSP,15.8,18.3,2024
11,Nov,Frontier,LAS,MCO,33.4,31.0,2024
3,Mar,Spirit,SEA,EWR,12.5,3.8,2024
11,Nov,Frontier,BOS,DTW,54.9,49.4,2024
2,Feb,Alaska,CLT,SFO,7.0,30.2,2024
4,Apr,Southwest,SFO,SFO,8.4,5.7,2024
1,Jan,Alaska,EWR,BOS,8.7,19.4,2024
3,Mar,Spirit,SFO,BOS,34.2,23.9,2024
11,Nov,Alaska,MCO,MCO,24.2,13.3,2024
9,Sep,American,BOS,ATL,42.4,35.8,2024
7,Jul,Southwest,LGA,JFK,5.3,14.7,2024
7,Jul,Frontier,MIA,SEA,36.9,40.1,2024
1,Jan,Alaska,DFW,MSP,18.4,19.1,2024
7,Jul,Frontier,SLC,DEN,40.5,39.1,2024
10,Oct,Alaska,LAX,PHX,-0.8,13.9,2024
7,Jul,Spirit,LAX,DTW,43.0,47.9,2024
4,Apr,Frontier,LGA,LAS,18.5,21.1,2024
7,Jul,Southwest,LAS,LGA,15.1,9.4,2024
8,Aug,Southwest,ATL,ORD,-3.0,24.7,2024
3,Mar,JetBlue,PHX,BOS,25.7,29.3,2024
10,Oct,Delta,CLT,BOS,20.9,32.0,2024
2,Feb,United,CLT,MIA,16.0,10.7,2024
7,Jul,Delta,LAX,DFW,48.9,40.7,2024
5,May,Frontier,DTW,SEA,22.4,26.6,2024
5,May,JetBlue,DFW,PHX,51.5,46.6,2024
5,May,United,IAH,DTW,10.3,12.0,2024
7,Jul,Delta,LAS,ATL,21.4,22.7,2024
9,Sep,American,LAX,BOS,38.8,36.2,2024
11,Nov,Spirit,LAX,DEN,28.3,20.3,2024
8,Aug,JetBlue,IAH,DTW,24.6,30.2,2024
6,Jun,American,LGA,DFW,34.4,46.6,2024
7,Jul,American,LAS,LGA,15.9,14.3,2024
9,Sep,Delta,SEA,MSP,0.5,8.5,2024
11,Nov,Spirit,LAX,ORD,30.8,19.1,2024
6,Jun,Alaska,LAX,MIA,9.0,19.0,2024
1,Jan,United,DEN,MIA,51.6,53.5,2024
4,Apr,Frontier,BOS,DEN,13.1,8.9,2024
8,Aug,Alaska,EWR,JFK,22.3,35.0,2024
7,Jul,Southwest,DTW,DFW,9.5,28.0,2024
3,Mar,Southwest,MCO,PHX,11.4,20.3,2024
10,Oct,JetBlue,LAX,PHX,15.6,8.5,2024
3,Mar,American,SEA,BOS,21.6,13.0,2024
11,Nov,JetBlue,DFW,IAH,33.8,25.4,2024
3,Mar,Frontier,MCO,CLT,37.4,26.3,2024
12,Dec,Delta,LAS,IAH,7.3,27.6,2024
1,Jan,Spirit,MCO,ORD,14.4,30.5,2024
10,Oct,Spirit,SLC,ORD,47.9,57.0,2024
1,Jan,American,LAX,ATL,35.6,119.2,2024
6,Jun,Southwest,EWR,LGA,40.9,48.8,2024
1,Jan,Delta,MIA,PHX,12.6,27.6,2024
5,May,Delta,SEA,JFK,11.4,18.2,2024
4,Apr,Frontier,BOS,MIA,32.7,33.6,2024
5,May,Frontier,ORD,DTW,18.0,6.6,2024
7,Jul,Alaska,MSP,LGA,32.7,40.8,2024
6,Jun,JetBlue,LAX,SFO,44.4,59.7,2024
12,Dec,Spirit,MSP,DFW,24.9,30.7,2024
9,Sep,JetBlue,SEA,MIA,17.0,6.5,2024
6,Jun,Alaska,CLT,SLC,18.9,17.3,2024
9,Sep,Spirit,LAS,LAS,22.8,11.8,2024
4,Apr,United,MIA,SEA,20.8,14.8,2024
1,Jan,Southwest,ORD,MCO,8.9,17.8,2024
1,Jan,Southwest,SFO,DFW,24.8,19.0,2024
10,Oct,JetBlue,DTW,EWR,27.2,21.9,2024
7,Jul,Southwest,CLT,JFK,27.4,32.1,2024
3,Mar,Southwest,LAS,JFK,26.3,220.1,2024
2,Feb,Delta,MCO,SLC,13.0,22.9,2024
6,Jun,Alaska,MIA,LAX,12.2,16.4,2024
6,Jun,Alaska,SFO,MIA,29.1,28.1,2024
7,Jul,American,BOS,IAH,11.2,12.3,2024
5,May,American,SLC,LAS,9.1,3.2,2024
8,Aug,United,IAH,EWR,35.9,36.3,2024
7,Jul,Frontier,MSP,MIA,48.0,48.6,2024
2,Feb,American,MIA,DTW,16.9,33.4,2024
1,Jan,Alaska,ATL,SEA,20.1,14.4,2024
9,Sep,Frontier,JFK,MSP,18.5,19.2,2024
5,May,Southwest,LAX,PHX,13.7,18.9,2024
12,Dec,Alaska,MSP,BOS,35.5,40.5,2024
11,Nov,Delta,MSP,ORD,8.3,20.3,2024
5,May,Alaska,SLC,LAX,10.1,16.4,2024
12,Dec,Frontier,LAS,MIA,28.5,25.0,2024
10,Oct,American,SLC,IAH,18.5,17.8,2024
4,Apr,Frontier,ATL,DFW,26.1,21.2,2024
2,Feb,Southwest,SEA,SEA,4.0,14.1,2024
5,May,Alaska,DTW,MIA,7.7,5.7,2024
2,Feb,Southwest,EWR,CLT,13.9,17.1,2024
12,Dec,JetBlue,DFW,LAX,13.1,16.2,2024
7,Jul,Spirit,IAH,SLC,7.9,18.9,2024
11,Nov,Alaska,DTW,CLT,6.8,20.8,2024
9,Sep,JetBlue,LAS,MSP,31.2,28.8,2024
9,Sep,American,CLT,LAX,11.5,17.5,2024
11,Nov,JetBlue,ORD,ORD,33.1,18.4,2024
6,Jun,Southwest,DFW,DTW,22.3,23.6,2024
1,Jan,Southwest,IAH,MCO,12.5,28.6,2024
6,Jun,JetBlue,DTW,MSP,37.8,41.3,2024
5,May,Spirit,CLT,EWR,42.6,47.4,2024
4,Apr,Delta,SEA,BOS,24.8,32.5,2024
12,Dec,JetBlue,PHX,ATL,55.6,49.7,2024
6,Jun,Delta,BOS,JFK,8.7,26.8,2024
6,Jun,Spirit,LAS,MSP,23.8,25.1,2024
6,Jun,JetBlue,SEA,LAX,29.8,21.2,2024
2,Feb,Southwest,LGA,IAH,17.7,23.6,2024
7,Jul,Alaska,LAS,LGA,19.3,21.6,2024
4,Apr,Frontier,MSP,SLC,45.4,43.2,2024
12,Dec,Southwest,DTW,CLT,41.5,49.4,2024
9,Sep,JetBlue,DEN,SEA,16.3,25.0,2024
10,Oct,United,LAS,LAS,52.9,55.1,2024
2,Feb,Delta,EWR,SEA,10.4,14.2,2024
5,May,United,SLC,SEA,9.1,5.3,2024
4,Apr,Southwest,SFO,MIA,9.1,22.1,2024
9,Sep,Spirit,BOS,IAH,32.8,22.8,2024
4,Apr,Delta,LAX,LGA,8.1,-2.1,2024
8,Aug,Frontier,IAH,JFK,10.7,14.9,2024
8,Aug,Alaska,IAH,LAX,24.7,31.3,2024
6,Jun,Frontier,EWR,ATL,30.5,28.8,2024
6,Jun,Frontier,MIA,PHX,23.3,21.5,2024
11,Nov,Frontier,LAX,SEA,33.3,32.7,2024
8,Aug,Spirit,DTW,EWR,29.9,31.4,2024
12,Dec,JetBlue,DFW,DTW,7.7,23.2,2024
12,Dec,Delta,SFO,EWR,14.5,28.0,2024
10,Oct,Delta,LAX,DTW,38.7,42.5,2024
9,Sep,Spirit,DTW,SFO,37.8,23.4,2024
5,May,American,SFO,IAH,11.6,7.4,2024
11,Nov,Alaska,LAS,MCO,25.6,21.6,2024
1,Jan,Delta,SEA,LAS,14.2,13.4,2024
1,Jan,Alaska,LAS,DFW,7.7,15.2,2024
2,Feb,Southwest,SFO,EWR,43.2,54.5,2024
10,Oct,Alaska,SLC,MIA,25.6,19.8,2024
10,Oct,United,LGA,LAS,25.8,29.1,2024
5,May,Frontier,MSP,LGA,32.8,27.0,2024
4,Apr,Frontier,MIA,MIA,32.7,24.1,2024
1,Jan,United,IAH,MCO,47.0,62.0,2024
4,Apr,Alaska,LGA,ORD,25.1,16.6,2024
4,Apr,JetBlue,EWR,MIA,16.6,22.8,2024
10,Oct,American,PHX,SEA,12.3,20.2,2024
4,Apr,Frontier,DFW,PHX,26.6,18.3,2024
1,Jan,United,DFW,JFK,28.3,47.5,2024
9,Sep,Spirit,MIA,LGA,38.0,41.6,2024
3,Mar,United,SEA,JFK,21.5,11.4,2024
4,Apr,Delta,LAS,SFO,29.9,24.5,2024
5,May,Alaska,EWR,MSP,9.6,8.3,2024
7,Jul,Southwest,PHX,JFK,27.1,33.1,2024
6,Jun,Alaska,LAS,ORD,22.3,14.5,2024
5,May,Alaska,ORD,MSP,18.0,13.0,2024
8,Aug,Southwest,LAX,PHX,17.0,26.4,2024
1,Jan,JetBlue,LAS,DFW,10.4,16.1,2024
7,Jul,Southwest,MSP,DEN,10.7,20.1,2024
12,Dec,United,JFK,SLC,23.7,29.0,2024
6,Jun,Delta,DFW,IAH,15.2,23.2,2024
11,Nov,Southwest,DTW,SFO,6.7,11.8,2024
5,May,American,MIA,ATL,11.4,6.2,2024
7,Jul,American,LAX,LGA,9.3,12.4,2024
3,Mar,American,ORD,MCO,7.6,11.6,2024
1,Jan,Southwest,DEN,MCO,21.0,130.8,2024
9,Sep,Delta,SFO,IAH,25.2,196.2,2024
2,Feb,Southwest,MIA,DEN,8.6,20.0,2024
10,Oct,United,BOS,JFK,50.3,42.6,2024
3,Mar,Southwest,MIA,PHX,36.3,49.5,2024
8,Aug,Spirit,SLC,SLC,32.1,35.7,2024
12,Dec,Spirit,MSP,PHX,42.5,45.1,2024
10,Oct,Alaska,DFW,JFK,7.7,5.9,2024
9,Sep,Frontier,DTW,PHX,29.9,27.7,2024
3,Mar,American,BOS,PHX,11.3,6.2,2024
6,Jun,Frontier,LAX,BOS,9.4,9.9,2024
7,Jul,American,SEA,DFW,17.8,28.1,2024
1,Jan,Alaska,SLC,MSP,7.1,28.0,2024
7,Jul,Delta,MSP,PHX,19.0,28.7,2024
4,Apr,JetBlue,ATL,EWR,23.5,27.4,2024
5,May,American,DEN,SLC,38.6,24.7,2024
8,Aug,American,MIA,JFK,19.0,283.8,2024
4,Apr,Frontier,MIA,LAS,32.5,31.8,2024
4,Apr,JetBlue,MSP,DTW,29.7,27.4,2024
8,Aug,Southwest,LAX,PHX,49.3,60.7,2024
5,May,American,SLC,SEA,27.3,28.1,2024
6,Jun,Delta,EWR,ORD,45.0,54.2,2024
12,Dec,Frontier,DEN,LGA,16.5,20.8,2024
11,Nov,Spirit,DTW,SLC,28.1,20.0,2024
5,May,Southwest,SLC,ORD,29.4,32.9,2024
1,Jan,Southwest,DEN,DTW,37.3,49.3,2024
7,Jul,American,LAS,JFK,3.6,18.8,2024
6,Jun,Southwest,BOS,SLC,31.9,46.1,2024
2,Feb,Southwest,EWR,IAH,39.7,35.9,2024
11,Nov,Delta,SLC,BOS,16.4,10.2,2024
7,Jul,Southwest,CLT,CLT,9.9,33.0,2024
6,Jun,Alaska,LGA,JFK,13.2,16.3,2024
5,May,American,CLT,BOS,21.6,16.6,2024
8,Aug,Frontier,ORD,SLC,22.6,25.0,2024
5,May,American,LGA,SFO,10.1,17.2,2024
11,Nov,Alaska,MSP,MCO,27.6,26.0,2024
2,Feb,Spirit,LAS,PHX,18.8,21.7,2024
6,Jun,Alaska,MSP,IAH,15.6,30.1,2024
12,Dec,Alaska,EWR,LAX,14.4,26.0,2024
1,Jan,JetBlue,SLC,MSP,17.5,31.7,2024
5,May,United,DTW,CLT,21.3,24.0,2024
6,Jun,JetBlue,SEA,DFW,21.2,14.5,2024
7,Jul,Frontier,SLC,SFO,56.9,52.6,2024
2,Feb,Delta,ORD,ORD,20.6,27.9,2024
1,Jan,Delta,IAH,EWR,37.7,42.2,2024
6,Jun,Frontier,EWR,LAS,19.7,146.7,2024
3,Mar,Spirit,DTW,LGA,12.8,16.2,2024
5,May,American,EWR,SEA,42.2,34.8,2024
12,Dec,Frontier,LGA,IAH,43.4,51.8,2024
11,Nov,United,MCO,MSP,39.8,106.6,2024
2,Feb,JetBlue,MIA,LAX,15.7,25.7,2024
1,Jan,Spirit,MSP,ATL,15.3,18.4,2024
1,Jan,Spirit,MIA,EWR,40.2,48.0,2024
11,Nov,United,DFW,EWR,48.0,53.0,2024
4,Apr,American,DTW,MIA,25.8,31.5,2024
10,Oct,Spirit,DEN,DFW,44.2,124.9,2024
2,Feb,Spirit,DFW,MIA,33.9,39.7,2024
1,Jan,Southwest,ATL,JFK,39.2,41.8,2024
6,Jun,American,DTW,MIA,31.7,40.9,2024
4,Apr,Spirit,SFO,ATL,22.1,184.9,2024
10,Oct,Frontier,PHX,LAS,43.2,27.7,2024
12,Dec,American,LAX,SFO,42.8,50.0,2024
7,Jul,United,PHX,ORD,14.0,10.9,2024
11,Nov,Delta,ORD,LAS,6.7,6.8,2024
6,Jun,Southwest,SEA,LAX,13.9,17.2,2024
5,May,Southwest,PHX,PHX,14.1,18.3,2024
10,Oct,Spirit,SEA,LGA,28.3,34.2,2024
12,Dec,Delta,DTW,ATL,31.5,47.0,2024
12,Dec,United,IAH,IAH,29.1,44.6,2024
12,Dec,United,LAS,JFK,18.4,37.7,2024
12,Dec,Delta,LAS,JFK,20.5,32.8,2024
2,Feb,JetBlue,DFW,LAS,18.6,33.2,2024
5,May,United,ORD,PHX,22.8,20.4,2024
9,Sep,Spirit,DTW,CLT,20.4,13.4,2024
9,Sep,Delta,DTW,DFW,19.4,19.9,2024
2,Feb,JetBlue,EWR,SEA,18.6,19.0,2024
7,Jul,American,DEN,DFW,22.0,23.0,2024
10,Oct,Southwest,MCO,ORD,25.1,23.4,2024
4,Apr,Delta,CLT,DFW,17.9,15.0,2024
3,Mar,Spirit,LAS,ATL,27.3,19.3,2024
11,Nov,United,SFO,LAS,17.5,16.7,2024
1,Jan,Southwest,MSP,MIA,39.5,39.4,2024
3,Mar,JetBlue,SEA,SLC,38.1,39.6,2024
11,Nov,Spirit,BOS,MCO,20.3,10.3,2024
9,Sep,Southwest,DFW,SFO,13.5,8.8,2024
9,Sep,Spirit,EWR,DEN,20.3,14.7,2024
7,Jul,Alaska,JFK,LAX,17.1,20.6,2024
3,Mar,Delta,DEN,SLC,24.8,19.7,2024
3,Mar,American,ATL,ORD,43.1,32.2,2024
4,Apr,JetBlue,DTW,CLT,18.9,21.9,2024
7,Jul,Spirit,LAS,SFO,17.4,22.4,2024
7,Jul,JetBlue,IAH,DEN,51.0,39.9,2024
12,Dec,JetBlue,JFK,PHX,8.5,26.8,2024
12,Dec,Southwest,CLT,LAS,7.2,21.4,2024
2,Feb,American,EWR,DTW,43.9,36.9,2024
12,Dec,Spirit,SEA,MSP,34.2,39.5,2024
5,May,Delta,SLC,ATL,21.4,32.6,2024
7,Jul,Delta,DEN,EWR,9.7,16.2,2024
7,Jul,Southwest,DTW,MCO,9.2,11.4,2024
6,Jun,Alaska,SFO,SEA,20.8,33.4,2024
10,Oct,Spirit,DFW,LGA,38.2,28.6,2024
10,Oct,Delta,ATL,JFK,11.9,5.8,2024
12,Dec,Frontier,DFW,LAX,40.6,27.5,2024
8,Aug,Delta,DTW,MSP,14.1,27.5,2024
3,Mar,American,EWR,SEA,11.7,7.9,2024
1,Jan,Southwest,SFO,LAS,10.6,7.4,2024
3,Mar,Southwest,PHX,MSP,25.2,38.1,2024
11,Nov,JetBlue,PHX,IAH,28.1,153.7,2024
2,Feb,Delta,DFW,IAH,14.9,105.8,2024
2,Feb,United,BOS,LAS,12.1,29.3,2024
2,Feb,Alaska,JFK,LAX,12.3,30.5,2024
5,May,American,MSP,DFW,22.0,12.8,2024
1,Jan,American,ATL,IAH,12.2,24.7,2024
10,Oct,Frontier,SEA,LGA,32.5,33.5,2024
4,Apr,Spirit,EWR,BOS,25.7,25.9,2024
10,Oct,Alaska,DEN,EWR,8.7,3.8,2024
5,May,Alaska,SFO,MSP,17.5,17.9,2024
2,Feb,United,ORD,MIA,35.5,55.2,2024
5,May,JetBlue,LAX,DTW,20.7,11.6,2024
10,Oct,United,LAX,PHX,19.4,10.8,2024
4,Apr,Alaska,MCO,SLC,2.8,-2.2,2024
8,Aug,Spirit,PHX,LGA,18.1,16.5,2024
1,Jan,Alaska,MCO,LAS,12.7,22.8,2024
12,Dec,United,LAS,DTW,24.5,41.2,2024
5,May,JetBlue,IAH,DEN,16.2,21.5,2024
11,Nov,United,JFK,ORD,23.8,21.9,2024
12,Dec,Spirit,MCO,SEA,19.8,24.5,2024
10,Oct,JetBlue,JFK,IAH,11.8,12.2,2024
1,Jan,Frontier,PHX,ORD,18.2,25.2,2024
10,Oct,Alaska,LAS,LAX,15.1,11.5,2024
10,Oct,Alaska,LAS,MIA,13.0,11.2,2024
4,Apr,Alaska,ORD,DEN,7.2,15.4,2024
8,Aug,Frontier,BOS,SFO,23.6,30.6,2024
1,Jan,Delta,MIA,DTW,4.6,17.5,2024
11,Nov,JetBlue,DTW,SLC,36.4,28.9,2024
2,Feb,Alaska,SLC,LAX,3.3,17.4,2024
1,Jan,Southwest,PHX,LAS,15.0,27.5,2024
11,Nov,Spirit,SLC,PHX,25.5,21.2,2024
7,Jul,Southwest,DEN,SLC,6.1,12.9,2024
2,Feb,United,LAS,LGA,23.6,34.1,2024
1,Jan,Southwest,ATL,SFO,16.6,30.3,2024
12,Dec,JetBlue,CLT,IAH,15.0,23.1,2024
6,Jun,Delta,DFW,JFK,14.5,9.2,2024
6,Jun,JetBlue,SFO,LAS,17.7,23.3,2024
10,Oct,American,JFK,SEA,2.6,1.3,2024
2,Feb,Frontier,CLT,LAS,56.5,61.8,2024
1,Jan,United,JFK,ATL,22.4,18.2,2024
10,Oct,Alaska,SFO,LAX,1.2,18.0,2024
3,Mar,Delta,MCO,DFW,5.0,16.8,2024
10,Oct,United,ORD,MCO,32.3,28.0,2024
5,May,American,MSP,IAH,15.9,6.4,2024
6,Jun,Southwest,LAX,PHX,4.0,11.8,2024
3,Mar,American,ORD,ATL,13.6,11.3,2024
9,Sep,Frontier,MSP,PHX,43.9,31.4,2024
11,Nov,Southwest,LAS,LAS,10.6,3.4,2024
5,May,Frontier,SLC,MSP,30.1,38.7,2024
2,Feb,United,IAH,CLT,80.3,87.4,2024
10,Oct,United,DEN,IAH,47.4,49.4,2024
6,Jun,Alaska,PHX,MSP,8.5,27.8,2024
12,Dec,Alaska,DTW,DEN,25.7,41.2,2024
8,Aug,United,LGA,LAX,7.2,18.3,2024
11,Nov,Alaska,ORD,SFO,7.5,18.7,2024
6,Jun,JetBlue,SFO,LAS,12.7,21.6,2024
4,Apr,Delta,LAS,SLC,10.6,4.8,2024
6,Jun,JetBlue,DEN,DTW,28.0,23.4,2024
8,Aug,Spirit,DFW,LGA,35.2,31.3,2024
8,Aug,Spirit,ORD,MCO,12.2,15.8,2024
10,Oct,American,MSP,MCO,11.6,14.4,2024
2,Feb,Frontier,LAS,MIA,31.7,29.7,2024
8,Aug,Frontier,SFO,DEN,15.1,11.7,2024
6,Jun,Spirit,SEA,BOS,38.4,42.2,2024
2,Feb,Delta,PHX,LAS,26.9,25.4,2024
1,Jan,United,ATL,LGA,32.3,46.2,2024
6,Jun,United,MCO,SEA,24.9,24.2,2024
7,Jul,United,ATL,SEA,16.7,15.5,2024
10,Oct,Southwest,SLC,BOS,32.0,109.1,2024
5,May,American,LAX,SLC,36.9,28.7,2024
10,Oct,JetBlue,BOS,PHX,44.1,34.5,2024
8,Aug,Alaska,MSP,LAX,18.3,20.9,2024
11,Nov,American,DTW,SEA,20.0,25.2,2024
12,Dec,Spirit,DEN,DTW,29.6,33.5,2024
9,Sep,Southwest,ORD,SLC,28.9,22.7,2024
4,Apr,Southwest,LGA,DFW,9.6,4.8,2024
7,Jul,Frontier,ATL,LAS,35.9,24.2,2024
8,Aug,Frontier,DTW,MSP,22.7,14.9,2024
6,Jun,American,JFK,LAS,19.9,23.0,2024
2,Feb,Southwest,LGA,MSP,21.5,27.3,2024
7,Jul,Alaska,DFW,EWR,16.7,16.4,2024
9,Sep,Delta,JFK,ATL,20.6,23.6,2024
5,May,Frontier,ATL,SEA,8.8,7.6,2024
2,Feb,United,LAS,LAS,16.4,19.7,2024
4,Apr,JetBlue,DFW,MSP,14.1,12.4,2024
3,Mar,Frontier,LAS,LGA,9.3,6.7,2024
4,Apr,Southwest,LAS,LAS,7.8,13.2,2024
10,Oct,JetBlue,MSP,SFO,38.6,39.5,2024
7,Jul,United,LGA,MCO,3.3,30.1,2024
10,Oct,Alaska,ORD,PHX,19.0,15.8,2024
8,Aug,American,JFK,DEN,39.5,42.1,2024
1,Jan,Spirit,MCO,LGA,33.4,45.8,2024
8,Aug,Frontier,CLT,LAX,17.5,16.7,2024
5,May,Alaska,DTW,LAS,23.4,23.1,2024
12,Dec,United,MSP,LAX,14.2,32.3,2024
7,Jul,Frontier,LAS,PHX,31.0,23.1,2024
11,Nov,JetBlue,CLT,BOS,39.5,34.0,2024
11,Nov,Delta,DTW,LAX,17.8,13.3,2024
1,Jan,American,DFW,CLT,28.4,29.1,2024
2,Feb,Southwest,MIA,ORD,28.1,37.0,2024
1,Jan,Delta,LAX,LAX,16.1,21.8,2024
5,May,Frontier,EWR,SFO,33.7,15.7,2024
6,Jun,United,SLC,LAS,12.1,13.1,2024
10,Oct,JetBlue,EWR,MIA,25.2,31.1,2024
9,Sep,JetBlue,SFO,EWR,19.4,24.5,2024
8,Aug,JetBlue,MIA,SFO,10.9,18.9,2024
7,Jul,United,BOS,MSP,31.9,22.3,2024
12,Dec,American,DFW,ORD,12.2,29.4,2024
5,May,Southwest,EWR,MIA,13.9,8.7,2024
3,Mar,Delta,EWR,ORD,26.6,37.3,2024
9,Sep,United,SFO,CLT,17.0,24.7,2024
5,May,JetBlue,MSP,SEA,30.3,15.0,2024
3,Mar,Southwest,DEN,SFO,20.9,19.7,2024
3,Mar,Frontier,ATL,DEN,26.3,95.6,2024
3,Mar,JetBlue,DEN,JFK,30.2,14.8,2024
6,Jun,United,DTW,SLC,25.6,44.0,2024
1,Jan,JetBlue,MIA,ORD,24.7,21.2,2024
11,Nov,United,LAX,MIA,17.2,11.1,2024
4,Apr,Spirit,IAH,JFK,23.8,93.4,2024
8,Aug,JetBlue,CLT,DTW,38.3,44.6,2024
3,Mar,United,DTW,LGA,12.7,5.5,2024
5,May,JetBlue,MSP,ORD,23.4,24.5,2024
2,Feb,Southwest,LAX,DFW,25.2,91.8,2024
2,Feb,Southwest,SLC,LAS,11.8,19.2,2024
11,Nov,JetBlue,SEA,MSP,26.5,29.5,2024
7,Jul,JetBlue,LGA,JFK,9.2,10.0,2024
10,Oct,United,CLT,PHX,24.2,20.7,2024
3,Mar,United,MCO,MCO,18.1,18.7,2024
5,May,Frontier,DTW,MCO,22.8,25.5,2024
3,Mar,United,ORD,MSP,33.8,37.8,2024
6,Jun,Frontier,LGA,DTW,28.6,25.0,2024
10,Oct,American,ORD,BOS,13.3,19.6,2024
3,Mar,JetBlue,MSP,MSP,10.7,13.1,2024
8,Aug,Alaska,IAH,PHX,5.6,9.8,2024
2,Feb,Frontier,ATL,SFO,17.9,28.1,2024
3,Mar,Frontier,SFO,DEN,10.6,5.2,2024
8,Aug,JetBlue,DEN,BOS,27.5,27.2,2024
8,Aug,JetBlue,LAX,LAX,35.6,34.5,2024
1,Jan,JetBlue,LGA,SEA,24.5,35.4,2024
8,Aug,United,PHX,SEA,16.8,31.3,2024
10,Oct,Spirit,DFW,SLC,30.0,20.4,2024
2,Feb,Spirit,LAS,DEN,37.7,104.7,2024
12,Dec,Spirit,MIA,SEA,15.7,16.9,2024
7,Jul,Spirit,BOS,PHX,16.9,19.9,2024
6,Jun,Frontier,BOS,MSP,25.8,31.9,2024
2,Feb,United,IAH,LAS,48.4,56.4,2024
5,May,American,DFW,SFO,15.8,10.8,2024
7,Jul,Spirit,LAS,MCO,23.3,30.2,2024
8,Aug,United,SEA,MCO,27.7,34.4,2024
3,Mar,Alaska,SLC,SLC,9.4,9.4,2024
1,Jan,JetBlue,MSP,MIA,9.1,131.0,2024
7,Jul,JetBlue,LAX,SEA,15.5,13.2,2024
5,May,Spirit,SLC,EWR,64.8,163.7,2024
5,May,Frontier,DTW,PHX,40.1,37.9,2024
7,Jul,Delta,DEN,JFK,13.6,19.0,2024
1,Jan,United,PHX,PHX,12.3,34.5,2024
8,Aug,Delta,LGA,PHX,21.2,32.1,2024
12,Dec,JetBlue,MCO,SLC,18.2,27.7,2024
10,Oct,United,EWR,DFW,14.6,7.1,2024
5,May,Spirit,LGA,SLC,23.5,17.3,2024
8,Aug,JetBlue,ATL,ORD,39.3,48.7,2024
10,Oct,Delta,CLT,LGA,12.1,12.8,2024
10,Oct,Spirit,LGA,DTW,28.7,24.8,2024
5,May,Delta,MIA,PHX,45.1,48.0,2024
12,Dec,Southwest,DEN,JFK,26.3,41.2,2024
7,Jul,Spirit,DFW,EWR,39.7,36.8,2024
10,Oct,Southwest,LAS,LAS,24.4,12.6,2024
3,Mar,United,EWR,BOS,36.2,24.6,2024
2,Feb,Frontier,BOS,BOS,20.6,28.5,2024
6,Jun,United,IAH,DTW,34.5,33.5,2024
5,May,Spirit,ORD,LAX,35.8,34.7,2024
9,Sep,United,CLT,PHX,16.5,8.1,2024
10,Oct,United,IAH,DFW,10.8,4.7,2024
4,Apr,United,BOS,JFK,34.0,21.9,2024
11,Nov,United,MSP,MSP,11.2,14.5,2024
3,Mar,Frontier,ATL,DTW,18.0,12.5,2024
9,Sep,Alaska,DFW,DFW,23.0,20.8,2024
8,Aug,United,SEA,PHX,34.2,43.9,2024
6,Jun,Delta,SLC,PHX,15.4,18.2,2024
1,Jan,Delta,DEN,DEN,6.9,37.3,2024
10,Oct,Delta,MIA,DFW,-1.9,8.4,2024
12,Dec,Alaska,LGA,BOS,22.2,31.1,2024
11,Nov,JetBlue,LGA,DTW,39.6,30.0,2024
1,Jan,Frontier,LAX,SFO,18.8,24.1,2024
12,Dec,Spirit,ATL,LAX,44.8,55.7,2024
6,Jun,Spirit,DFW,DTW,33.8,41.5,2024
3,Mar,American,LAS,PHX,7.6,18.6,2024
3,Mar,JetBlue,LAX,EWR,24.1,17.5,2024
6,Jun,United,ORD,ORD,27.0,29.9,2024
3,Mar,American,JFK,SEA,15.7,13.6,2024
11,Nov,Frontier,MSP,LGA,37.7,36.7,2024
10,Oct,Delta,CLT,DFW,8.2,10.7,2024
6,Jun,Delta,MIA,SLC,27.6,35.0,2024
5,May,Southwest,PHX,CLT,20.0,16.8,2024
4,Apr,United,ORD,MCO,10.6,20.1,2024
8,Aug,United,MCO,PHX,15.2,20.8,2024
2,Feb,Frontier,LAS,PHX,26.7,44.7,2024
12,Dec,Southwest,PHX,BOS,11.0,28.1,2024
11,Nov,JetBlue,BOS,LAS,8.6,17.9,2024
7,Jul,Southwest,SEA,CLT,34.3,42.7,2024
4,Apr,Alaska,LGA,IAH,3.0,8.7,2024
2,Feb,United,DEN,MCO,19.9,41.4,2024
7,Jul,Alaska,SEA,ATL,4.9,4.9,2024
1,Jan,Alaska,IAH,ORD,33.5,41.0,2024
4,Apr,Alaska,MIA,SEA,41.5,47.3,2024
9,Sep,Delta,PHX,SFO,14.8,187.0,2024
4,Apr,Southwest,CLT,CLT,19.1,13.0,2024
12,Dec,Frontier,JFK,SEA,15.0,25.3,2024
3,Mar,American,SLC,CLT,29.3,17.3,2024
10,Oct,Delta,LGA,DEN,14.0,10.5,2024
10,Oct,JetBlue,PHX,BOS,6.6,5.4,2024
2,Feb,Delta,DEN,BOS,29.5,40.4,2024
3,Mar,JetBlue,EWR,LAS,5.2,7.4,2024
1,Jan,Delta,BOS,LAS,13.7,36.1,2024
10,Oct,United,DEN,CLT,16.9,28.2,2024
8,Aug,Spirit,ATL,CLT,32.5,40.8,2024
1,Jan,Alaska,LAX,MCO,30.6,40.4,2024
3,Mar,Spirit,DEN,BOS,26.7,21.7,2024
3,Mar,JetBlue,SLC,DEN,27.8,33.6,2024
2,Feb,JetBlue,CLT,ATL,27.0,44.1,2024
5,May,Southwest,ATL,SLC,12.8,16.7,2024
10,Oct,Delta,MIA,MIA,18.4,13.9,2024
3,Mar,JetBlue,IAH,IAH,67.1,66.6,2024
3,Mar,JetBlue,ORD,JFK,30.6,19.1,2024
8,Aug,Delta,LAS,LGA,31.4,31.7,2024
4,Apr,Delta,DFW,DTW,12.5,2.6,2024
4,Apr,American,MSP,BOS,26.9,21.6,2024
3,Mar,Southwest,LAS,DEN,30.5,27.8,2024
11,Nov,JetBlue,ORD,SFO,28.0,33.2,2024
1,Jan,Delta,EWR,EWR,17.6,23.8,2024
8,Aug,JetBlue,SEA,LAS,10.1,20.3,2024
1,Jan,American,SFO,CLT,27.8,32.1,2024
7,Jul,American,LGA,DFW,19.4,19.6,2024
5,May,Frontier,EWR,MCO,16.4,0.9,2024
4,Apr,JetBlue,IAH,SFO,8.2,6.9,2024
4,Apr,Southwest,EWR,DTW,27.3,30.5,2024
8,Aug,United,CLT,DFW,36.4,35.0,2024
11,Nov,Spirit,LAX,DFW,40.4,30.6,2024
11,Nov,JetBlue,MCO,DTW,36.3,27.4,2024
6,Jun,American,DFW,SFO,30.7,31.6,2024
12,Dec,Southwest,DEN,CLT,20.9,20.3,2024
1,Jan,Alaska,SFO,BOS,25.3,39.7,2024
10,Oct,Delta,CLT,DTW,20.1,19.2,2024
8,Aug,Spirit,LGA,MSP,11.1,26.7,2024
2,Feb,Alaska,PHX,SLC,21.6,45.6,2024
6,Jun,Southwest,MCO,BOS,16.2,22.2,2024
9,Sep,Southwest,LAS,EWR,6.1,6.0,2024
1,Jan,Spirit,EWR,EWR,27.4,34.6,2024
6,Jun,Spirit,ORD,ATL,25.4,30.9,2024
8,Aug,JetBlue,LAS,CLT,11.1,16.4,2024
10,Oct,Southwest,SEA,DEN,13.0,119.0,2024
2,Feb,Delta,SFO,JFK,16.7,17.4,2024
5,May,Spirit,LGA,LGA,40.4,33.2,2024
6,Jun,Alaska,DEN,MIA,8.0,23.2,2024
5,May,JetBlue,SFO,DFW,16.9,7.6,2024
3,Mar,Frontier,MSP,IAH,21.2,30.9,2024
4,Apr,American,IAH,MCO,18.6,21.4,2024
7,Jul,Spirit,DTW,DTW,36.9,180.9,2024
4,Apr,Delta,IAH,LAS,11.3,20.0,2024
9,Sep,JetBlue,ORD,ORD,30.3,37.7,2024
11,Nov,Spirit,LGA,ORD,29.7,30.1,2024
12,Dec,JetBlue,SLC,MIA,27.9,50.0,2024
10,Oct,Spirit,SFO,MCO,47.3,38.9,2024
2,Feb,Frontier,DFW,DEN,21.8,33.6,2024
5,May,United,CLT,DFW,23.1,9.5,2024
8,Aug,Delta,SEA,BOS,23.3,10.0,2024
5,May,Frontier,EWR,BOS,24.0,23.7,2024
10,Oct,Southwest,ATL,DFW,12.3,3.5,2024
12,Dec,Delta,EWR,ORD,26.4,30.4,2024
8,Aug,Frontier,LAX,LAX,38.0,32.3,2024
8,Aug,Spirit,LAX,DFW,23.1,30.0,2024
9,Sep,Delta,SEA,DFW,8.3,9.8,2024
10,Oct,United,BOS,SFO,28.7,26.3,2024
6,Jun,Spirit,MIA,LAX,53.8,53.5,2024
12,Dec,Southwest,JFK,MIA,20.1,27.5,2024
4,Apr,Frontier,SLC,DEN,25.9,27.4,2024
12,Dec,Alaska,IAH,MSP,20.5,36.7,2024
11,Nov,United,DEN,DFW,5.2,4.9,2024
3,Mar,Frontier,CLT,LAS,35.7,38.1,2024
12,Dec,United,SEA,SFO,41.5,37.9,2024
5,May,United,JFK,MSP,20.8,19.6,2024
6,Jun,Frontier,BOS,PHX,15.8,23.8,2024
3,Mar,Spirit,SLC,SFO,44.0,29.7,2024
2,Feb,Delta,BOS,IAH,7.1,18.6,2024
7,Jul,Frontier,BOS,IAH,58.3,60.3,2024
11,Nov,Alaska,LAS,LAX,34.2,21.5,2024
5,May,United,PHX,ATL,14.8,19.8,2024
9,Sep,American,LGA,MSP,2.7,5.2,2024
3,Mar,Frontier,IAH,LAX,26.6,21.0,2024
8,Aug,Southwest,EWR,DFW,12.6,22.1,2024
6,Jun,Alaska,DFW,LAS,7.8,16.2,2024
4,Apr,Southwest,IAH,SEA,13.6,9.4,2024
12,Dec,Alaska,ORD,IAH,32.0,34.7,2024
12,Dec,United,EWR,EWR,54.0,59.5,2024
9,Sep,Alaska,DTW,DFW,17.7,14.2,2024
5,May,Delta,LAS,DFW,11.0,9.6,2024
10,Oct,Alaska,JFK,IAH,19.8,16.5,2024
6,Jun,Spirit,DFW,LAX,14.3,15.3,2024
9,Sep,Frontier,LAX,MIA,39.5,27.4,2024
7,Jul,JetBlue,PHX,MCO,40.9,38.1,2024
12,Dec,Frontier,MIA,DFW,35.1,41.3,2024
5,May,Spirit,SFO,DTW,23.3,14.6,2024
2,Feb,JetBlue,DEN,LGA,8.3,15.9,2024
4,Apr,Frontier,DFW,SEA,42.1,33.9,2024
2,Feb,Delta,JFK,ATL,21.0,27.1,2024
3,Mar,United,LAX,SLC,27.5,44.8,2024
10,Oct,United,LAX,SLC,8.5,15.0,2024
12,Dec,Frontier,EWR,SFO,18.7,14.8,2024
3,Mar,American,MSP,ATL,25.6,18.9,2024
4,Apr,JetBlue,SFO,ATL,22.2,18.7,2024
6,Jun,JetBlue,DEN,PHX,25.4,19.3,2024
12,Dec,Southwest,LGA,MSP,1.3,21.9,2024
3,Mar,United,MSP,DEN,32.2,28.7,2024
10,Oct,Delta,CLT,BOS,32.1,32.6,2024
1,Jan,United,ORD,ORD,5.8,16.1,2024
1,Jan,United,DFW,SLC,30.5,44.7,2024
9,Sep,American,CLT,DFW,19.2,9.4,2024
9,Sep,Alaska,IAH,CLT,23.3,18.8,2024
5,May,Alaska,ORD,MSP,19.1,4.3,2024
9,Sep,Delta,SFO,MIA,15.2,19.7,2024
11,Nov,American,SEA,LAX,6.3,207.1,2024
7,Jul,American,MIA,LAS,21.1,28.1,2024
9,Sep,Frontier,LAS,BOS,20.6,20.0,2024
12,Dec,Frontier,MCO,DFW,38.5,47.2,2024
7,Jul,Frontier,BOS,SLC,11.2,15.1,2024
9,Sep,American,DEN,PHX,9.6,4.4,2024
2,Feb,Alaska,ATL,MIA,9.7,24.9,2024
11,Nov,American,DTW,SFO,12.0,-0.1,2024
11,Nov,United,ORD,MSP,15.2,12.3,2024
8,Aug,Frontier,CLT,LAS,29.8,47.2,2024
7,Jul,Frontier,PHX,BOS,30.1,26.0,2024
6,Jun,Alaska,PHX,LAX,39.4,43.5,2024
5,May,Alaska,ORD,ATL,11.9,13.9,2024
4,Apr,Southwest,JFK,SFO,6.1,8.9,2024
7,Jul,United,DEN,ATL,30.2,37.5,2024
3,Mar,American,SLC,EWR,16.9,16.5,2024
8,Aug,Frontier,DTW,DFW,12.8,10.8,2024
2,Feb,American,LGA,SEA,10.8,23.0,2024
1,Jan,Southwest,BOS,LGA,3.0,20.7,2024
11,Nov,JetBlue,LAS,SLC,37.9,34.1,2024
2,Feb,Spirit,ORD,DFW,19.5,25.6,2024
9,Sep,Delta,IAH,DFW,34.9,30.7,2024
5,May,Frontier,DFW,SEA,23.6,12.9,2024
11,Nov,American,DTW,PHX,16.3,12.8,2024
8,Aug,Spirit,JFK,EWR,47.3,36.1,2024
3,Mar,American,CLT,SLC,14.8,9.1,2024
7,Jul,United,LGA,ATL,23.1,37.3,2024
2,Feb,American,DEN,DEN,13.2,23.7,2024
8,Aug,American,JFK,LAX,30.4,36.7,2024
7,Jul,Delta,DEN,EWR,17.0,15.8,2024
12,Dec,Spirit,SLC,MSP,21.6,31.0,2024
5,May,United,DTW,JFK,4.2,6.2,2024
12,Dec,Spirit,DFW,DFW,18.6,22.4,2024
11,Nov,JetBlue,DEN,SFO,19.2,19.9,2024
4,Apr,American,MIA,LAX,29.4,30.1,2024
1,Jan,American,LAX,PHX,14.1,26.5,2024
5,May,JetBlue,LAX,DTW,8.6,-0.1,2024
12,Dec,Southwest,MCO,SEA,31.6,41.4,2024
9,Sep,Spirit,BOS,ORD,35.8,32.9,2024
10,Oct,Frontier,EWR,ORD,53.6,44.0,2024
4,Apr,JetBlue,LGA,LAX,9.5,13.6,2024
9,Sep,JetBlue,DFW,LGA,19.6,25.2,2024
12,Dec,Frontier,DTW,SLC,37.5,32.7,2024
2,Feb,United,SFO,PHX,13.9,22.8,2024
4,Apr,Alaska,CLT,BOS,6.0,1.8,2024
9,Sep,JetBlue,EWR,MIA,10.6,15.9,2024
4,Apr,United,SEA,LAS,23.8,29.5,2024
5,May,Alaska,LAX,MSP,13.9,28.1,2024
11,Nov,JetBlue,SLC,JFK,18.4,17.3,2024
8,Aug,Spirit,ATL,DTW,45.9,49.0,2024
1,Jan,American,DFW,MIA,16.0,27.1,2024
1,Jan,American,MIA,DEN,12.5,26.4,2024
9,Sep,Alaska,PHX,LAX,20.7,29.0,2024
9,Sep,Southwest,IAH,SFO,14.0,23.7,2024
4,Apr,Alaska,ATL,LGA,21.1,25.4,2024
2,Feb,Spirit,LGA,JFK,15.3,36.8,2024
9,Sep,JetBlue,EWR,DTW,37.1,22.9,2024
4,Apr,Delta,BOS,DFW,14.8,15.8,2024
6,Jun,JetBlue,EWR,ORD,50.2,55.5,2024
12,Dec,Alaska,LAS,MIA,34.8,43.2,2024
1,Jan,Frontier,LGA,ATL,21.7,36.6,2024
12,Dec,Spirit,ORD,DTW,40.2,42.1,2024
9,Sep,Delta,IAH,JFK,10.5,24.1,2024
5,May,Spirit,CLT,LGA,44.4,41.6,2024
3,Mar,Spirit,CLT,LGA,28.2,16.5,2024
4,Apr,Alaska,EWR,MIA,60.6,60.3,2024
1,Jan,JetBlue,MCO,SFO,37.5,31.7,2024
9,Sep,United,ATL,MSP,13.2,26.5,2024
8,Aug,American,ATL,SEA,18.7,21.7,2024
4,Apr,Spirit,DFW,SEA,62.7,55.1,2024
2,Feb,Spirit,MSP,LAS,25.7,38.8,2024
9,Sep,Delta,DFW,SFO,27.3,26.6,2024
4,Apr,Delta,SEA,LAS,5.2,10.3,2024
9,Sep,JetBlue,MSP,MIA,20.4,17.6,2024
10,Oct,American,SEA,LAX,32.8,25.0,2024
3,Mar,Spirit,DTW,IAH,10.7,12.2,2024
7,Jul,Southwest,ATL,ORD,52.1,61.4,2024
7,Jul,Delta,LAS,IAH,13.4,15.9,2024
10,Oct,American,ATL,EWR,7.7,8.1,2024
4,Apr,American,SFO,SEA,51.7,65.1,2024
2,Feb,Frontier,MCO,SEA,18.8,27.3,2024
11,Nov,Frontier,MSP,JFK,17.2,17.2,2024
9,Sep,Spirit,CLT,LAX,21.6,17.7,2024
4,Apr,Delta,LAS,EWR,0.6,4.1,2024
8,Aug,United,EWR,LAS,20.0,23.2,2024
2,Feb,Alaska,LGA,SLC,17.4,47.1,2024
8,Aug,United,LAS,CLT,18.5,14.9,2024
11,Nov,JetBlue,JFK,LAX,30.3,20.4,2024
10,Oct,Spirit,MCO,CLT,42.0,39.1,2024
5,May,Alaska,BOS,MIA,14.5,21.3,2024
7,Jul,Alaska,EWR,MCO,43.6,46.3,2024
7,Jul,JetBlue,CLT,BOS,38.5,42.4,2024
12,Dec,American,SFO,CLT,11.3,17.2,2024
9,Sep,Spirit,PHX,EWR,37.1,34.5,2024
3,Mar,Delta,DFW,JFK,9.2,7.9,2024
10,Oct,United,ORD,ORD,8.1,17.7,2024
4,Apr,American,IAH,JFK,18.5,14.2,2024
10,Oct,Spirit,ATL,ORD,20.5,31.2,2024
4,Apr,United,MSP,MSP,23.1,33.0,2024
10,Oct,Delta,IAH,BOS,15.1,16.6,2024
5,May,United,SEA,SEA,6.3,151.6,2024
6,Jun,Southwest,MIA,LAX,25.9,29.2,2024
3,Mar,Spirit,PHX,SFO,21.4,32.4,2024
4,Apr,JetBlue,DFW,LGA,34.6,30.6,2024
3,Mar,Alaska,DFW,SFO,6.8,19.5,2024
2,Feb,United,DFW,ATL,27.7,27.6,2024
10,Oct,Delta,BOS,DFW,32.4,31.4,2024
12,Dec,Spirit,SEA,CLT,15.1,18.9,2024
9,Sep,Delta,MSP,DFW,19.6,17.8,2024
1,Jan,Southwest,SEA,BOS,25.6,30.2,2024
2,Feb,Delta,ORD,EWR,45.2,49.3,2024
8,Aug,Southwest,BOS,IAH,21.2,16.7,2024
7,Jul,American,IAH,DTW,19.8,31.8,2024
12,Dec,United,CLT,DTW,14.8,26.7,2024
1,Jan,Frontier,DTW,MIA,15.0,18.2,2024
5,May,Frontier,LAS,EWR,4.5,20.4,2024
10,Oct,Delta,DEN,CLT,9.9,21.6,2024
6,Jun,JetBlue,CLT,JFK,23.9,18.9,2024
5,May,United,SEA,MSP,6.9,14.5,2024
4,Apr,Spirit,ORD,LGA,29.1,27.6,2024
1,Jan,Southwest,BOS,DFW,18.9,26.5,2024
7,Jul,United,DEN,BOS,46.9,57.2,2024
9,Sep,Frontier,LAS,IAH,17.5,18.4,2024
6,Jun,United,MCO,SEA,40.6,48.9,2024
3,Mar,Delta,ORD,BOS,12.0,22.9,2024
10,Oct,JetBlue,SEA,DFW,31.3,19.1,2024
4,Apr,American,MSP,SEA,16.8,13.5,2024
10,Oct,JetBlue,SEA,LAX,43.5,37.3,2024
5,May,Alaska,DEN,DFW,35.1,34.6,2024
12,Dec,Southwest,SFO,BOS,12.9,29.4,2024
12,Dec,Alaska,DEN,PHX,15.1,15.5,2024
1,Jan,Spirit,LAS,CLT,62.0,68.4,2024
5,May,JetBlue,DEN,LAS,29.1,16.4,2024
1,Jan,JetBlue,SEA,LAS,21.2,25.2,2024
9,Sep,Southwest,BOS,SFO,49.8,47.0,2024
7,Jul,Spirit,DFW,LAX,17.1,15.4,2024
3,Mar,Spirit,LAS,SFO,12.8,12.9,2024
9,Sep,JetBlue,DTW,LAS,40.3,29.7,2024
2,Feb,American,SLC,IAH,17.3,36.9,2024
12,Dec,United,MSP,BOS,23.5,30.5,2024
7,Jul,American,ORD,SFO,18.6,31.6,2024
9,Sep,Alaska,DFW,SLC,8.4,16.5,2024
6,Jun,United,ATL,EWR,11.5,24.5,2024
10,Oct,United,ATL,SEA,22.9,33.9,2024
5,May,JetBlue,MIA,SLC,27.4,30.7,2024
12,Dec,United,EWR,JFK,15.4,36.5,2024
7,Jul,Southwest,DFW,LAX,12.6,22.2,2024
6,Jun,American,SFO,LAX,22.6,31.0,2024
5,May,United,BOS,SEA,8.0,-1.5,2024
2,Feb,Frontier,JFK,PHX,36.4,44.0,2024
8,Aug,JetBlue,MCO,MIA,4.9,19.1,2024
7,Jul,JetBlue,LAS,MCO,17.1,7.0,2024
6,Jun,JetBlue,SEA,MCO,18.5,21.9,2024
5,May,Delta,DTW,ORD,14.3,11.1,2024
5,May,American,CLT,EWR,7.5,24.2,2024
9,Sep,JetBlue,DEN,ORD,37.5,46.7,2024
1,Jan,Spirit,CLT,SEA,22.2,18.6,2024
9,Sep,Southwest,JFK,SLC,14.4,15.2,2024
6,Jun,JetBlue,ATL,BOS,53.1,50.4,2024
4,Apr,Delta,MCO,IAH,4.3,15.1,2024
10,Oct,Frontier,LAS,MSP,26.1,15.4,2024
7,Jul,Frontier,DFW,MIA,41.2,38.2,2024
9,Sep,American,LAX,MSP,25.5,31.4,2024
5,May,United,JFK,ORD,23.9,27.4,2024
5,May,American,LAX,JFK,23.0,15.4,2024
8,Aug,United,ORD,ORD,54.0,67.0,2024
7,Jul,Spirit,SFO,ATL,33.8,36.0,2024
8,Aug,United,MCO,DTW,30.0,36.1,2024
11,Nov,JetBlue,LGA,MCO,37.3,29.9,2024
12,Dec,Alaska,LAS,SFO,26.5,34.3,2024
10,Oct,Southwest,LAS,LAS,12.5,124.0,2024
2,Feb,Southwest,SLC,ATL,5.7,10.8,2024
9,Sep,Alaska,DEN,PHX,34.7,43.5,2024
3,Mar,JetBlue,JFK,MSP,4.6,7.2,2024
6,Jun,Delta,IAH,BOS,11.1,30.3,2024
6,Jun,United,ATL,DFW,15.1,21.6,2024
2,Feb,Alaska,LGA,SFO,14.4,22.5,2024
12,Dec,Southwest,DTW,PHX,27.8,45.8,2024
7,Jul,Frontier,CLT,SFO,19.1,26.7,2024
9,Sep,American,DEN,CLT,18.5,12.6,2024
12,Dec,Delta,LGA,SLC,14.3,34.1,2024
10,Oct,JetBlue,MIA,SFO,46.0,30.9,2024
11,Nov,Delta,PHX,DTW,30.2,39.8,2024
1,Jan,Spirit,LGA,DTW,18.9,21.1,2024
8,Aug,Spirit,ATL,IAH,25.5,22.0,2024
2,Feb,Southwest,DEN,PHX,12.7,32.9,2024
1,Jan,Frontier,EWR,ORD,31.2,19.0,2024
8,Aug,Alaska,SFO,JFK,11.2,23.7,2024
2,Feb,Spirit,BOS,LAS,57.1,60.1,2024
6,Jun,Spirit,SEA,DTW,17.1,22.7,2024
6,Jun,Spirit,IAH,SEA,52.4,48.4,2024
5,May,JetBlue,ATL,ATL,11.9,9.1,2024
8,Aug,Southwest,MCO,ORD,8.3,17.9,2024
3,Mar,United,BOS,JFK,48.3,45.1,2024
10,Oct,Spirit,DFW,ATL,32.6,36.9,2024
4,Apr,Spirit,BOS,IAH,41.8,36.4,2024
7,Jul,Spirit,ATL,PHX,15.9,21.6,2024
7,Jul,Delta,ATL,LGA,20.2,27.8,2024
12,Dec,Alaska,ORD,ATL,18.0,17.7,2024
8,Aug,United,BOS,SEA,25.1,20.6,2024
2,Feb,American,MSP,BOS,13.5,18.1,2024
11,Nov,United,MSP,SLC,22.2,14.4,2024
12,Dec,Delta,LAS,DTW,30.0,49.4,2024
2,Feb,American,IAH,SLC,14.7,30.6,2024
4,Apr,Frontier,ATL,LGA,30.3,20.7,2024
10,Oct,Southwest,JFK,EWR,10.1,205.9,2024
9,Sep,Alaska,DEN,SLC,12.6,18.3,2024
10,Oct,Frontier,DFW,DEN,67.2,65.8,2024
12,Dec,Frontier,JFK,SLC,18.3,26.8,2024
9,Sep,American,ORD,DFW,10.1,-3.3,2024
4,Apr,Delta,LGA,DEN,31.3,26.6,2024
9,Sep,Spirit,MIA,DEN,22.3,16.7,2024
3,Mar,JetBlue,DFW,ATL,17.4,32.4,2024
12,Dec,American,MCO,IAH,32.1,33.5,2024
5,May,Southwest,ATL,CLT,17.3,16.1,2024
10,Oct,American,DFW,SLC,17.3,14.8,2024
9,Sep,Alaska,ORD,DTW,18.5,27.6,2024
6,Jun,United,PHX,JFK,15.2,11.5,2024
3,Mar,JetBlue,ATL,IAH,12.9,21.4,2024
10,Oct,Delta,DFW,SEA,35.7,37.5,2024
9,Sep,JetBlue,SLC,DEN,16.7,22.3,2024
6,Jun,United,ATL,SEA,18.8,22.4,2024
4,Apr,Spirit,EWR,JFK,41.8,48.5,2024
4,Apr,Frontier,SLC,PHX,20.7,23.2,2024
8,Aug,JetBlue,MCO,ORD,16.5,18.8,2024
7,Jul,Spirit,IAH,MSP,21.7,17.9,2024
1,Jan,Spirit,LAX,SFO,39.9,43.6,2024
6,Jun,United,JFK,DFW,14.1,14.4,2024
8,Aug,Alaska,ATL,MSP,28.2,37.7,2024
3,Mar,Frontier,SLC,JFK,36.6,22.3,2024
9,Sep,American,DEN,EWR,52.3,47.0,2024
10,Oct,Delta,LAX,ATL,16.2,20.8,2024
2,Feb,United,ATL,MSP,13.1,25.8,2024
6,Jun,Spirit,EWR,LAX,19.8,30.9,2024
12,Dec,United,LAX,MCO,27.0,39.1,2024
1,Jan,American,DFW,SLC,39.5,44.4,2024
12,Dec,United,ORD,JFK,7.6,20.8,2024
11,Nov,Delta,LGA,MIA,-1.0,14.6,2024
2,Feb,Southwest,CLT,LGA,25.3,32.7,2024
5,May,JetBlue,PHX,LAS,27.7,20.6,2024
1,Jan,Alaska,BOS,DEN,37.4,44.9,2024
8,Aug,Alaska,BOS,DEN,8.0,14.6,2024
1,Jan,United,MCO,EWR,25.0,34.0,2024
9,Sep,JetBlue,SFO,DFW,8.8,20.5,2024
10,Oct,Alaska,PHX,MCO,48.0,49.7,2024
11,Nov,JetBlue,DEN,MSP,6.5,2.9,2024
3,Mar,Alaska,MCO,LGA,12.0,15.4,2024
12,Dec,Southwest,MCO,LAS,60.5,64.4,2024
2,Feb,Frontier,MIA,MSP,42.0,314.4,2024
1,Jan,United,LAX,EWR,25.4,39.6,2024
9,Sep,Spirit,EWR,MCO,13.4,14.6,2024
4,Apr,Delta,BOS,PHX,23.2,19.3,2024
12,Dec,United,EWR,PHX,15.1,26.1,2024
1,Jan,JetBlue,DFW,MCO,14.9,16.2,2024
1,Jan,American,LAX,EWR,19.9,35.1,2024
7,Jul,Southwest,PHX,MCO,17.2,26.0,2024
2,Feb,Delta,MSP,ATL,12.8,26.6,2024
7,Jul,Delta,SLC,MIA,7.1,22.4,2024
12,Dec,JetBlue,CLT,MSP,32.2,182.0,2024
7,Jul,Delta,ATL,IAH,39.4,30.2,2024
10,Oct,JetBlue,LGA,DEN,3.1,3.8,2024
9,Sep,Frontier,MCO,DFW,13.3,17.5,2024
7,Jul,Delta,DFW,JFK,10.8,12.7,2024
1,Jan,Delta,MCO,CLT,12.4,22.6,2024
12,Dec,Frontier,LAS,LAX,44.8,54.3,2024
8,Aug,Alaska,JFK,DFW,13.5,23.1,2024
8,Aug,Alaska,ORD,DTW,15.2,18.8,2024
4,Apr,JetBlue,LAX,DFW,25.5,23.6,2024
8,Aug,Southwest,IAH,IAH,22.6,32.4,2024
4,Apr,Delta,SLC,MCO,31.9,46.9,2024
8,Aug,United,SFO,EWR,14.1,23.4,2024
5,May,Frontier,ORD,LAS,40.3,30.1,2024
4,Apr,American,IAH,SEA,21.6,15.5,2024
6,Jun,Frontier,MCO,MIA,39.0,218.8,2024
2,Feb,Alaska,MCO,DTW,10.7,34.2,2024
12,Dec,Frontier,SLC,LGA,15.7,20.9,2024
2,Feb,Spirit,LAS,MSP,12.7,25.6,2024
2,Feb,Frontier,EWR,SEA,17.2,35.6,2024
9,Sep,JetBlue,JFK,DTW,23.1,14.3,2024
10,Oct,Delta,BOS,MIA,15.3,20.1,2024
3,Mar,Alaska,JFK,LAS,37.8,44.0,2024
10,Oct,Southwest,MSP,SEA,18.1,11.1,2024
4,Apr,Alaska,DEN,DTW,34.4,27.2,2024
10,Oct,Frontier,MSP,CLT,13.9,12.7,2024
12,Dec,United,MCO,ATL,37.9,53.4,2024
8,Aug,Frontier,SFO,BOS,25.1,29.8,2024
4,Apr,JetBlue,BOS,DEN,4.3,2.9,2024
11,Nov,United,DFW,DTW,19.7,9.8,2024
10,Oct,Alaska,DEN,EWR,20.4,22.0,2024
10,Oct,American,EWR,SLC,33.0,23.4,2024
7,Jul,Southwest,DFW,EWR,17.0,28.4,2024
5,May,JetBlue,SEA,SFO,16.0,25.9,2024
9,Sep,JetBlue,EWR,ORD,14.6,12.8,2024
4,Apr,Delta,SEA,SEA,36.2,41.6,2024
3,Mar,United,LGA,DTW,10.0,11.2,2024
2,Feb,JetBlue,DTW,MCO,17.5,25.4,2024
1,Jan,United,BOS,ORD,23.0,28.8,2024
11,Nov,American,ORD,MIA,32.6,26.7,2024
6,Jun,Delta,MCO,DTW,39.4,53.0,2024
10,Oct,Spirit,LAX,LAX,36.0,31.1,2024
2,Feb,Frontier,MSP,DFW,21.6,37.9,2024
8,Aug,Frontier,MIA,DEN,33.9,34.7,2024
6,Jun,American,BOS,SLC,6.5,24.6,2024
12,Dec,Frontier,IAH,PHX,23.2,28.2,2024
12,Dec,Delta,LAS,LAX,30.1,28.7,2024
5,May,Delta,SFO,ORD,23.8,26.6,2024
2,Feb,United,JFK,CLT,7.0,24.7,2024
7,Jul,Spirit,DTW,SLC,18.6,21.5,2024
2,Feb,Spirit,IAH,LAX,33.8,38.0,2024
5,May,Alaska,DTW,ORD,13.2,12.4,2024
2,Feb,Delta,DEN,BOS,24.9,234.5,2024
11,Nov,American,MCO,DTW,22.5,38.1,2024
10,Oct,Alaska,MSP,LGA,12.4,21.2,2024
11,Nov,American,ATL,EWR,21.0,20.6,2024
11,Nov,Spirit,BOS,LGA,24.1,18.7,2024
2,Feb,Alaska,SLC,LAS,14.4,22.8,2024
7,Jul,American,PHX,ORD,30.7,23.0,2024
9,Sep,Frontier,DEN,DTW,28.9,23.3,2024
5,May,United,MCO,ORD,33.5,33.4,2024
7,Jul,United,JFK,JFK,20.7,29.6,2024
4,Apr,Southwest,BOS,SLC,67.8,66.1,2024
2,Feb,Spirit,ORD,MSP,27.4,42.2,2024
3,Mar,Frontier,DTW,DEN,17.5,12.9,2024
2,Feb,Spirit,DFW,ATL,28.8,34.4,2024
5,May,JetBlue,LGA,BOS,24.3,18.5,2024
6,Jun,Southwest,LGA,CLT,22.2,159.0,2024
7,Jul,Frontier,DTW,SLC,41.1,41.3,2024
3,Mar,Southwest,CLT,LAX,35.6,41.7,2024
4,Apr,Delta,SFO,ORD,8.4,12.0,2024
8,Aug,Spirit,DFW,SFO,30.4,30.0,2024
4,Apr,Delta,LGA,MIA,7.3,9.9,2024
7,Jul,Southwest,JFK,PHX,19.7,22.4,2024
12,Dec,JetBlue,MIA,SEA,28.5,29.5,2024
6,Jun,Southwest,BOS,LAX,5.4,14.2,2024
7,Jul,United,CLT,DTW,45.8,46.4,2024
1,Jan,American,BOS,MSP,7.0,20.8,2024
3,Mar,Southwest,MIA,SFO,13.0,10.7,2024
6,Jun,Delta,LGA,LAS,5.4,13.7,2024
3,Mar,JetBlue,SEA,SFO,29.3,10.0,2024
7,Jul,Delta,BOS,ATL,19.4,24.8,2024
9,Sep,Spirit,LAS,ATL,11.1,13.0,2024
3,Mar,United,MIA,JFK,24.6,19.3,2024
1,Jan,Spirit,ORD,ATL,33.1,24.4,2024
10,Oct,Alaska,SFO,EWR,23.4,24.1,2024
6,Jun,Delta,ORD,ORD,10.0,30.7,2024
12,Dec,Spirit,EWR,MSP,17.0,24.0,2024
1,Jan,Alaska,PHX,DFW,17.4,26.0,2024
1,Jan,Delta,SFO,LGA,18.9,28.2,2024
8,Aug,JetBlue,MCO,PHX,28.0,29.6,2024
9,Sep,Spirit,CLT,DFW,21.5,17.9,2024
2,Feb,Alaska,PHX,MCO,14.1,22.4,2024
9,Sep,JetBlue,BOS,BOS,10.7,18.7,2024
5,May,Delta,IAH,MSP,4.6,15.6,2024
8,Aug,Delta,LAS,DFW,15.3,18.1,2024
7,Jul,Southwest,LAS,EWR,7.6,14.9,2024
7,Jul,United,DFW,SLC,10.1,22.0,2024
4,Apr,Alaska,DEN,SFO,8.2,11.7,2024
2,Feb,Southwest,SFO,ATL,27.7,26.5,2024
5,May,JetBlue,SFO,EWR,30.2,17.2,2024
11,Nov,Southwest,MIA,LAX,13.5,15.6,2024
11,Nov,Southwest,PHX,ATL,24.9,24.2,2024
3,Mar,Frontier,MIA,DTW,20.3,19.2,2024
9,Sep,Alaska,IAH,MCO,50.6,58.2,2024
6,Jun,Delta,BOS,DEN,33.8,41.5,2024
1,Jan,Delta,EWR,CLT,13.6,24.5,2024
3,Mar,Alaska,DFW,PHX,11.6,9.3,2024
12,Dec,United,LGA,LAX,20.1,26.7,2024
4,Apr,Frontier,LGA,MIA,22.6,17.7,2024
9,Sep,Frontier,DEN,EWR,38.3,23.0,2024
11,Nov,American,MSP,SLC,28.2,22.7,2024
6,Jun,American,ORD,DFW,11.2,19.7,2024
4,Apr,Alaska,LGA,PHX,20.7,23.5,2024
1,Jan,Frontier,MIA,BOS,6.6,23.7,2024
8,Aug,Alaska,ATL,LAX,18.2,10.6,2024
11,Nov,Southwest,IAH,LAX,20.8,27.2,2024
2,Feb,Frontier,LGA,LAS,34.8,41.0,2024
11,Nov,United,LAS,BOS,22.0,18.8,2024
11,Nov,United,MCO,LAX,29.6,37.4,2024
8,Aug,JetBlue,SFO,IAH,75.2,78.5,2024
