genre,rating,budget_M,revenue_M,votes,year,month,season
Horror,6.0,14.73,10.38,91327,2015,2,Winter
Drama,7.1,37.88,36.79,201880,2017,5,Spring
Comedy,7.3,66.07,277.11,45590,2007,2,Winter
Thriller,6.7,74.72,1463.98,138121,2002,6,Summer
Horror,6.1,11.22,7.96,114127,2019,2,Winter
Drama,7.1,110.92,122.31,94636,2023,3,Spring
Documentary,6.6,7.26,21.51,25780,2004,6,Summer
Horror,6.2,23.89,61.67,46436,2013,3,Spring
Romance,6.6,38.91,31.41,49062,2009,2,Winter
Drama,6.1,103.59,227.62,72628,2016,1,Winter
Drama,6.5,29.6,242.66,38866,2004,11,Fall
Animation,6.2,66.6,25.93,167516,2010,12,Winter
Drama,7.2,27.47,37.81,40082,2010,8,Summer
Action,6.8,134.21,199.35,99430,2003,10,Fall
Drama,9.0,59.55,595.4,123087,2007,8,Summer
Animation,7.0,109.01,265.38,71644,2018,2,Winter
Comedy,6.2,125.96,124.04,101254,2010,2,Winter
Comedy,5.7,42.21,13.21,26639,2007,2,Winter
Romance,7.0,38.92,34.7,65738,2009,10,Fall
Romance,6.2,14.37,10.41,52076,2015,7,Summer
Thriller,7.1,18.31,10.42,40855,2024,5,Spring
Sci-Fi,6.7,142.73,95.63,219377,2015,10,Fall
Animation,7.3,129.93,329.14,148682,2005,3,Spring
Thriller,7.2,33.66,53.69,81941,2023,1,Winter
Animation,7.1,96.83,69.3,90339,2006,1,Winter
Drama,7.2,60.85,84.89,248385,2008,10,Fall
Drama,7.3,38.54,83.63,57494,2009,10,Fall
Comedy,6.6,33.19,23.1,38823,2017,9,Fall
Drama,5.6,43.38,26.67,49160,2019,8,Summer
Thriller,6.8,162.59,350.19,104253,2021,10,Fall
Action,7.3,179.84,457.43,175994,2003,7,Summer
Drama,6.8,36.13,29.77,152603,2006,9,Fall
Drama,5.4,70.4,84.44,81808,2013,9,Fall
Romance,5.0,40.07,89.06,65059,2011,4,Spring
Drama,7.3,46.76,122.81,88207,2003,6,Summer
Drama,6.6,53.26,25.07,105100,2021,12,Winter
Drama,7.3,53.39,75.24,121097,2023,6,Summer
Adventure,6.6,49.25,44.56,84037,2020,2,Winter
Adventure,6.2,108.17,83.69,163775,2015,11,Fall
Romance,5.4,29.4,18.17,26789,2011,9,Fall
Thriller,7.0,58.58,23.5,123007,2016,1,Winter
Action,6.6,75.36,869.34,58882,2006,5,Spring
Drama,7.1,54.68,87.04,87296,2024,11,Fall
Drama,7.9,49.75,300.16,32874,2007,11,Fall
Sci-Fi,6.9,108.43,203.63,86337,2016,10,Fall
Comedy,5.8,57.13,7.22,171610,2008,1,Winter
Romance,5.9,41.8,83.07,37110,2011,12,Winter
Documentary,6.9,15.86,165.03,33707,2003,1,Winter
Romance,6.3,17.02,25.06,273141,2010,2,Winter
Thriller,7.9,138.78,164.36,88930,2008,11,Fall
Action,7.9,124.08,153.64,224239,2001,12,Winter
Sci-Fi,6.3,90.89,108.02,63028,2017,1,Winter
Thriller,5.9,93.79,469.69,147006,2023,6,Summer
Thriller,6.3,58.24,54.81,36695,2013,5,Spring
Drama,7.6,103.27,61.06,138362,2002,5,Spring
Drama,7.9,49.9,146.35,60445,2001,9,Fall
Drama,6.9,73.41,493.22,71267,2014,6,Summer
Horror,5.1,25.49,10.01,23882,2010,2,Winter
Adventure,6.9,80.42,1132.82,119568,2001,5,Spring
Romance,6.7,49.58,53.19,180939,2003,7,Summer
Horror,6.8,52.96,321.08,62313,2007,11,Fall
Thriller,6.3,110.29,208.24,79611,2023,9,Fall
Thriller,7.1,83.33,305.88,61204,2007,10,Fall
Horror,4.5,38.23,57.26,87219,2020,3,Spring
Sci-Fi,6.6,184.01,256.21,324405,2013,3,Spring
Action,7.1,201.28,45.94,203313,2022,6,Summer
Animation,8.1,175.75,24.37,110828,2022,5,Spring
Comedy,6.6,18.73,34.09,162382,2023,2,Winter
Comedy,6.1,35.59,41.74,35255,2012,9,Fall
Thriller,5.6,88.94,203.29,128407,2001,9,Fall
Action,6.7,173.1,56.99,148009,2010,7,Summer
Adventure,7.1,35.03,31.07,86758,2016,4,Spring
Thriller,7.7,52.83,79.0,43041,2005,8,Summer
Animation,7.0,45.09,205.67,86621,2000,12,Winter
Action,5.7,63.39,200.11,45059,2004,12,Winter
Thriller,7.3,61.66,28.87,39534,2001,10,Fall
Thriller,8.2,43.68,35.52,110233,2018,1,Winter
Comedy,6.1,39.13,81.6,71114,2000,6,Summer
Comedy,5.6,40.25,68.31,42485,2019,6,Summer
Horror,5.6,28.24,47.62,131607,2017,2,Winter
Drama,7.2,67.86,435.74,40928,2008,2,Winter
Horror,5.5,15.55,30.55,49537,2013,9,Fall
Thriller,7.4,55.0,194.65,41963,2014,3,Spring
Drama,7.6,52.1,207.21,129140,2006,7,Summer
Adventure,6.3,81.78,84.12,104892,2012,10,Fall
Sci-Fi,6.7,158.88,71.82,123112,2003,10,Fall
Drama,5.9,45.93,381.19,40084,2002,2,Winter
Action,6.8,218.42,425.88,132118,2002,4,Spring
Drama,6.0,26.39,18.91,85647,2020,11,Fall
Drama,7.0,156.48,118.7,139495,2017,5,Spring
Horror,5.5,18.48,47.61,89650,2010,9,Fall
Documentary,7.4,20.15,8.19,64510,2019,2,Winter
Drama,6.8,79.61,21.28,91487,2019,6,Summer
Animation,6.8,232.52,147.7,464516,2005,10,Fall
Thriller,8.1,89.33,1308.72,227032,2001,1,Winter
Horror,4.6,17.61,42.83,127172,2024,1,Winter
Comedy,6.4,11.38,45.23,28230,2002,1,Winter
Drama,7.9,31.03,44.47,220394,2016,3,Spring
Comedy,5.8,85.78,173.37,150241,2017,4,Spring
Drama,7.2,50.63,113.42,111109,2006,1,Winter
Romance,5.0,20.96,21.61,110030,2005,6,Summer
Horror,4.5,13.61,13.88,183387,2017,7,Summer
Action,7.1,67.01,95.09,123024,2017,8,Summer
Action,6.2,94.51,91.86,122874,2019,4,Spring
Drama,6.1,41.71,60.59,245678,2013,4,Spring
Horror,5.5,53.74,42.03,102977,2023,7,Summer
Sci-Fi,7.2,126.9,172.73,101982,2020,10,Fall
Thriller,7.3,44.66,47.95,82500,2021,8,Summer
Sci-Fi,7.6,132.9,171.08,232674,2006,7,Summer
Drama,6.8,30.22,79.21,107070,2007,8,Summer
Drama,6.7,95.32,363.33,91257,2021,5,Spring
Drama,7.5,21.2,29.57,18654,2013,2,Winter
Comedy,7.2,67.11,169.63,132854,2003,7,Summer
Sci-Fi,6.4,56.01,106.79,121998,2019,3,Spring
Drama,8.0,36.45,105.14,218015,2024,9,Fall
Thriller,6.5,82.81,129.29,52718,2009,7,Summer
Thriller,8.5,74.95,121.08,228849,2012,3,Spring
Romance,4.7,31.48,25.11,123719,2007,3,Spring
Action,7.8,126.02,209.26,135867,2012,1,Winter
Documentary,5.7,4.61,6.2,35167,2022,3,Spring
Adventure,7.6,44.73,25.95,241155,2018,1,Winter
Comedy,6.4,65.68,50.77,222664,2001,11,Fall
Drama,6.8,109.64,42.36,84306,2010,4,Spring
Romance,5.4,53.06,30.2,138470,2017,10,Fall
Adventure,5.8,107.81,162.47,232812,2010,2,Winter
Documentary,7.6,16.48,44.01,146541,2017,6,Summer
Comedy,6.7,53.7,16.25,70408,2001,1,Winter
Thriller,6.6,94.32,305.84,92589,2003,2,Winter
Sci-Fi,6.7,134.32,341.96,96281,2020,10,Fall
Drama,6.5,47.81,750.58,43501,2019,6,Summer
Animation,6.7,45.45,228.59,94973,2018,7,Summer
Comedy,7.1,60.14,25.59,100311,2004,11,Fall
Thriller,6.0,71.82,63.32,70790,2017,3,Spring
Sci-Fi,7.1,161.58,2466.33,212000,2009,9,Fall
Documentary,6.6,9.39,1.75,38907,2015,9,Fall
Action,5.2,141.41,287.81,133751,2016,11,Fall
Drama,8.1,34.92,280.67,57637,2020,5,Spring
Comedy,5.1,109.67,289.19,99403,2013,11,Fall
Drama,6.8,34.88,46.39,36220,2019,5,Spring
Thriller,7.7,45.14,173.89,170509,2016,9,Fall
Action,5.8,122.91,270.46,78594,2022,10,Fall
Drama,8.0,19.5,29.33,66547,2003,7,Summer
Adventure,6.2,61.27,155.47,103772,2011,7,Summer
Thriller,6.7,26.81,33.86,20882,2017,7,Summer
Drama,8.8,102.91,636.32,160142,2011,1,Winter
Animation,7.8,122.73,352.99,108105,2012,4,Spring
Animation,6.9,76.44,77.11,175217,2012,2,Winter
Action,5.9,73.66,220.82,55329,2017,4,Spring
Horror,5.9,70.66,24.69,56352,2020,3,Spring
Sci-Fi,8.1,48.95,66.68,82065,2015,4,Spring
Comedy,8.1,50.38,792.79,97202,2018,1,Winter
Animation,6.3,193.87,333.12,120213,2008,2,Winter
Drama,8.4,32.89,105.43,120107,2008,10,Fall
Drama,5.9,27.39,50.01,41017,2015,3,Spring
Horror,6.4,12.94,14.78,27686,2006,3,Spring
Action,6.8,182.14,195.71,127527,2019,8,Summer
Horror,6.8,17.52,15.21,149307,2017,1,Winter
Adventure,5.9,58.85,161.49,56859,2014,3,Spring
Horror,6.0,10.43,9.98,73155,2002,5,Spring
Drama,5.6,32.38,79.86,79530,2024,10,Fall
Drama,6.7,66.94,405.4,43358,2023,5,Spring
Animation,6.8,136.19,242.19,96092,2003,7,Summer
Thriller,7.0,58.48,86.54,43490,2003,6,Summer
Action,8.9,89.86,167.49,90211,2024,11,Fall
Thriller,6.4,41.88,41.09,183420,2001,9,Fall
Sci-Fi,6.7,52.26,56.55,39056,2014,7,Summer
Drama,6.2,53.93,138.97,45641,2005,1,Winter
Adventure,5.0,100.28,47.75,104019,2016,10,Fall
Animation,7.6,95.39,284.2,125844,2021,1,Winter
Thriller,7.6,69.72,56.28,146796,2011,2,Winter
Animation,5.6,147.49,208.78,108534,2005,1,Winter
Action,5.1,161.16,27.06,139691,2019,12,Winter
Sci-Fi,6.2,40.74,122.79,102669,2012,2,Winter
Sci-Fi,8.1,92.81,876.39,69186,2017,4,Spring
Adventure,5.3,110.44,82.74,197234,2016,7,Summer
Action,7.1,116.17,148.31,137482,2004,7,Summer
Action,6.6,88.61,207.23,230327,2022,8,Summer
Action,6.2,107.04,677.81,148710,2017,1,Winter
Drama,6.7,109.37,349.58,135923,2023,10,Fall
Drama,7.4,87.51,42.9,74677,2010,4,Spring
Thriller,6.5,62.46,94.9,67496,2023,3,Spring
Action,6.2,98.54,459.68,278206,2005,9,Fall
Comedy,6.1,64.8,399.63,56656,2020,6,Summer
Sci-Fi,7.6,175.75,397.21,117432,2002,2,Winter
Romance,6.4,41.76,56.07,52218,2001,10,Fall
Sci-Fi,6.8,64.61,109.57,39425,2019,4,Spring
Action,7.7,123.22,274.78,176692,2021,4,Spring
Thriller,6.6,65.02,126.78,41466,2017,4,Spring
Adventure,7.8,54.95,57.02,102525,2007,8,Summer
Thriller,6.2,64.71,53.66,111646,2009,9,Fall
Comedy,6.8,68.14,436.44,62159,2007,1,Winter
Horror,5.6,33.06,14.98,78920,2011,2,Winter
Drama,7.1,87.86,78.7,188931,2024,1,Winter
Horror,5.4,12.79,45.97,50366,2009,11,Fall
Action,6.2,136.0,88.09,93787,2000,7,Summer
Thriller,6.2,46.83,41.85,35639,2008,12,Winter
Action,6.8,184.72,302.6,159767,2007,8,Summer
Animation,6.1,166.57,67.04,149591,2015,11,Fall
Romance,6.7,17.94,691.95,81858,2019,8,Summer
Action,8.5,100.31,44.64,66213,2004,10,Fall
Thriller,5.5,36.87,123.12,317359,2015,10,Fall
Action,4.5,114.33,493.22,89523,2022,12,Winter
Horror,5.1,24.33,16.94,198923,2005,2,Winter
Documentary,7.6,19.21,27.34,16715,2014,3,Spring
Animation,6.2,128.06,90.0,210710,2018,2,Winter
Thriller,7.3,101.64,81.05,77977,2011,2,Winter
Action,7.3,193.86,725.39,164410,2005,6,Summer
Horror,5.7,14.75,10.52,47437,2000,9,Fall
Horror,6.7,25.65,8.31,19770,2023,10,Fall
Action,4.6,193.1,237.21,126442,2022,8,Summer
Sci-Fi,7.4,220.2,453.87,155698,2001,4,Spring
Romance,6.9,50.97,112.93,142867,2009,3,Spring
Drama,7.1,19.1,5.71,124509,2001,7,Summer
Animation,7.7,124.94,2019.27,227164,2017,2,Winter
Drama,8.4,43.57,189.14,51155,2006,4,Spring
Romance,7.8,49.81,38.63,249357,2018,1,Winter
Comedy,8.0,35.19,23.62,215436,2002,11,Fall
Drama,7.2,47.05,61.35,72938,2009,8,Summer
Sci-Fi,6.6,93.96,465.8,227355,2011,7,Summer
Comedy,6.2,94.67,289.37,99599,2001,6,Summer
Drama,4.9,61.22,38.31,104517,2015,12,Winter
Documentary,7.6,8.83,19.07,58759,2009,10,Fall
Comedy,8.3,36.64,282.92,68211,2002,9,Fall
Adventure,7.1,76.85,135.78,155527,2019,12,Winter
Adventure,5.4,219.76,69.94,245782,2006,2,Winter
Action,5.7,108.78,81.93,80105,2007,3,Spring
Romance,5.4,96.42,47.57,186503,2001,4,Spring
Romance,7.6,38.32,34.98,209821,2001,12,Winter
Drama,7.6,25.29,58.45,15628,2008,3,Spring
Action,7.0,211.25,919.39,182054,2004,12,Winter
Comedy,6.6,17.92,16.69,26565,2010,8,Summer
Action,5.6,126.48,247.85,202034,2005,2,Winter
Comedy,5.5,160.55,511.26,107509,2004,7,Summer
Sci-Fi,7.3,255.9,384.97,306404,2006,1,Winter
Adventure,6.7,193.81,62.18,144093,2021,10,Fall
Action,4.9,194.0,80.75,189590,2002,10,Fall
Drama,7.9,82.33,203.61,88694,2012,8,Summer
Documentary,8.2,6.6,5.43,55287,2022,9,Fall
Romance,6.2,52.37,19.08,140837,2002,2,Winter
Thriller,6.5,72.66,18.01,80558,2020,10,Fall
Action,7.7,238.16,2500.0,148124,2023,6,Summer
Romance,6.0,80.42,26.08,89102,2023,3,Spring
Documentary,6.5,7.98,19.77,187194,2010,1,Winter
Drama,5.9,21.8,130.79,165788,2011,6,Summer
Action,6.1,122.65,333.78,171643,2022,3,Spring
Romance,7.8,74.36,245.83,45462,2002,12,Winter
Documentary,8.0,4.89,4.78,47586,2009,11,Fall
Drama,7.3,40.27,24.25,131031,2007,3,Spring
Sci-Fi,6.7,41.44,163.28,242129,2019,2,Winter
Sci-Fi,7.5,78.82,153.88,75727,2020,6,Summer
Comedy,6.4,60.19,131.57,137992,2004,9,Fall
Drama,6.1,44.18,46.71,29918,2020,10,Fall
Horror,6.0,16.42,25.77,10427,2004,10,Fall
Drama,7.3,94.76,701.58,89911,2008,4,Spring
Comedy,6.3,40.59,13.49,168148,2004,5,Spring
Documentary,7.2,3.86,20.16,23515,2008,4,Spring
Horror,5.3,66.16,86.29,72481,2023,5,Spring
Sci-Fi,6.8,187.69,1199.75,113569,2011,12,Winter
Action,5.1,140.3,364.84,100714,2013,9,Fall
Comedy,5.5,30.87,24.47,103568,2006,4,Spring
Romance,6.0,20.6,100.05,182253,2002,6,Summer
Action,7.0,127.77,565.35,97775,2024,12,Winter
Documentary,6.7,10.79,14.24,21640,2021,5,Spring
Comedy,6.7,24.38,13.0,65448,2008,5,Spring
Drama,8.1,27.32,31.82,19936,2014,12,Winter
Comedy,8.4,63.72,144.47,84098,2011,3,Spring
Action,6.3,63.9,59.1,54824,2003,10,Fall
Comedy,5.8,86.8,356.64,225805,2023,9,Fall
Drama,7.2,37.1,48.39,31952,2008,5,Spring
Thriller,7.0,106.14,1102.87,76331,2007,3,Spring
Drama,7.7,33.82,232.85,25897,2008,3,Spring
Drama,7.9,63.08,450.0,64814,2013,7,Summer
Action,6.3,135.63,294.51,351936,2016,2,Winter
Drama,7.8,104.85,405.15,113944,2006,1,Winter
Romance,6.3,25.28,71.04,43387,2017,9,Fall
Comedy,7.3,141.43,130.98,146436,2004,5,Spring
Thriller,6.6,123.59,533.35,89253,2022,10,Fall
Drama,7.3,32.22,152.01,67213,2019,1,Winter
Thriller,7.0,44.87,599.28,46173,2006,10,Fall
Action,7.5,143.81,399.22,116567,2004,8,Summer
Adventure,6.6,139.14,340.58,97224,2002,10,Fall
Action,5.6,73.86,195.73,148254,2014,10,Fall
Action,5.1,65.06,12.86,51103,2021,12,Winter
Animation,7.7,42.0,117.01,34485,2023,8,Summer
Action,7.0,257.79,594.25,211547,2018,12,Winter
Horror,7.3,24.75,27.49,26554,2020,10,Fall
Documentary,7.1,4.14,5.45,8614,2006,7,Summer
Adventure,6.7,82.6,31.08,110187,2010,8,Summer
Horror,6.1,37.64,8.54,46827,2012,5,Spring
Documentary,6.5,12.23,16.67,242592,2006,1,Winter
Drama,6.6,115.98,698.15,176291,2017,7,Summer
Adventure,7.0,105.14,70.43,128816,2005,4,Spring
Drama,8.2,38.77,176.48,51991,2006,9,Fall
Adventure,7.1,109.92,155.82,66705,2019,6,Summer
Action,6.1,257.26,380.69,189271,2016,5,Spring
Adventure,7.0,132.08,432.55,419290,2003,9,Fall
Sci-Fi,6.8,103.28,123.57,169098,2020,7,Summer
Sci-Fi,6.2,65.01,78.88,159537,2000,2,Winter
Action,5.5,111.39,57.91,136484,2011,6,Summer
Thriller,6.1,31.23,97.77,33752,2016,12,Winter
Action,7.5,148.01,366.18,99986,2012,9,Fall
Animation,7.0,122.76,887.96,101906,2021,2,Winter
Action,6.0,73.11,74.24,59197,2021,1,Winter
Action,6.6,80.63,357.44,232402,2021,4,Spring
Comedy,6.8,75.83,64.07,73098,2003,11,Fall
Adventure,6.1,93.0,871.05,57276,2013,10,Fall
Drama,6.5,59.08,82.08,97571,2016,2,Winter
Romance,4.7,26.01,26.69,120047,2016,6,Summer
Thriller,7.7,40.2,101.39,137174,2020,9,Fall
Comedy,6.8,43.1,393.69,180191,2005,12,Winter
Thriller,7.4,33.29,137.92,60839,2018,7,Summer
Horror,6.4,18.74,94.36,24388,2004,10,Fall
Drama,5.5,72.34,225.97,247404,2004,8,Summer
Drama,7.3,32.73,122.63,34975,2016,11,Fall
Drama,7.6,98.75,205.5,109367,2016,6,Summer
Adventure,6.7,152.55,134.76,162285,2017,11,Fall
Thriller,4.8,93.56,374.23,56928,2000,2,Winter
Adventure,6.5,112.82,343.86,77185,2005,2,Winter
Thriller,6.6,42.04,56.37,146183,2001,3,Spring
Romance,7.1,20.26,15.35,114783,2005,12,Winter
Action,6.4,67.86,19.58,43553,2000,3,Spring
Romance,5.8,38.76,20.36,111542,2023,2,Winter
Adventure,6.2,315.61,200.84,261657,2007,5,Spring
Comedy,6.9,63.4,108.3,72671,2006,9,Fall
Action,7.1,254.29,132.3,240590,2018,1,Winter
Drama,7.0,41.75,28.77,145517,2015,12,Winter
Drama,6.9,33.7,60.5,132021,2003,1,Winter
Sci-Fi,4.7,163.93,345.2,223288,2016,7,Summer
Action,4.8,93.8,15.84,206823,2001,1,Winter
Adventure,5.9,82.15,58.02,59135,2005,12,Winter
Horror,5.8,26.25,15.6,198646,2005,12,Winter
Adventure,5.9,55.52,76.2,88138,2002,11,Fall
Thriller,5.5,68.17,292.66,197291,2017,5,Spring
Sci-Fi,6.7,102.62,142.78,236414,2006,1,Winter
Drama,7.2,23.46,13.17,79138,2009,10,Fall
Drama,8.3,46.0,83.14,34557,2011,10,Fall
Drama,6.9,64.3,57.28,63462,2005,1,Winter
Animation,6.6,66.76,404.19,79278,2003,6,Summer
Drama,6.6,143.01,163.22,94759,2003,6,Summer
Comedy,8.5,26.52,69.78,43339,2020,10,Fall
Adventure,7.1,61.47,31.15,134763,2003,9,Fall
Adventure,5.9,127.35,40.98,89361,2003,11,Fall
Drama,5.5,46.41,11.19,363876,2014,2,Winter
Thriller,5.7,37.04,43.94,23162,2022,8,Summer
Comedy,5.5,71.33,35.09,89720,2013,3,Spring
Comedy,5.1,27.97,176.97,19897,2008,1,Winter
Drama,7.1,65.69,67.79,104054,2006,2,Winter
Drama,6.3,83.09,184.35,71104,2017,6,Summer
Adventure,5.2,131.55,106.21,133276,2018,11,Fall
Sci-Fi,7.2,121.15,311.8,141058,2005,6,Summer
Horror,4.6,18.01,16.09,48004,2001,3,Spring
Documentary,4.8,6.26,2.32,93965,2022,3,Spring
Drama,8.0,65.61,56.33,100462,2001,5,Spring
Comedy,7.8,73.49,124.22,100506,2023,11,Fall
Action,6.5,89.87,48.64,55718,2003,4,Spring
Drama,7.8,49.74,57.5,77076,2016,2,Winter
Action,7.1,334.29,1179.1,254883,2006,7,Summer
Action,8.5,98.41,138.69,63969,2013,4,Spring
Thriller,6.0,74.42,111.24,90038,2018,2,Winter
Drama,6.8,54.43,70.37,69429,2010,9,Fall
Thriller,6.4,84.07,48.12,124735,2014,9,Fall
Comedy,6.3,119.85,52.69,185808,2008,12,Winter
Horror,5.7,46.75,134.65,81874,2006,8,Summer
Comedy,6.2,32.81,117.0,85720,2020,10,Fall
Comedy,6.4,55.92,27.79,59698,2010,5,Spring
Animation,8.5,33.41,147.1,32958,2001,1,Winter
Thriller,7.0,50.18,88.82,136181,2006,5,Spring
Drama,7.9,17.27,49.25,74955,2003,2,Winter
Thriller,7.4,30.37,327.88,34664,2001,3,Spring
Horror,6.2,29.31,6.64,159119,2016,6,Summer
Adventure,6.4,285.84,282.04,197202,2004,4,Spring
Thriller,7.5,76.18,175.82,71931,2006,10,Fall
Comedy,4.8,121.0,294.99,97755,2010,4,Spring
Animation,8.1,33.19,23.87,26838,2023,3,Spring
Animation,7.4,55.48,173.97,54434,2011,1,Winter
Comedy,6.4,33.5,58.37,60647,2020,8,Summer
Sci-Fi,6.7,76.34,465.94,109143,2023,7,Summer
Romance,6.4,57.26,52.19,81694,2021,3,Spring
Animation,7.5,58.98,193.35,101289,2021,5,Spring
Comedy,6.7,31.27,48.24,89974,2007,10,Fall
Drama,8.4,31.69,28.67,234256,2013,6,Summer
Documentary,8.5,3.25,3.51,52869,2005,2,Winter
Horror,6.8,19.99,17.38,13355,2024,4,Spring
Animation,5.5,122.13,142.7,139387,2007,7,Summer
Horror,5.5,21.93,33.64,41195,2024,11,Fall
Comedy,7.1,50.44,51.38,81353,2015,3,Spring
Romance,8.0,38.32,162.02,56169,2010,3,Spring
Sci-Fi,6.2,84.97,93.84,195463,2005,3,Spring
Horror,6.4,20.14,90.82,24086,2005,4,Spring
Action,7.5,106.36,230.86,103075,2012,10,Fall
Action,6.6,126.57,224.09,143646,2015,4,Spring
Drama,6.2,34.52,34.77,29524,2000,12,Winter
Adventure,8.3,51.65,231.43,36487,2020,10,Fall
Romance,5.5,41.19,9.57,58753,2005,3,Spring
Comedy,5.7,22.21,47.29,22609,2012,3,Spring
Drama,7.4,31.45,106.43,112824,2012,11,Fall
Comedy,6.3,39.35,128.26,30614,2021,11,Fall
Drama,6.4,27.8,49.71,25135,2018,3,Spring
Comedy,7.7,32.94,900.56,36203,2014,6,Summer
Sci-Fi,7.1,145.31,283.24,87683,2002,10,Fall
Drama,8.0,106.99,34.29,68280,2004,2,Winter
Comedy,6.3,22.7,33.52,22438,2013,11,Fall
Adventure,6.6,76.53,143.55,98354,2016,10,Fall
Drama,8.3,46.83,44.96,64608,2019,10,Fall
Adventure,6.2,99.69,626.85,149891,2009,10,Fall
Action,6.2,52.27,59.76,59334,2004,5,Spring
Horror,6.3,26.22,15.3,69500,2013,5,Spring
Romance,7.0,35.01,67.18,32792,2007,1,Winter
Drama,8.0,57.92,125.45,132214,2015,12,Winter
Action,5.7,66.81,138.66,96650,2003,1,Winter
Action,5.6,116.76,14.25,142326,2020,7,Summer
Drama,6.5,29.02,21.13,20845,2006,3,Spring
Adventure,7.4,109.35,268.22,172935,2011,9,Fall
Thriller,7.6,138.72,702.32,110707,2001,12,Winter
Drama,7.5,67.36,155.01,78160,2012,11,Fall
Thriller,7.1,47.38,38.29,43763,2019,4,Spring
Comedy,4.9,56.86,57.57,141920,2022,3,Spring
Comedy,6.6,54.81,201.49,82845,2005,8,Summer
Drama,5.9,23.27,64.14,15401,2000,7,Summer
Sci-Fi,7.4,321.05,1085.65,196151,2014,9,Fall
Romance,5.9,46.84,215.86,30027,2002,4,Spring
Drama,7.4,73.63,514.98,50916,2002,3,Spring
Documentary,6.8,6.73,3.9,162792,2024,8,Summer
Sci-Fi,6.6,59.3,50.96,139660,2001,2,Winter
Drama,6.3,34.73,162.0,50038,2014,12,Winter
Documentary,6.9,10.5,4.21,28876,2004,3,Spring
Documentary,6.9,9.16,36.51,20045,2016,2,Winter
Drama,7.4,26.82,12.13,121256,2012,7,Summer
Horror,6.4,36.34,151.07,152443,2024,9,Fall
Drama,7.6,33.47,66.79,152648,2004,9,Fall
Comedy,6.5,101.47,181.03,100551,2016,2,Winter
Action,5.9,108.93,214.6,141224,2001,7,Summer
Comedy,5.2,41.8,22.2,83206,2021,7,Summer
Comedy,5.4,45.82,194.9,52082,2018,1,Winter
Drama,6.5,42.71,191.15,48558,2011,9,Fall
Comedy,7.0,57.8,16.04,100364,2001,9,Fall
Documentary,7.9,5.61,57.48,16506,2020,7,Summer
Action,5.8,304.17,181.08,200384,2015,3,Spring
Thriller,5.8,88.14,35.03,179893,2007,11,Fall
Drama,5.8,87.66,39.33,64553,2006,3,Spring
Drama,6.7,24.53,72.64,46209,2019,9,Fall
Drama,7.6,55.15,4.96,86374,2014,2,Winter
Sci-Fi,5.8,176.4,149.43,108998,2010,10,Fall
Drama,8.2,94.44,107.27,239455,2005,10,Fall
Action,6.8,50.15,54.49,181467,2021,10,Fall
Adventure,7.5,60.82,29.02,182996,2004,11,Fall
Sci-Fi,6.0,92.43,126.57,60667,2013,12,Winter
Comedy,6.9,59.82,103.62,36804,2018,3,Spring
Romance,5.3,19.87,15.92,21662,2014,12,Winter
Action,7.1,221.49,992.77,174726,2022,2,Winter
Action,7.7,72.53,54.01,68073,2002,12,Winter
Sci-Fi,7.9,41.37,62.57,143613,2010,2,Winter
Drama,6.7,48.6,109.27,170081,2012,1,Winter
Horror,5.2,19.97,5.72,45464,2002,8,Summer
Adventure,6.5,97.94,21.61,144165,2013,4,Spring
Comedy,7.6,46.56,100.74,51320,2016,3,Spring
Action,5.3,241.06,665.33,292499,2005,12,Winter
Action,5.2,167.47,1023.21,110578,2018,3,Spring
Horror,4.2,23.77,21.7,93105,2009,9,Fall
Adventure,6.7,48.44,78.7,150998,2003,5,Spring
Romance,4.8,27.89,16.32,59283,2015,2,Winter
Drama,8.2,35.64,94.08,38503,2002,7,Summer
Thriller,8.2,27.97,17.31,135198,2007,11,Fall
Sci-Fi,6.6,162.58,422.63,210620,2008,12,Winter
Horror,7.9,12.49,21.02,142893,2003,3,Spring
Comedy,6.5,24.92,18.14,176071,2018,1,Winter
Animation,6.4,68.8,157.09,75028,2018,6,Summer
Action,6.1,67.52,178.82,61411,2012,3,Spring
Comedy,7.5,40.94,554.3,35529,2009,2,Winter
Thriller,7.5,29.3,59.98,67285,2011,9,Fall
Comedy,4.6,41.55,35.53,27575,2002,12,Winter
Horror,4.3,21.69,28.96,15358,2014,6,Summer
Drama,6.0,54.25,101.22,57830,2018,12,Winter
Comedy,5.8,57.03,80.63,50544,2004,4,Spring
Documentary,5.9,8.94,119.91,103770,2018,11,Fall
Action,5.9,142.15,646.98,87227,2023,7,Summer
Horror,5.2,21.83,64.55,122419,2022,8,Summer
Action,5.5,237.52,363.92,215543,2012,4,Spring
Animation,8.6,69.16,164.24,121327,2001,5,Spring
Comedy,7.5,37.66,42.12,23756,2021,3,Spring
Action,8.0,120.04,55.29,188392,2018,6,Summer
Horror,7.3,17.07,28.17,72816,2023,10,Fall
Animation,6.7,190.14,302.27,145188,2018,6,Summer
Horror,6.0,34.18,33.16,72461,2023,2,Winter
Action,5.7,169.7,616.37,242063,2016,11,Fall
Drama,7.3,58.6,144.15,58667,2023,10,Fall
Drama,6.3,64.48,113.93,121894,2010,10,Fall
Drama,5.8,31.62,66.06,117745,2021,2,Winter
Sci-Fi,6.0,141.29,68.47,127994,2015,5,Spring
Action,7.2,70.04,91.64,217756,2016,2,Winter
Thriller,6.9,37.46,24.49,119755,2005,1,Winter
Documentary,7.5,12.08,52.59,18104,2016,3,Spring
Adventure,6.6,92.75,81.59,114653,2000,8,Summer
Comedy,5.5,56.75,22.64,57928,2001,11,Fall
Action,6.9,90.1,192.13,141153,2014,8,Summer
Documentary,7.1,6.9,35.3,102976,2022,3,Spring
Adventure,7.7,79.43,43.55,80759,2019,5,Spring
Adventure,7.8,97.91,465.88,185357,2022,5,Spring
Drama,6.9,37.98,53.08,52531,2014,4,Spring
Animation,6.9,151.35,134.15,220972,2020,1,Winter
Comedy,5.5,42.62,207.46,58419,2006,1,Winter
Drama,6.5,20.22,91.26,22144,2008,2,Winter
Sci-Fi,6.2,136.36,68.48,93188,2012,2,Winter
Action,6.9,214.68,1045.78,164396,2013,6,Summer
Adventure,6.2,119.51,219.9,93468,2018,7,Summer
Romance,7.5,53.58,125.15,97845,2007,2,Winter
Drama,7.6,29.54,25.61,56032,2006,4,Spring
Drama,7.0,53.14,62.21,104132,2018,7,Summer
Adventure,7.5,126.97,950.82,81723,2000,8,Summer
Romance,5.6,34.13,25.11,39574,2002,10,Fall
Sci-Fi,6.2,58.99,310.59,109280,2022,12,Winter
Sci-Fi,7.8,116.27,2500.0,144479,2003,6,Summer
Adventure,5.5,188.52,129.5,147119,2006,8,Summer
Drama,7.1,35.13,97.57,78111,2005,7,Summer
Drama,6.9,131.01,557.28,263650,2001,10,Fall
Thriller,6.2,54.82,93.99,91038,2000,11,Fall
Drama,8.0,54.09,24.03,40137,2020,6,Summer
Adventure,7.3,57.22,109.98,85637,2006,1,Winter
Drama,7.8,15.22,51.5,12446,2019,5,Spring
Romance,6.2,55.16,181.13,61102,2019,6,Summer
Thriller,7.3,81.28,58.19,66489,2002,11,Fall
Drama,5.5,10.68,19.71,231071,2013,7,Summer
Documentary,6.7,8.92,19.62,7497,2000,2,Winter
Action,6.5,97.71,654.78,104605,2013,9,Fall
Comedy,5.8,77.9,289.17,159288,2013,6,Summer
Drama,7.4,63.9,158.23,66986,2008,9,Fall
Action,8.5,74.07,594.22,189583,2009,12,Winter
Drama,7.3,73.21,238.8,226752,2008,7,Summer
Animation,7.1,98.11,110.86,196877,2006,2,Winter
Romance,6.4,36.86,87.43,194855,2019,5,Spring
Action,5.5,150.8,201.66,123317,2005,7,Summer
Documentary,5.7,15.38,34.39,30091,2006,6,Summer
Thriller,5.4,24.9,222.66,20668,2014,10,Fall
Action,6.7,76.23,76.93,142301,2006,8,Summer
Horror,4.2,12.6,25.41,27026,2001,1,Winter
Drama,7.7,59.25,448.89,131522,2016,9,Fall
Action,6.3,369.93,2500.0,233419,2017,6,Summer
Thriller,7.2,34.46,155.71,22335,2017,3,Spring
Animation,5.7,65.97,66.28,132692,2011,4,Spring
Horror,7.2,35.89,26.76,31433,2019,9,Fall
Comedy,6.2,89.4,61.0,147322,2000,1,Winter
Romance,4.6,45.48,5.61,154446,2011,11,Fall
Romance,7.2,40.97,102.86,35585,2013,5,Spring
Horror,4.8,12.09,11.03,128075,2022,8,Summer
Drama,6.2,38.15,51.92,193185,2008,11,Fall
Sci-Fi,5.7,105.84,100.31,67113,2022,1,Winter
Thriller,6.5,143.25,232.79,99728,2003,9,Fall
Action,7.0,113.23,125.5,158781,2015,12,Winter
Thriller,7.3,56.78,90.67,102219,2005,11,Fall
Sci-Fi,8.8,98.7,177.69,241740,2023,12,Winter
Thriller,6.2,35.13,69.66,49259,2016,4,Spring
Comedy,5.9,137.79,815.76,147087,2024,4,Spring
Romance,5.0,23.07,47.24,30900,2003,9,Fall
Animation,5.9,62.71,104.27,62701,2000,9,Fall
Action,7.5,141.57,85.76,155686,2014,1,Winter
Sci-Fi,6.3,70.26,89.55,136690,2005,2,Winter
Comedy,6.7,61.48,352.44,64923,2024,6,Summer
Romance,6.2,71.24,92.15,56883,2009,8,Summer
Drama,6.3,24.71,215.93,34324,2024,7,Summer
Comedy,5.6,41.78,142.27,26908,2010,4,Spring
Horror,4.3,19.47,7.28,69411,2016,10,Fall
Action,6.3,138.3,165.99,140449,2006,6,Summer
Animation,6.9,148.03,390.4,101009,2017,5,Spring
Romance,5.9,21.06,71.47,26542,2010,10,Fall
Adventure,7.4,96.98,143.07,103256,2008,4,Spring
Romance,5.1,26.47,21.05,128314,2010,6,Summer
Action,6.5,140.99,631.63,127480,2018,3,Spring
Action,5.6,73.55,199.81,44514,2006,1,Winter
Sci-Fi,7.0,103.09,784.11,71898,2024,11,Fall
Romance,5.4,50.18,40.3,73557,2015,5,Spring
Drama,7.9,43.87,24.54,28514,2003,6,Summer
Drama,7.7,64.17,325.72,43101,2001,3,Spring
Drama,7.5,41.08,126.69,148252,2020,11,Fall
Documentary,7.2,15.21,20.79,220884,2012,3,Spring
Drama,7.4,26.0,18.64,41176,2003,9,Fall
Adventure,6.9,59.32,44.33,52243,2011,11,Fall
Horror,6.4,57.65,51.98,286524,2004,7,Summer
Sci-Fi,6.4,113.79,32.19,136063,2013,1,Winter
Sci-Fi,5.7,248.61,906.66,171062,2010,2,Winter
Documentary,7.0,19.97,62.47,19470,2003,5,Spring
Horror,6.3,28.83,27.0,186399,2009,1,Winter
Sci-Fi,7.1,64.27,51.56,110401,2018,12,Winter
Animation,8.3,139.19,260.62,126741,2023,6,Summer
Thriller,6.4,43.25,734.17,116587,2001,3,Spring
Horror,4.7,18.5,28.55,47941,2021,10,Fall
Horror,5.4,15.71,25.06,22097,2012,1,Winter
Action,6.1,105.03,65.98,63983,2019,1,Winter
Romance,5.5,32.06,19.33,51335,2016,12,Winter
Sci-Fi,5.8,79.01,463.63,345969,2005,12,Winter
Comedy,6.2,23.9,22.82,54332,2012,2,Winter
Romance,6.1,32.9,65.96,67264,2014,10,Fall
Drama,6.3,22.85,30.2,309017,2017,9,Fall
Drama,6.2,58.32,66.52,67423,2022,7,Summer
Action,6.8,82.68,87.89,111901,2012,9,Fall
Romance,6.6,14.04,42.41,14412,2016,12,Winter
Drama,6.5,24.01,12.63,40291,2009,2,Winter
Horror,5.8,25.18,82.96,31677,2022,9,Fall
Thriller,7.2,72.48,123.66,98208,2001,6,Summer
Action,6.6,138.5,57.25,94805,2020,5,Spring
Action,7.8,65.54,52.65,92085,2018,3,Spring
Horror,4.8,39.56,29.81,132438,2001,10,Fall
Horror,4.6,42.54,19.21,54230,2013,12,Winter
Documentary,7.6,15.34,9.28,154536,2006,12,Winter
Adventure,6.9,141.82,326.96,135012,2008,10,Fall
Romance,5.7,37.36,230.64,244115,2003,1,Winter
Thriller,7.7,82.32,176.78,55801,2004,6,Summer
Drama,6.7,91.42,79.18,192116,2008,1,Winter
Comedy,6.7,54.13,60.5,68395,2021,8,Summer
Drama,7.0,40.19,57.04,64140,2004,9,Fall
Action,5.8,84.36,150.19,114967,2000,10,Fall
Horror,5.5,12.98,98.27,96853,2016,10,Fall
Comedy,7.3,119.87,295.44,76705,2019,7,Summer
Romance,5.9,41.26,163.36,51874,2007,4,Spring
Documentary,8.3,23.61,62.39,100424,2022,7,Summer
Action,6.6,181.77,338.58,152577,2017,7,Summer
Comedy,6.1,71.0,68.88,66406,2022,2,Winter
Drama,6.3,106.11,115.53,179757,2003,4,Spring
Adventure,7.2,97.6,480.11,114266,2003,11,Fall
Adventure,6.8,76.76,274.13,67592,2009,6,Summer
Comedy,6.2,28.82,120.24,142908,2008,4,Spring
Documentary,7.1,6.66,13.49,81664,2013,1,Winter
Animation,6.7,55.22,59.63,63930,2012,5,Spring
Romance,5.2,31.25,124.86,74711,2017,5,Spring
Adventure,7.2,44.34,31.49,124192,2008,8,Summer
Adventure,8.2,42.03,42.86,32807,2006,6,Summer
Drama,8.6,17.03,42.2,98048,2018,10,Fall
Horror,6.0,17.92,31.56,28997,2002,4,Spring
Horror,5.7,22.14,11.39,42471,2016,5,Spring
Drama,7.3,16.87,23.79,23267,2019,3,Spring
Comedy,5.8,37.47,24.89,47059,2004,11,Fall
Romance,6.4,74.25,1420.48,108145,2014,4,Spring
Comedy,6.6,97.06,154.64,179853,2002,7,Summer
Drama,6.2,48.47,268.31,124666,2020,12,Winter
Documentary,6.7,7.82,14.73,162736,2016,11,Fall
Romance,6.9,21.04,57.03,55542,2002,5,Spring
Horror,6.7,23.18,25.38,318479,2006,10,Fall
Drama,6.1,43.0,135.22,63027,2019,1,Winter
Documentary,7.9,15.59,155.29,167108,2000,2,Winter
Horror,5.7,32.23,85.1,29437,2018,6,Summer
Comedy,6.3,52.81,54.54,37829,2006,3,Spring
Action,6.4,116.8,90.62,92476,2000,2,Winter
Adventure,4.8,61.02,197.37,47349,2000,11,Fall
Adventure,7.0,28.71,19.83,69093,2015,6,Summer
Thriller,5.4,83.06,63.38,94278,2000,12,Winter
Action,7.2,86.01,302.25,181164,2004,11,Fall
Comedy,5.2,78.73,153.03,112618,2007,9,Fall
Sci-Fi,7.6,93.75,53.81,70820,2019,6,Summer
Adventure,6.8,86.68,119.09,81900,2004,9,Fall
Drama,7.7,30.69,62.68,110862,2001,9,Fall
Drama,6.6,84.69,330.24,74309,2021,4,Spring
Comedy,4.8,52.86,57.25,230622,2023,9,Fall
Action,5.7,66.61,32.11,40500,2015,1,Winter
Action,6.8,92.61,866.24,68064,2002,3,Spring
Documentary,7.4,4.67,24.89,3156,2007,10,Fall
Sci-Fi,6.0,108.64,80.27,97862,2006,10,Fall
Comedy,7.4,24.95,54.69,153778,2002,6,Summer
Comedy,6.3,23.36,104.23,25446,2015,7,Summer
Horror,4.5,68.89,20.52,75811,2015,7,Summer
Animation,7.0,287.15,772.71,181290,2024,1,Winter
Sci-Fi,6.0,107.99,93.58,94866,2018,3,Spring
Comedy,7.0,90.43,71.59,65091,2008,4,Spring
Documentary,7.2,7.65,10.8,5175,2016,10,Fall
Comedy,6.4,36.91,47.43,78481,2024,5,Spring
Thriller,6.6,79.31,79.35,55063,2007,11,Fall
Thriller,7.8,86.29,37.34,105942,2014,7,Summer
Documentary,6.2,9.48,8.06,149522,2024,5,Spring
Horror,6.2,47.63,54.77,36647,2001,5,Spring
Thriller,6.8,124.37,104.01,77110,2013,8,Summer
Romance,5.3,57.05,54.67,119863,2022,6,Summer
Animation,6.7,98.93,247.54,112630,2014,7,Summer
Action,5.7,282.14,1050.72,267752,2018,3,Spring
Action,8.2,232.75,250.58,227539,2016,6,Summer
Documentary,7.9,7.98,15.0,17203,2001,5,Spring
Romance,4.8,39.48,40.51,63211,2011,9,Fall
Drama,6.8,50.41,224.08,82384,2005,2,Winter
Drama,7.7,13.56,18.46,39673,2001,10,Fall
Sci-Fi,7.7,87.93,226.9,116339,2012,11,Fall
Drama,7.9,49.67,57.04,131682,2007,1,Winter
Animation,8.4,136.85,69.5,136625,2011,6,Summer
Drama,7.3,78.21,170.57,139550,2017,4,Spring
Sci-Fi,7.8,136.08,56.95,101097,2022,9,Fall
Action,5.5,70.61,190.14,93049,2018,1,Winter
Romance,6.9,32.46,49.83,44797,2006,5,Spring
Romance,6.0,87.34,55.03,68357,2013,2,Winter
Comedy,6.2,104.13,113.16,276655,2011,8,Summer
Adventure,7.8,80.9,41.19,118771,2013,5,Spring
Adventure,7.4,90.36,58.68,61646,2018,2,Winter
Drama,7.1,63.89,99.0,117361,2014,2,Winter
Action,8.7,74.88,1120.27,151667,2005,11,Fall
Comedy,7.4,52.59,50.92,67489,2012,4,Spring
Comedy,5.9,83.51,258.25,122953,2003,9,Fall
Romance,4.1,21.15,4.46,158515,2018,2,Winter
Drama,7.4,88.99,227.63,464281,2021,1,Winter
Animation,6.5,96.68,58.41,105919,2002,2,Winter
Romance,5.7,26.76,103.58,75226,2016,4,Spring
Adventure,6.2,41.44,16.1,54923,2002,8,Summer
Documentary,7.1,12.05,71.06,90158,2017,8,Summer
Comedy,7.4,59.07,176.77,54437,2016,9,Fall
Thriller,6.0,31.83,4.82,45888,2003,4,Spring
Sci-Fi,6.6,34.29,27.21,85349,2000,5,Spring
Adventure,6.4,76.88,73.25,152196,2005,8,Summer
Drama,6.5,21.31,11.34,171928,2008,3,Spring
Animation,7.0,37.76,117.79,32228,2007,4,Spring
Action,8.0,118.44,1099.26,199877,2021,1,Winter
Adventure,7.1,80.88,524.01,136487,2019,5,Spring
Action,6.6,77.19,1238.85,52942,2003,3,Spring
Animation,6.4,59.42,14.52,124893,2009,7,Summer
Documentary,7.0,11.65,4.47,17805,2006,5,Spring
Romance,4.7,37.8,36.48,91418,2000,8,Summer
Comedy,6.2,91.17,349.77,71084,2017,1,Winter
Thriller,6.6,55.03,180.58,58117,2000,2,Winter
Thriller,7.2,22.14,36.13,33425,2013,6,Summer
Horror,6.7,17.56,35.3,29783,2009,3,Spring
Comedy,6.9,30.57,67.21,47852,2009,8,Summer
Adventure,6.5,86.98,1513.47,139100,2006,9,Fall
Thriller,6.4,30.27,179.78,266767,2015,10,Fall
Action,6.0,59.91,96.15,105942,2005,8,Summer
Horror,5.2,13.27,7.59,20680,2024,3,Spring
Comedy,5.8,42.46,8.58,270282,2009,6,Summer
Action,6.4,164.37,479.34,128922,2011,8,Summer
Thriller,5.8,47.94,59.86,94958,2007,9,Fall
Sci-Fi,7.1,90.59,480.32,76733,2010,8,Summer
Sci-Fi,6.6,220.16,781.9,163305,2008,9,Fall
Action,5.8,229.43,209.02,202171,2013,2,Winter
Horror,5.4,23.29,105.15,109308,2010,3,Spring
Horror,6.6,16.34,293.91,25130,2014,12,Winter
Drama,8.0,63.19,35.91,39663,2004,10,Fall
Documentary,9.0,10.02,23.28,52464,2016,8,Summer
Comedy,6.8,97.7,177.55,77640,2016,8,Summer
Action,5.9,139.64,396.89,141927,2008,7,Summer
Romance,5.6,24.94,182.97,21873,2009,5,Spring
Horror,6.2,17.98,14.89,179183,2006,12,Winter
Comedy,7.0,77.1,197.04,70620,2019,2,Winter
Drama,8.4,36.51,7.84,75251,2023,11,Fall
Thriller,6.1,39.38,90.05,114632,2009,5,Spring
Adventure,6.7,233.74,485.93,220822,2018,11,Fall
Animation,5.8,56.74,131.71,71687,2023,3,Spring
Comedy,6.6,26.07,26.79,18201,2017,6,Summer
Comedy,5.4,62.24,310.48,88591,2013,6,Summer
Romance,7.4,27.54,55.39,53231,2013,10,Fall
Animation,6.1,118.09,47.22,81124,2018,1,Winter
Thriller,7.3,50.92,49.75,64001,2021,12,Winter
Romance,6.3,37.59,105.07,52062,2006,2,Winter
Thriller,6.8,58.39,199.04,38390,2003,1,Winter
Animation,5.3,74.7,59.5,144495,2004,9,Fall
Romance,6.1,51.03,69.04,135326,2023,5,Spring
Adventure,5.8,82.03,73.89,182577,2016,3,Spring
Adventure,6.1,100.11,24.9,143861,2014,5,Spring
Adventure,7.0,120.31,193.76,215827,2013,1,Winter
Animation,9.1,71.28,61.76,134816,2006,2,Winter
Comedy,7.9,48.96,41.49,35266,2013,4,Spring
Drama,7.6,74.72,94.44,230473,2021,3,Spring
Comedy,6.6,48.01,33.25,79299,2020,9,Fall
Horror,5.6,31.56,15.97,45263,2022,1,Winter
Drama,6.3,41.11,128.55,70982,2008,3,Spring
Animation,7.2,124.35,53.7,81041,2005,9,Fall
Action,6.1,91.93,62.88,69134,2020,6,Summer
Animation,8.3,101.24,98.63,134017,2020,6,Summer
Thriller,8.6,94.92,405.54,83176,2012,4,Spring
Sci-Fi,8.5,214.89,908.67,129200,2007,8,Summer
Drama,6.7,41.33,351.85,44019,2004,8,Summer
Thriller,6.4,57.98,63.38,62342,2008,4,Spring
Thriller,5.8,57.5,71.35,87711,2002,10,Fall
Documentary,7.6,14.63,12.44,45525,2022,10,Fall
Animation,6.1,38.7,28.45,77507,2019,1,Winter
Thriller,6.3,112.22,835.91,122221,2014,3,Spring
Comedy,5.5,27.08,14.34,136316,2024,2,Winter
Adventure,6.1,75.36,130.77,65985,2021,8,Summer
Comedy,7.7,80.82,175.48,50932,2003,4,Spring
Horror,3.8,24.86,23.93,128136,2013,4,Spring
Adventure,7.0,97.13,98.95,179705,2017,12,Winter
Comedy,5.6,54.42,266.96,44620,2016,8,Summer
Comedy,8.3,57.68,289.04,36724,2016,5,Spring
Sci-Fi,7.4,97.5,117.64,87387,2001,12,Winter
Sci-Fi,5.8,102.39,825.7,133647,2013,2,Winter
Drama,6.7,80.29,294.01,84858,2022,4,Spring
Comedy,5.8,86.45,136.93,58651,2020,1,Winter
Action,7.5,377.17,169.45,351322,2023,3,Spring
Documentary,8.4,21.13,68.37,13035,2004,10,Fall
Sci-Fi,6.8,154.8,463.92,128451,2010,1,Winter
Adventure,6.5,145.28,270.49,229917,2019,2,Winter
Romance,7.1,46.8,72.0,62391,2006,9,Fall
Action,6.5,131.02,208.61,97067,2020,2,Winter
Action,6.9,64.56,137.63,79882,2024,5,Spring
Drama,7.4,52.97,121.46,123538,2019,2,Winter
Adventure,5.9,67.95,182.22,74578,2004,10,Fall
Adventure,7.8,120.74,76.38,205316,2003,4,Spring
Sci-Fi,6.2,175.49,290.66,245123,2003,6,Summer
Comedy,7.9,23.14,30.47,39258,2003,10,Fall
Drama,8.2,69.7,214.79,518478,2018,11,Fall
Comedy,6.5,45.26,13.86,110269,2005,10,Fall
Comedy,5.2,79.2,129.03,220316,2011,6,Summer
Horror,7.3,37.84,79.42,329885,2012,2,Winter
Romance,6.5,22.01,55.85,22561,2000,10,Fall
Drama,8.0,36.53,499.3,37524,2022,5,Spring
Action,7.8,150.5,54.15,150031,2001,6,Summer
Thriller,5.8,29.38,54.69,128573,2022,1,Winter
Drama,7.5,41.63,37.44,171303,2002,12,Winter
Drama,6.9,91.29,555.69,119819,2011,12,Winter
Drama,7.5,71.84,138.74,77280,2001,1,Winter
Drama,7.6,99.18,260.16,142708,2023,1,Winter
Thriller,5.4,45.52,36.05,246700,2018,8,Summer
Action,6.3,83.68,51.22,58708,2010,9,Fall
Sci-Fi,6.8,140.01,309.77,105677,2009,6,Summer
Adventure,5.5,71.48,156.09,152455,2010,4,Spring
Thriller,6.2,33.08,14.33,63743,2016,1,Winter
Comedy,6.4,96.57,180.81,130220,2008,8,Summer
Documentary,7.6,16.41,28.82,18329,2011,1,Winter
Drama,7.1,40.94,78.12,31659,2001,5,Spring
Horror,5.3,32.22,32.4,84728,2010,1,Winter
Horror,5.0,56.39,45.86,162433,2003,9,Fall
Drama,6.9,30.78,17.68,92536,2003,6,Summer
Comedy,5.6,101.83,86.75,99813,2004,8,Summer
Documentary,7.5,5.86,15.9,22349,2005,11,Fall
Action,6.7,68.14,613.63,42665,2001,10,Fall
Romance,5.6,38.36,80.14,51712,2018,5,Spring
Comedy,6.5,39.37,11.73,31505,2004,3,Spring
Drama,9.2,43.02,253.99,64859,2024,2,Winter
Sci-Fi,7.3,97.49,234.04,111361,2001,6,Summer
Drama,7.4,72.58,400.46,274270,2011,4,Spring
Action,7.1,97.09,927.97,71207,2016,5,Spring
Comedy,7.4,26.77,143.9,72288,2011,8,Summer
Sci-Fi,5.4,104.24,178.13,83877,2002,11,Fall
Documentary,6.6,33.24,52.18,26356,2021,5,Spring
Comedy,5.8,28.23,97.82,162198,2014,11,Fall
Horror,5.4,27.07,24.72,154152,2016,2,Winter
Action,8.3,63.53,112.34,90790,2010,1,Winter
Animation,7.2,46.1,197.53,40060,2023,12,Winter
Drama,8.1,33.01,152.09,208932,2020,1,Winter
Adventure,6.9,144.66,144.61,88181,2000,3,Spring
Drama,9.5,89.45,419.64,286311,2006,4,Spring
Adventure,4.9,99.87,51.41,64511,2010,6,Summer
Romance,5.8,32.4,27.62,47874,2013,5,Spring
Drama,6.8,58.24,164.81,69678,2001,6,Summer
Horror,5.6,18.54,175.41,25630,2001,1,Winter
Comedy,7.1,47.16,216.13,49932,2013,9,Fall
Comedy,6.4,71.53,134.54,188349,2002,6,Summer
Comedy,6.9,22.58,8.2,16461,2003,6,Summer
Documentary,7.9,7.48,9.05,54995,2006,11,Fall
Romance,6.4,31.97,56.77,74716,2002,12,Winter
Animation,7.4,125.58,314.72,107319,2018,8,Summer
Romance,5.8,15.59,17.05,263517,2009,4,Spring
Thriller,6.3,24.19,7.67,24674,2008,4,Spring
Thriller,6.0,21.35,17.95,106396,2022,2,Winter
Documentary,7.1,6.68,9.86,29254,2007,2,Winter
Horror,5.1,35.95,21.04,146012,2010,8,Summer
Comedy,5.4,62.65,127.63,222958,2011,7,Summer
Action,7.1,187.02,125.99,141846,2020,4,Spring
Comedy,5.5,45.95,49.87,56275,2007,12,Winter
Drama,7.7,41.48,50.29,35184,2003,7,Summer
Drama,6.9,42.02,11.72,36903,2014,6,Summer
Sci-Fi,6.2,86.51,87.43,63116,2006,11,Fall
Animation,7.6,355.25,578.95,264190,2023,11,Fall
Action,7.3,145.5,634.45,221192,2013,2,Winter
Documentary,7.2,6.5,19.28,9754,2002,10,Fall
Romance,7.4,31.47,61.73,172928,2000,11,Fall
Thriller,5.4,94.48,91.85,99936,2016,1,Winter
Drama,8.1,17.14,48.83,53000,2023,7,Summer
Horror,5.2,21.9,34.74,96477,2003,2,Winter
Adventure,6.4,165.61,45.69,102310,2003,2,Winter
Horror,6.2,33.84,14.73,65146,2024,10,Fall
Documentary,6.4,7.97,1.6,96753,2010,12,Winter
Horror,5.9,38.55,137.15,45222,2013,6,Summer
Sci-Fi,6.3,104.34,13.12,79213,2001,5,Spring
Action,6.3,73.53,752.98,50250,2005,2,Winter
Horror,7.7,22.61,74.42,86023,2005,1,Winter
Horror,4.3,48.47,44.52,79993,2020,11,Fall
Action,6.3,150.34,430.44,227476,2023,9,Fall
Sci-Fi,7.0,108.74,76.01,215938,2021,3,Spring
Thriller,5.8,28.16,18.86,70018,2024,1,Winter
Action,6.4,100.88,211.03,142100,2006,10,Fall
Thriller,7.1,88.91,97.99,55071,2004,8,Summer
Romance,6.5,55.01,74.33,33518,2020,4,Spring
Comedy,7.0,21.75,19.22,117788,2021,6,Summer
Action,7.4,70.63,78.72,74210,2002,4,Spring
Drama,6.9,39.59,67.37,48619,2014,9,Fall
Thriller,6.9,49.86,283.41,45199,2001,3,Spring
Drama,6.0,61.65,97.88,154411,2009,12,Winter
Drama,7.2,20.61,20.63,32700,2006,12,Winter
Animation,5.6,70.12,150.99,72410,2007,9,Fall
Animation,6.8,151.31,122.4,140097,2002,5,Spring
Horror,6.6,39.59,46.86,23959,2011,5,Spring
Action,6.9,58.02,745.81,141415,2009,12,Winter
Romance,6.3,47.44,31.2,127358,2004,8,Summer
Thriller,7.5,29.54,73.25,29728,2002,11,Fall
Animation,7.7,135.36,183.78,102026,2019,9,Fall
Adventure,5.9,134.42,112.02,115060,2024,8,Summer
Drama,8.2,48.98,71.33,75623,2006,8,Summer
Drama,6.6,27.62,7.0,32005,2006,9,Fall
Animation,6.4,37.05,20.88,56279,2016,5,Spring
Horror,6.5,51.2,146.69,34458,2024,12,Winter
Thriller,7.0,28.79,37.3,22617,2010,9,Fall
Drama,7.2,32.2,16.68,48494,2004,3,Spring
Comedy,6.4,43.71,12.78,42415,2010,9,Fall
Comedy,7.4,50.82,56.35,53216,2019,12,Winter
Action,6.6,156.57,184.78,164698,2021,12,Winter
Action,7.1,148.68,228.09,107143,2010,2,Winter
Sci-Fi,7.3,122.33,657.93,79920,2004,1,Winter
Drama,9.0,40.61,46.31,42020,2018,5,Spring
Action,7.7,76.17,128.17,57340,2002,3,Spring
Adventure,7.2,156.06,300.36,253842,2019,6,Summer
Comedy,6.9,60.6,18.23,44166,2011,5,Spring
Comedy,6.4,71.36,214.56,64562,2011,8,Summer
Comedy,6.2,44.81,40.04,165127,2006,6,Summer
Documentary,7.0,14.38,29.99,82115,2007,8,Summer
Action,6.5,35.37,41.39,61192,2015,1,Winter
Animation,6.4,171.44,617.73,136305,2021,3,Spring
Adventure,6.2,85.97,140.61,113204,2015,4,Spring
Horror,5.8,19.89,51.15,13840,2006,8,Summer
Sci-Fi,6.4,84.24,190.07,51217,2008,2,Winter
Comedy,6.1,36.33,38.32,42051,2007,3,Spring
Horror,5.8,25.21,13.71,122277,2000,4,Spring
Horror,6.7,27.92,12.07,65284,2001,7,Summer
Drama,7.9,100.51,16.56,111323,2010,8,Summer
Adventure,7.5,96.7,243.11,112786,2008,7,Summer
Horror,7.0,13.97,9.93,34070,2010,9,Fall
Adventure,6.0,294.25,1295.71,179808,2023,3,Spring
Animation,6.8,97.91,176.01,71215,2011,5,Spring
Romance,6.5,32.34,150.11,98537,2019,7,Summer
Romance,6.6,26.77,87.17,51381,2005,7,Summer
Drama,7.6,22.35,42.25,80660,2018,6,Summer
Action,7.7,221.15,263.39,184437,2016,8,Summer
Romance,5.7,19.28,40.31,51556,2017,6,Summer
Drama,7.4,74.5,102.82,45463,2022,2,Winter
Comedy,5.3,43.34,15.45,42090,2016,8,Summer
Action,6.9,160.44,133.66,157326,2000,11,Fall
Drama,5.8,38.63,49.01,392650,2007,2,Winter
Action,6.8,141.03,302.23,113062,2016,11,Fall
Documentary,8.1,9.95,6.24,123623,2022,9,Fall
Drama,7.7,45.77,42.86,112420,2021,1,Winter
Drama,6.3,84.21,311.05,84338,2003,2,Winter
Action,5.8,120.87,71.11,112015,2016,4,Spring
Drama,7.7,26.05,19.26,134518,2015,6,Summer
Action,6.4,54.04,276.43,82897,2010,6,Summer
Action,4.6,90.28,129.62,97212,2007,7,Summer
Drama,8.4,62.1,45.68,295563,2006,6,Summer
Sci-Fi,6.9,148.76,408.69,293951,2008,12,Winter
Drama,6.0,67.02,72.78,124874,2001,4,Spring
Action,6.7,147.45,220.33,263471,2016,10,Fall
Comedy,8.2,60.68,69.97,85903,2015,11,Fall
Animation,6.7,68.71,77.19,49624,2012,9,Fall
Animation,6.7,133.0,555.58,81600,2015,12,Winter
Animation,6.3,211.52,892.15,142101,2019,7,Summer
Drama,7.7,42.26,775.35,43611,2001,1,Winter
Drama,7.4,62.55,40.55,129238,2024,7,Summer
Sci-Fi,7.4,82.57,391.39,92644,2012,4,Spring
Drama,6.6,76.07,133.21,265818,2009,12,Winter
Animation,7.4,139.57,359.91,84597,2012,12,Winter
Thriller,5.8,64.07,53.74,51406,2018,10,Fall
Drama,7.6,28.09,96.94,35086,2024,1,Winter
Action,5.8,143.13,92.91,134667,2000,12,Winter
Action,6.5,274.77,1377.53,239315,2018,8,Summer
Adventure,5.3,101.27,45.6,352251,2022,11,Fall
Drama,7.3,141.65,166.6,144400,2014,8,Summer
Documentary,7.0,5.29,8.21,60069,2001,2,Winter
Drama,5.9,31.02,14.08,43170,2011,9,Fall
Comedy,7.8,35.38,135.18,161670,2011,8,Summer
Drama,7.7,45.38,319.06,79626,2000,3,Spring
Drama,6.3,71.74,159.77,72722,2017,8,Summer
Thriller,5.9,46.09,30.66,41432,2000,12,Winter
Action,6.3,121.27,49.14,118865,2024,8,Summer
Animation,6.3,133.42,1726.97,158380,2020,3,Spring
Drama,7.1,48.35,1200.47,40789,2019,7,Summer
Drama,5.4,46.78,144.24,307752,2006,4,Spring
Romance,7.6,33.9,155.4,99321,2007,10,Fall
Drama,6.6,92.32,290.89,86681,2014,10,Fall
Romance,7.2,23.65,21.2,44163,2021,6,Summer
Drama,7.1,97.85,213.97,102131,2011,7,Summer
Drama,9.3,33.64,55.07,32896,2017,6,Summer
Drama,7.9,62.96,131.7,151424,2008,10,Fall
Romance,7.1,46.58,544.71,98152,2023,12,Winter
Thriller,7.8,60.08,70.76,105378,2017,6,Summer
Comedy,6.4,51.47,43.2,95987,2020,7,Summer
Romance,6.3,44.08,20.99,96299,2000,11,Fall
Thriller,6.7,54.37,101.48,121971,2010,3,Spring
Action,6.8,87.99,78.91,141039,2005,7,Summer
Romance,6.3,61.71,20.04,105285,2017,3,Spring
Comedy,6.6,43.02,44.53,34677,2013,8,Summer
Drama,6.5,46.41,67.74,82096,2002,11,Fall
Sci-Fi,6.3,99.71,157.43,98772,2017,3,Spring
Drama,7.7,52.03,80.95,44174,2005,9,Fall
Romance,6.2,50.58,37.54,61429,2014,12,Winter
Action,6.9,84.44,151.33,83928,2012,4,Spring
Drama,7.8,14.33,28.48,36730,2009,4,Spring
Thriller,7.6,179.57,133.27,134959,2002,8,Summer
Drama,7.6,25.01,48.74,24260,2010,5,Spring
Comedy,6.1,56.7,160.65,45456,2022,11,Fall
Drama,6.5,28.18,23.59,28776,2002,12,Winter
Documentary,8.0,9.77,10.53,23214,2016,11,Fall
Action,5.9,48.29,39.39,170133,2006,5,Spring
Romance,6.2,96.35,275.28,160061,2003,11,Fall
Action,7.9,108.58,44.35,317715,2016,1,Winter
Romance,5.5,32.75,39.35,137241,2002,1,Winter
Action,6.3,180.86,69.95,149019,2003,9,Fall
Thriller,6.9,42.35,105.52,53438,2013,11,Fall
Comedy,4.8,21.29,21.39,16934,2012,7,Summer
Horror,5.0,49.02,147.11,115133,2010,1,Winter
Drama,8.3,16.18,15.95,37502,2011,1,Winter
Action,6.9,134.9,486.59,187713,2004,5,Spring
Drama,7.9,21.51,22.38,122229,2011,1,Winter
Action,6.7,145.94,131.42,141587,2023,10,Fall
Romance,4.5,47.34,24.73,39171,2002,6,Summer
Drama,6.3,41.48,45.16,244773,2009,4,Spring
Thriller,4.9,45.28,48.54,30309,2003,6,Summer
Romance,6.7,23.67,15.27,36034,2004,11,Fall
Action,8.8,118.59,158.2,146557,2019,1,Winter
Drama,5.9,36.44,114.76,34663,2015,6,Summer
Romance,7.1,21.81,38.26,37855,2010,6,Summer
Thriller,7.7,51.87,320.8,60835,2024,6,Summer
Action,6.7,96.45,250.89,71452,2024,11,Fall
Horror,4.7,99.93,148.59,328694,2017,6,Summer
Drama,6.5,37.89,60.14,82866,2015,12,Winter
Comedy,4.6,38.68,77.66,40721,2023,11,Fall
Sci-Fi,6.6,155.25,251.54,207460,2021,10,Fall
Action,6.7,310.99,720.78,210681,2016,4,Spring
Adventure,7.3,62.75,195.41,37763,2002,3,Spring
Horror,5.7,23.05,16.38,51040,2022,8,Summer
Romance,5.5,24.73,183.78,77483,2023,3,Spring
Action,5.9,221.08,572.67,141885,2007,7,Summer
Drama,7.1,64.84,32.32,139365,2010,12,Winter
Horror,6.2,34.65,174.35,38740,2013,7,Summer
Sci-Fi,7.9,72.73,47.92,77423,2007,10,Fall
Thriller,8.5,63.55,294.45,199418,2006,5,Spring
Drama,7.2,78.27,44.46,88605,2011,5,Spring
Drama,6.3,99.79,46.62,62497,2013,1,Winter
Adventure,7.6,82.49,160.1,188077,2010,2,Winter
Drama,9.4,59.82,452.59,107513,2012,7,Summer
Action,5.9,201.06,297.86,257378,2012,9,Fall
Drama,6.8,51.93,54.0,64493,2016,3,Spring
Documentary,6.9,17.62,10.22,137453,2002,3,Spring
Drama,7.2,17.1,81.19,20312,2009,9,Fall
Comedy,5.7,68.42,145.1,134424,2011,9,Fall
Action,5.3,124.5,95.87,190191,2021,9,Fall
Comedy,6.8,75.3,105.18,124114,2023,6,Summer
Drama,7.1,133.7,658.43,176066,2002,11,Fall
Thriller,7.8,88.5,583.74,104668,2023,12,Winter
Horror,6.4,11.21,27.16,37119,2002,12,Winter
Action,7.4,72.83,118.98,108598,2022,1,Winter
Adventure,6.7,136.77,123.19,83448,2011,1,Winter
Comedy,6.9,73.76,67.18,109428,2022,5,Spring
Action,5.9,286.23,1790.95,191809,2017,5,Spring
Romance,6.6,55.31,99.91,129431,2015,9,Fall
Horror,6.8,15.68,33.36,24098,2023,5,Spring
Drama,8.3,140.01,1316.91,115267,2011,7,Summer
Horror,5.7,21.29,4.78,24968,2022,10,Fall
Drama,7.7,52.04,533.7,75156,2021,8,Summer
Adventure,7.7,68.12,53.13,93460,2011,7,Summer
Adventure,5.3,137.82,48.03,158608,2009,4,Spring
Action,6.2,260.28,124.27,166260,2024,7,Summer
Comedy,6.8,103.62,43.64,149076,2006,4,Spring
Horror,5.7,25.82,73.71,45564,2016,9,Fall
Action,5.9,120.08,288.27,139255,2000,10,Fall
Sci-Fi,7.1,162.18,681.48,108908,2020,3,Spring
Drama,6.8,40.09,25.03,44675,2015,1,Winter
Animation,6.9,167.86,455.13,110818,2001,5,Spring
Action,5.2,237.92,400.72,166440,2008,10,Fall
Comedy,5.9,60.84,70.1,211867,2008,12,Winter
Action,6.7,92.46,395.41,70737,2007,12,Winter
Comedy,6.2,49.1,37.33,41155,2007,6,Summer
Drama,7.2,90.31,19.79,63150,2017,8,Summer
Romance,6.5,156.56,617.74,169765,2018,12,Winter
Adventure,7.5,143.14,502.32,142790,2018,5,Spring
Thriller,6.6,45.02,45.18,111923,2002,1,Winter
Horror,5.9,17.77,24.87,49526,2019,5,Spring
Action,6.6,123.73,180.75,144574,2009,12,Winter
Drama,6.8,72.25,83.66,165139,2012,4,Spring
Documentary,6.3,5.28,10.86,70801,2022,2,Winter
Thriller,7.5,64.88,125.97,94128,2002,7,Summer
Animation,5.8,138.89,146.52,100586,2007,4,Spring
Action,7.0,180.06,273.02,109484,2017,12,Winter
Action,6.3,126.27,51.61,256519,2002,5,Spring
Action,6.2,58.94,46.39,47574,2024,4,Spring
Action,6.8,256.43,226.65,333904,2001,1,Winter
Adventure,7.0,196.17,292.71,125488,2020,6,Summer
Comedy,5.4,54.95,76.71,163687,2010,8,Summer
Documentary,7.0,8.18,26.04,167058,2013,11,Fall
Animation,6.4,92.39,118.43,134588,2011,4,Spring
Comedy,5.7,43.57,32.54,53171,2009,2,Winter
Documentary,5.2,11.14,31.66,96664,2016,8,Summer
Sci-Fi,7.4,135.78,431.86,178874,2007,5,Spring
Comedy,7.1,26.51,40.14,149907,2008,8,Summer
Comedy,5.3,23.32,12.61,16201,2020,11,Fall
Horror,5.8,22.17,99.87,103335,2006,12,Winter
Action,5.5,129.91,97.67,194432,2013,8,Summer
Thriller,6.5,30.6,70.17,98911,2012,7,Summer
Action,6.0,140.04,88.87,170084,2008,7,Summer
Comedy,7.5,86.11,257.9,52632,2001,3,Spring
Adventure,5.4,74.78,71.24,257767,2020,7,Summer
Romance,4.7,57.2,107.8,67986,2010,4,Spring
Thriller,6.5,39.33,42.52,95480,2002,3,Spring
Comedy,6.1,63.21,411.91,64253,2005,2,Winter
Drama,8.9,26.13,52.89,45052,2001,5,Spring
Action,5.9,108.76,179.14,115904,2013,9,Fall
Romance,7.5,18.96,56.35,17439,2016,1,Winter
Action,6.9,116.05,817.55,74813,2016,12,Winter
Action,7.9,158.61,241.95,120264,2017,5,Spring
Horror,6.1,49.02,32.77,55916,2019,7,Summer
Action,5.1,81.28,95.62,100405,2012,8,Summer
Romance,5.4,28.41,8.31,61545,2006,11,Fall
Comedy,6.8,20.62,9.44,41725,2015,6,Summer
Comedy,5.5,66.98,491.77,98089,2009,12,Winter
Thriller,8.8,38.35,89.65,108873,2006,2,Winter
Drama,5.6,29.06,39.8,27133,2009,4,Spring
Drama,6.7,42.2,34.28,31829,2014,8,Summer
Action,6.9,220.34,77.2,134511,2004,11,Fall
Action,6.5,75.77,331.96,46786,2020,7,Summer
Action,6.1,213.25,371.37,316495,2004,7,Summer
Action,7.7,173.7,121.52,129073,2004,4,Spring
Thriller,6.9,61.33,61.22,88679,2011,10,Fall
Animation,7.7,156.74,153.54,256315,2019,12,Winter
Sci-Fi,6.3,108.06,229.74,152400,2003,9,Fall
Documentary,7.9,5.67,37.25,22357,2020,1,Winter
Comedy,6.5,50.28,22.99,77337,2012,4,Spring
Action,5.1,111.54,175.44,85533,2021,12,Winter
Romance,5.2,19.67,16.04,19172,2017,1,Winter
Sci-Fi,7.7,184.45,121.81,199136,2011,1,Winter
Animation,6.8,67.62,48.81,109569,2020,7,Summer
Thriller,7.8,27.07,231.55,133298,2024,7,Summer
Comedy,6.9,31.89,12.32,45786,2023,2,Winter
Drama,6.2,54.62,67.03,67222,2014,7,Summer
Horror,4.9,43.78,45.39,106469,2000,8,Summer
Drama,7.1,51.44,53.91,302781,2009,11,Fall
Action,6.6,130.16,422.37,142958,2002,9,Fall
Thriller,6.2,187.46,482.26,116297,2008,1,Winter
Animation,7.2,63.93,284.73,191790,2006,7,Summer
Horror,5.7,19.01,116.44,39244,2004,3,Spring
Comedy,5.7,43.58,159.48,100150,2000,9,Fall
Drama,7.4,25.43,68.12,97275,2024,11,Fall
Drama,6.7,33.13,10.94,40389,2000,2,Winter
Drama,6.0,109.68,94.46,75337,2021,7,Summer
Action,7.8,111.86,348.09,132549,2009,6,Summer
Drama,5.5,53.54,112.24,97132,2002,10,Fall
Romance,4.8,21.08,7.97,105753,2008,11,Fall
Horror,6.6,22.95,22.63,79570,2021,8,Summer
Thriller,7.0,108.93,344.75,134915,2002,8,Summer
Drama,6.7,34.19,41.5,68908,2020,2,Winter
Adventure,8.2,238.93,613.1,183918,2001,4,Spring
Thriller,6.5,73.45,146.39,94256,2011,1,Winter
Documentary,6.9,20.66,29.62,43610,2022,4,Spring
Sci-Fi,6.7,179.42,547.91,153232,2021,8,Summer
Horror,6.4,36.87,35.97,202663,2003,4,Spring
Adventure,7.2,122.26,193.34,108629,2009,3,Spring
Documentary,8.2,12.23,20.98,57659,2006,9,Fall
Comedy,5.9,94.54,41.94,90073,2016,3,Spring
Horror,5.9,17.92,4.85,138359,2023,5,Spring
Adventure,6.3,120.0,115.13,105553,2018,11,Fall
Action,5.4,61.22,12.25,74484,2015,6,Summer
Sci-Fi,6.4,248.67,1486.56,182384,2022,1,Winter
Action,6.8,180.4,584.13,150423,2005,9,Fall
Adventure,6.7,124.1,236.88,188056,2010,1,Winter
Thriller,8.0,46.0,111.81,113804,2006,9,Fall
Comedy,6.5,49.88,20.95,139035,2023,3,Spring
Action,5.7,151.62,1924.46,249251,2020,12,Winter
Sci-Fi,6.3,35.93,129.51,135320,2020,11,Fall
Action,5.8,154.77,198.31,94294,2008,10,Fall
Adventure,6.1,78.27,181.79,124844,2008,10,Fall
Action,6.4,237.91,113.86,201147,2015,7,Summer
Sci-Fi,7.3,162.34,187.99,139752,2021,1,Winter
Drama,7.9,63.0,140.7,131380,2002,5,Spring
Adventure,5.8,171.93,76.04,190430,2021,2,Winter
Animation,7.2,155.82,92.42,158172,2015,11,Fall
Sci-Fi,6.6,347.62,251.0,235451,2007,6,Summer
Romance,5.9,46.0,45.87,65303,2003,5,Spring
Horror,5.3,51.5,212.22,74274,2009,6,Summer
Drama,6.6,101.97,225.65,125627,2022,3,Spring
Action,6.0,118.64,238.99,248087,2020,6,Summer
Comedy,7.2,83.85,33.61,121129,2010,6,Summer
Action,7.3,166.77,183.93,133259,2001,1,Winter
Drama,7.9,40.57,22.3,116899,2020,9,Fall
Romance,4.3,58.32,75.49,47462,2012,2,Winter
Action,7.6,172.05,203.61,118447,2014,3,Spring
Action,6.8,400.0,1911.82,439671,2021,8,Summer
Horror,6.6,38.0,52.06,57279,2022,2,Winter
Action,6.4,197.8,145.81,130060,2016,3,Spring
Action,6.7,238.67,1079.35,221859,2009,2,Winter
Romance,7.3,45.5,76.33,48893,2023,5,Spring
Horror,6.8,28.06,16.12,149809,2003,3,Spring
Documentary,6.2,10.66,3.48,14970,2024,6,Summer
Drama,6.5,21.89,30.05,27829,2019,3,Spring
Action,6.9,101.91,247.5,112715,2005,8,Summer
Action,6.7,285.77,498.83,173086,2006,1,Winter
Comedy,5.5,72.63,51.4,50255,2017,7,Summer
Action,6.5,111.07,166.74,197498,2006,8,Summer
Action,5.9,234.47,135.81,189964,2013,2,Winter
Drama,7.7,97.59,79.79,81277,2012,12,Winter
Comedy,8.2,56.74,20.07,46523,2013,3,Spring
Action,5.7,400.0,408.07,413585,2013,4,Spring
Drama,7.6,51.77,164.08,53796,2010,1,Winter
Sci-Fi,7.1,99.34,143.73,144481,2000,7,Summer
Drama,7.0,53.11,80.74,78676,2012,7,Summer
Horror,5.6,29.36,170.51,107402,2009,7,Summer
Animation,6.5,132.88,1018.04,104895,2016,4,Spring
Action,5.3,124.78,90.46,162617,2018,7,Summer
Documentary,5.3,17.06,24.65,62189,2009,12,Winter
Action,5.8,68.95,679.79,175967,2021,1,Winter
Horror,5.4,27.75,11.5,134860,2022,2,Winter
Drama,7.8,42.12,17.99,63248,2021,12,Winter
Sci-Fi,5.8,141.22,99.07,241423,2009,3,Spring
Documentary,6.6,3.71,3.82,129923,2004,12,Winter
Comedy,7.2,63.14,402.59,67033,2013,7,Summer
Sci-Fi,7.4,117.47,87.9,72718,2000,8,Summer
Romance,6.6,15.86,9.29,14650,2020,2,Winter
Documentary,7.9,12.2,383.62,86961,2008,3,Spring
Horror,8.2,25.15,31.23,85259,2017,4,Spring
Thriller,6.7,122.06,267.37,86549,2019,10,Fall
Comedy,6.8,55.91,122.3,65950,2013,9,Fall
Horror,5.8,33.21,99.65,156136,2004,4,Spring
Drama,7.0,79.75,147.05,93357,2009,5,Spring
Sci-Fi,5.9,153.35,96.71,129956,2000,5,Spring
Documentary,8.4,8.14,18.68,9640,2023,4,Spring
Action,6.7,182.91,458.94,139603,2013,9,Fall
Documentary,8.3,10.82,19.6,71688,2020,2,Winter
Drama,7.5,36.57,54.55,27498,2020,7,Summer
Romance,5.5,40.72,146.65,92561,2019,4,Spring
Adventure,6.6,48.76,29.44,61102,2021,6,Summer
Animation,7.4,76.19,262.0,48104,2022,5,Spring
Comedy,6.5,25.75,51.08,33882,2007,12,Winter
Action,5.0,117.84,269.03,131803,2020,5,Spring
Sci-Fi,6.7,56.99,63.18,112926,2015,4,Spring
Animation,6.5,118.65,358.65,115136,2017,8,Summer
Sci-Fi,6.3,184.55,382.49,160926,2023,12,Winter
Drama,6.0,68.29,59.97,117384,2002,12,Winter
Romance,7.8,18.24,8.11,49257,2005,2,Winter
Romance,7.0,17.49,4.09,52263,2020,11,Fall
Drama,6.5,33.1,44.88,61510,2009,2,Winter
Drama,7.0,42.92,33.39,59006,2008,3,Spring
Horror,7.0,11.78,12.67,42139,2001,9,Fall
Animation,5.4,71.46,45.09,83068,2014,12,Winter
Sci-Fi,8.0,78.79,129.34,139828,2021,10,Fall
Sci-Fi,7.0,88.67,132.87,155329,2016,11,Fall
Animation,7.2,34.33,136.32,24530,2014,12,Winter
Drama,7.1,21.72,16.23,85201,2022,11,Fall
Horror,6.3,19.08,43.39,92915,2009,7,Summer
Documentary,8.7,6.65,4.87,30373,2017,7,Summer
Adventure,6.7,86.81,11.91,79270,2017,6,Summer
Documentary,6.4,7.89,17.43,154876,2016,4,Spring
Action,6.1,126.45,71.46,93738,2016,10,Fall
Thriller,7.7,27.59,144.98,39827,2011,2,Winter
Comedy,6.5,44.83,36.37,146024,2005,12,Winter
Comedy,6.5,22.66,24.67,84177,2010,4,Spring
Sci-Fi,6.2,144.68,54.71,92710,2001,6,Summer
Animation,8.0,162.7,552.07,144375,2013,2,Winter
Drama,7.3,29.19,87.76,52056,2010,9,Fall
Romance,5.5,32.98,57.58,28630,2015,6,Summer
Comedy,4.8,62.65,127.17,194036,2022,8,Summer
Action,5.5,100.88,40.68,97603,2024,11,Fall
Adventure,6.9,100.1,193.27,233089,2004,9,Fall
Horror,5.2,16.63,9.32,218462,2000,1,Winter
Romance,4.5,76.25,254.83,109877,2021,6,Summer
Action,5.8,114.27,100.07,75603,2009,8,Summer
Drama,7.1,38.65,122.0,67937,2002,6,Summer
Drama,7.7,65.49,201.45,94021,2008,6,Summer
Comedy,4.1,67.0,19.67,196738,2013,6,Summer
Comedy,6.3,22.07,12.15,16872,2000,9,Fall
Comedy,7.1,85.76,142.37,69384,2002,7,Summer
Thriller,6.1,53.59,216.82,48151,2016,4,Spring
Action,6.0,48.28,70.8,46317,2001,10,Fall
Comedy,6.5,43.9,155.74,40613,2018,8,Summer
Adventure,5.8,57.75,61.6,162045,2012,1,Winter
Comedy,5.5,61.85,56.77,106788,2011,8,Summer
Animation,6.7,150.55,539.56,163626,2005,4,Spring
Thriller,7.0,60.11,190.83,36815,2011,8,Summer
Drama,7.7,33.25,24.79,89997,2001,5,Spring
Thriller,6.8,36.97,131.36,53456,2001,4,Spring
Action,6.5,148.13,506.76,90327,2013,5,Spring
Romance,6.4,32.56,14.46,20241,2020,7,Summer
Documentary,6.3,5.14,13.58,78935,2001,8,Summer
Drama,5.4,65.33,77.57,78756,2009,6,Summer
Comedy,5.5,33.91,139.55,28630,2001,11,Fall
Adventure,6.2,126.99,1371.25,83822,2023,8,Summer
Thriller,6.1,46.03,207.89,63351,2015,2,Winter
Animation,5.8,70.24,34.03,94935,2022,6,Summer
Thriller,7.7,65.36,14.44,71889,2021,10,Fall
Action,5.8,334.88,244.16,265570,2016,11,Fall
Animation,6.5,124.3,791.91,229362,2014,4,Spring
Documentary,7.5,6.79,24.59,154547,2006,1,Winter
Horror,6.3,37.54,22.9,28227,2013,9,Fall
Sci-Fi,6.1,95.67,148.02,98022,2016,3,Spring
Sci-Fi,5.9,229.73,521.43,155915,2013,11,Fall
Documentary,6.9,4.73,5.29,98301,2012,4,Spring
Drama,6.6,103.73,198.49,71089,2003,11,Fall
Drama,7.1,63.44,24.68,143703,2010,5,Spring
Thriller,6.1,38.07,8.37,41524,2020,10,Fall
Comedy,6.7,27.9,34.96,29208,2013,12,Winter
Romance,5.0,56.64,103.16,35267,2019,8,Summer
Comedy,6.1,39.27,25.12,31565,2024,7,Summer
Sci-Fi,6.9,61.39,57.62,73433,2018,10,Fall
Drama,7.4,49.26,220.04,95609,2001,6,Summer
Action,8.6,156.41,130.84,115609,2014,9,Fall
Action,6.3,154.94,521.87,161448,2024,8,Summer
Sci-Fi,6.8,61.51,271.75,217907,2000,10,Fall
Sci-Fi,6.6,80.57,101.55,118497,2009,8,Summer
Adventure,8.2,100.63,151.58,78159,2004,9,Fall
Action,7.4,67.52,33.33,174477,2021,5,Spring
Drama,8.8,40.41,147.53,129923,2008,1,Winter
Drama,6.7,44.87,39.65,96265,2009,9,Fall
Sci-Fi,6.8,110.45,102.41,159719,2019,11,Fall
Comedy,6.3,18.81,7.33,34589,2012,10,Fall
Drama,6.2,35.52,155.0,51957,2017,9,Fall
Animation,7.1,69.39,181.22,80209,2016,12,Winter
Comedy,5.5,35.43,38.66,52141,2000,1,Winter
Thriller,7.7,122.78,307.11,129664,2019,2,Winter
Animation,6.6,126.21,107.85,90055,2011,10,Fall
Comedy,5.0,38.57,105.66,113611,2015,6,Summer
Comedy,5.8,98.4,111.65,164063,2012,9,Fall
Horror,5.9,51.75,53.98,59797,2010,6,Summer
Sci-Fi,8.2,101.24,98.86,122172,2012,7,Summer
Documentary,7.7,6.8,22.89,108294,2014,1,Winter
Drama,7.3,59.07,215.4,372117,2022,9,Fall
Thriller,7.5,29.08,23.44,92879,2021,4,Spring
Action,6.6,129.89,370.06,138722,2015,11,Fall
Drama,6.4,36.87,57.62,60092,2018,3,Spring
Comedy,6.7,20.96,7.68,44262,2002,8,Summer
Drama,7.9,88.57,816.6,107076,2021,12,Winter
Sci-Fi,9.3,64.97,193.86,294252,2001,7,Summer
Sci-Fi,7.0,34.07,32.03,48620,2016,2,Winter
Horror,5.5,21.81,5.94,46804,2018,5,Spring
Action,7.3,55.95,55.35,80455,2002,10,Fall
Drama,7.8,102.53,178.42,71590,2021,8,Summer
Adventure,7.9,68.72,111.69,185412,2005,1,Winter
Drama,7.8,129.99,388.1,205165,2024,9,Fall
Thriller,5.3,23.16,25.85,71258,2009,7,Summer
Action,6.4,359.99,166.79,246632,2008,6,Summer
Romance,7.3,31.1,44.85,34385,2000,11,Fall
Horror,7.4,20.06,37.81,25935,2015,3,Spring
Action,5.8,109.08,366.55,303776,2019,10,Fall
Action,6.3,179.16,273.75,145902,2005,9,Fall
Drama,7.8,28.27,28.75,37180,2002,12,Winter
Adventure,6.3,141.91,202.14,127984,2007,8,Summer
Comedy,6.1,35.27,16.37,98881,2019,10,Fall
Action,7.3,85.06,141.35,73859,2022,10,Fall
Sci-Fi,7.6,94.81,173.21,94399,2015,4,Spring
Sci-Fi,7.7,154.78,657.51,159081,2014,9,Fall
Romance,6.6,21.67,170.34,127158,2017,11,Fall
Adventure,5.7,244.63,487.66,192425,2004,9,Fall
Comedy,6.2,37.32,62.15,51832,2013,5,Spring
Comedy,5.5,148.54,212.53,102180,2002,3,Spring
Action,6.1,75.09,117.29,101376,2001,12,Winter
Thriller,7.3,193.2,200.77,140236,2014,10,Fall
Adventure,6.7,160.11,411.42,127507,2021,11,Fall
Thriller,8.7,136.9,251.89,121052,2010,6,Summer
Action,6.7,60.55,64.28,41561,2014,8,Summer
Horror,6.2,16.0,41.84,32973,2022,9,Fall
Horror,5.9,15.31,10.62,117388,2013,6,Summer
Comedy,7.0,48.66,134.01,107058,2009,10,Fall
Sci-Fi,8.1,156.57,112.01,118469,2018,12,Winter
Adventure,6.7,157.19,99.52,113179,2004,5,Spring
Drama,8.5,57.66,52.54,244007,2009,8,Summer
Drama,7.1,61.23,41.84,50713,2011,1,Winter
Thriller,7.7,122.78,285.97,102192,2012,7,Summer
Documentary,6.9,10.02,39.19,97650,2013,4,Spring
Animation,6.7,80.62,76.69,113941,2011,1,Winter
Sci-Fi,5.0,151.69,312.4,318779,2006,2,Winter
Animation,5.3,128.78,9.69,160443,2014,1,Winter
Documentary,6.9,5.0,1.77,86340,2009,9,Fall
Sci-Fi,7.3,119.6,153.65,145808,2017,12,Winter
Comedy,6.3,178.15,221.32,138420,2024,9,Fall
Comedy,5.6,51.55,328.78,116134,2021,12,Winter
Comedy,5.5,84.54,150.57,77089,2009,6,Summer
Comedy,6.9,45.39,179.74,200732,2020,12,Winter
Comedy,5.4,114.13,233.49,179509,2007,5,Spring
Adventure,7.3,129.81,628.36,127122,2002,4,Spring
Documentary,7.6,7.46,15.53,152421,2009,8,Summer
Action,7.8,197.1,218.7,151436,2014,8,Summer
Action,8.6,306.47,645.82,329424,2015,3,Spring
Sci-Fi,6.5,150.39,193.74,97172,2000,1,Winter
Thriller,6.7,63.01,76.55,114115,2020,5,Spring
Comedy,7.5,71.39,124.92,137766,2016,3,Spring
Romance,6.2,40.74,153.55,157055,2020,11,Fall
Action,5.2,187.51,1001.09,330249,2010,8,Summer
Documentary,6.3,8.53,46.13,73341,2023,7,Summer
Action,6.8,74.39,909.7,146859,2001,10,Fall
Sci-Fi,5.7,191.01,292.25,129213,2014,7,Summer
Documentary,8.7,30.71,76.97,30930,2005,8,Summer
Horror,7.0,31.42,92.34,180996,2024,12,Winter
Action,5.7,122.97,83.02,83734,2018,7,Summer
Thriller,6.1,258.62,104.52,392171,2006,8,Summer
Action,6.6,211.6,151.19,169393,2001,7,Summer
Sci-Fi,6.3,184.78,60.56,146386,2018,4,Spring
Horror,5.8,29.44,49.19,98801,2001,11,Fall
Adventure,7.2,74.03,81.44,47873,2011,1,Winter
Action,6.3,100.04,266.92,103358,2016,12,Winter
Drama,8.4,40.83,240.88,136246,2016,11,Fall
Thriller,7.5,29.84,22.29,49079,2017,1,Winter
Action,7.4,107.52,259.9,107198,2001,7,Summer
Horror,4.9,26.96,27.56,16481,2020,5,Spring
Thriller,5.6,52.16,50.77,62852,2016,7,Summer
Drama,7.2,52.61,42.02,91187,2021,4,Spring
Drama,8.7,43.3,153.1,100851,2024,9,Fall
Sci-Fi,7.7,119.34,164.88,171980,2008,7,Summer
Drama,7.8,32.99,83.54,45915,2010,1,Winter
Documentary,8.1,8.54,18.27,113322,2017,2,Winter
Adventure,5.7,94.82,95.32,115968,2024,2,Winter
Action,5.3,82.87,444.87,80442,2003,3,Spring
Sci-Fi,7.8,105.03,409.77,103140,2000,8,Summer
Horror,5.4,18.37,5.37,33334,2015,12,Winter
Action,5.8,206.58,541.51,229250,2016,12,Winter
Documentary,7.5,8.85,5.16,19036,2010,3,Spring
Sci-Fi,6.5,142.1,377.01,116244,2018,4,Spring
Sci-Fi,6.6,82.95,215.84,77331,2009,2,Winter
Adventure,6.9,85.44,99.77,105278,2022,2,Winter
Adventure,6.7,90.69,152.5,66822,2017,9,Fall
Comedy,4.9,26.72,96.61,47439,2022,8,Summer
Adventure,6.2,41.6,65.5,57058,2011,12,Winter
Action,7.1,60.96,159.85,45976,2012,2,Winter
Adventure,6.0,133.89,807.23,81089,2006,8,Summer
Drama,6.9,58.2,41.87,100456,2009,11,Fall
Sci-Fi,6.5,95.45,61.2,136859,2011,9,Fall
Comedy,4.1,21.2,44.5,42150,2005,7,Summer
Animation,6.9,144.68,95.48,131401,2003,3,Spring
Sci-Fi,6.2,81.8,138.06,51890,2013,10,Fall
Action,7.0,135.91,371.64,201633,2002,10,Fall
Adventure,6.8,111.4,359.39,75504,2015,11,Fall
Sci-Fi,6.0,202.16,511.82,266797,2020,12,Winter
Thriller,7.2,60.68,24.32,68459,2023,5,Spring
Horror,5.5,3.96,6.37,29786,2015,11,Fall
Drama,6.6,61.5,33.29,88853,2020,9,Fall
Romance,5.0,22.78,7.62,28331,2022,1,Winter
Action,6.9,55.82,197.38,132161,2015,1,Winter
Romance,6.1,21.78,53.23,22908,2023,3,Spring
Animation,6.4,32.05,226.41,194029,2008,1,Winter
Thriller,5.5,86.59,35.43,150060,2017,7,Summer
Action,7.4,67.71,85.3,163507,2011,11,Fall
Sci-Fi,6.5,163.11,244.09,266488,2016,1,Winter
Animation,7.1,93.79,33.7,85407,2012,8,Summer
Action,6.8,109.92,24.42,103073,2014,5,Spring
Sci-Fi,5.5,149.28,93.23,136728,2024,3,Spring
Sci-Fi,7.3,26.52,133.51,29001,2009,6,Summer
Romance,6.0,48.58,43.42,33980,2001,3,Spring
Drama,7.0,49.42,71.61,35382,2008,11,Fall
Action,4.9,200.03,155.81,177882,2008,12,Winter
Sci-Fi,7.7,88.45,116.53,134986,2015,3,Spring
Action,6.6,144.19,124.42,202819,2012,8,Summer
Drama,7.0,30.15,30.04,30907,2021,3,Spring
Drama,6.6,61.42,27.53,151566,2021,12,Winter
Adventure,6.6,139.77,115.69,214360,2000,6,Summer
Drama,7.7,11.89,166.32,68967,2013,9,Fall
Adventure,6.5,112.03,246.67,285613,2020,7,Summer
Action,6.9,73.67,263.49,72027,2017,3,Spring
Sci-Fi,5.8,99.1,111.08,65274,2016,6,Summer
Thriller,5.2,53.01,42.05,49948,2017,11,Fall
Romance,5.5,38.8,62.78,29294,2003,10,Fall
Drama,6.9,56.64,33.64,73593,2008,10,Fall
Romance,5.3,30.59,258.54,32908,2019,6,Summer
Comedy,6.2,37.0,28.44,27945,2023,7,Summer
Drama,7.0,32.51,126.77,22540,2007,6,Summer
Animation,5.2,48.48,27.16,49431,2024,3,Spring
Thriller,7.4,23.48,71.78,30942,2015,2,Winter
Horror,5.7,46.75,83.55,112608,2024,11,Fall
Adventure,5.6,46.48,38.54,60861,2002,9,Fall
Action,5.2,266.38,742.07,207458,2024,12,Winter
Comedy,8.2,28.8,30.74,74752,2010,2,Winter
Animation,6.4,140.07,36.96,89482,2013,5,Spring
Drama,5.4,81.23,193.55,58149,2012,10,Fall
Horror,4.7,20.4,19.19,106159,2018,7,Summer
Adventure,6.7,91.09,109.14,150711,2012,12,Winter
Animation,6.2,110.76,182.07,109487,2021,4,Spring
Adventure,6.4,103.29,107.11,215871,2008,8,Summer
Comedy,6.3,34.32,27.59,93529,2013,6,Summer
Animation,6.8,45.44,44.45,87399,2018,3,Spring
Horror,5.9,28.42,38.05,147323,2020,8,Summer
Action,6.3,146.27,31.41,123371,2000,5,Spring
Action,7.9,85.33,201.09,115965,2016,10,Fall
Action,6.2,218.75,575.68,190508,2015,7,Summer
Romance,7.1,26.51,26.66,70924,2009,2,Winter
Animation,7.0,146.79,537.02,159167,2000,8,Summer
Drama,8.0,65.2,224.93,68808,2002,6,Summer
Action,7.0,52.58,41.91,37290,2017,3,Spring
Comedy,7.3,75.24,646.57,75506,2004,9,Fall
Adventure,8.8,28.82,35.41,71495,2013,12,Winter
Comedy,6.2,56.81,95.43,177249,2011,5,Spring
Sci-Fi,7.1,74.43,26.04,84715,2007,6,Summer
Drama,8.8,47.57,67.85,39860,2021,9,Fall
Romance,6.4,63.47,126.16,84966,2019,1,Winter
Romance,4.0,46.35,55.41,118847,2000,5,Spring
Action,6.1,159.67,272.59,124245,2012,11,Fall
Drama,6.9,73.58,2500.0,141010,2023,6,Summer
Documentary,7.1,7.87,49.16,10219,2023,4,Spring
Thriller,6.3,78.52,219.27,48147,2017,10,Fall
Romance,8.2,37.45,103.54,23641,2022,9,Fall
Thriller,8.7,47.27,47.86,57737,2005,2,Winter
Comedy,4.9,58.74,68.1,89718,2006,11,Fall
Thriller,6.0,41.03,140.34,39375,2011,5,Spring
Animation,7.7,134.19,282.17,116740,2014,11,Fall
Action,5.8,61.0,127.19,43950,2015,4,Spring
Comedy,6.0,99.07,261.91,107220,2004,9,Fall
Comedy,5.6,41.71,248.09,31434,2006,2,Winter
Animation,8.0,125.5,111.45,122527,2003,4,Spring
Adventure,6.5,76.31,156.85,65606,2018,11,Fall
Drama,8.3,30.73,136.23,117692,2020,9,Fall
Thriller,6.3,57.24,26.37,50314,2000,4,Spring
Action,7.2,261.03,156.97,177274,2024,3,Spring
Action,6.3,121.83,109.57,271128,2017,4,Spring
Drama,7.4,29.6,20.11,40086,2009,4,Spring
Horror,5.5,10.3,28.51,33307,2020,6,Summer
Horror,5.7,25.81,80.35,42706,2016,7,Summer
Comedy,6.2,52.99,53.96,64399,2022,2,Winter
Action,6.7,78.99,89.99,56335,2000,8,Summer
Adventure,7.3,126.83,519.91,101978,2012,5,Spring
Drama,6.4,49.76,362.82,47892,2022,5,Spring
Romance,5.1,36.23,230.61,94021,2004,6,Summer
Action,7.6,140.77,453.54,151221,2023,6,Summer
Adventure,8.3,51.95,372.54,88701,2015,8,Summer
Horror,6.7,28.17,96.5,44684,2008,1,Winter
Romance,7.3,34.45,99.52,183844,2010,8,Summer
Drama,6.9,78.56,277.65,106290,2012,9,Fall
Action,7.0,89.75,656.33,83770,2020,4,Spring
Comedy,6.7,69.31,418.77,313249,2022,1,Winter
Sci-Fi,6.8,109.29,670.41,112073,2009,4,Spring
Thriller,6.1,96.83,305.54,126912,2011,1,Winter
Comedy,4.9,172.82,35.78,144271,2019,10,Fall
Comedy,7.4,58.34,73.28,65053,2009,3,Spring
Drama,7.9,33.88,29.08,83594,2016,5,Spring
Thriller,6.2,65.54,27.86,210235,2024,7,Summer
Thriller,7.1,77.04,130.66,62885,2021,11,Fall
Romance,5.8,27.0,27.76,55986,2008,2,Winter
Sci-Fi,7.5,97.27,63.88,86821,2020,4,Spring
Sci-Fi,7.2,92.05,334.21,126697,2015,9,Fall
Sci-Fi,8.0,230.21,258.76,168198,2006,6,Summer
Horror,6.0,25.78,39.32,19297,2004,10,Fall
Drama,7.1,56.89,596.16,79701,2006,6,Summer
Comedy,6.3,29.54,27.01,18034,2000,11,Fall
Documentary,9.4,5.28,3.04,91643,2014,1,Winter
Action,7.1,63.79,376.05,194725,2004,3,Spring
Thriller,6.9,67.11,42.62,70235,2010,4,Spring
Sci-Fi,7.5,73.74,172.22,60420,2015,12,Winter
Comedy,6.1,32.29,14.97,30999,2000,6,Summer
Documentary,7.3,13.43,37.11,21041,2001,1,Winter
Adventure,7.5,154.89,67.6,131334,2005,11,Fall
Comedy,4.1,35.93,74.13,273011,2000,9,Fall
Comedy,5.2,8.39,3.3,91506,2014,2,Winter
Adventure,5.5,47.91,147.21,113157,2017,9,Fall
Action,6.2,50.71,26.44,63772,2002,12,Winter
Comedy,6.0,109.81,301.3,69186,2024,4,Spring
Thriller,7.2,51.46,74.46,81021,2010,9,Fall
Action,7.1,68.75,55.55,51459,2020,10,Fall
Thriller,8.1,140.65,466.84,166247,2012,11,Fall
Thriller,6.5,30.66,26.82,31035,2006,12,Winter
Thriller,6.5,64.95,106.61,71106,2017,3,Spring
Comedy,5.9,32.94,72.59,51144,2002,3,Spring
Sci-Fi,5.9,52.41,13.04,208469,2000,11,Fall
Documentary,7.2,6.04,50.24,38003,2018,5,Spring
Comedy,5.3,89.31,332.45,85632,2002,4,Spring
Sci-Fi,7.7,99.59,41.61,156355,2023,6,Summer
Drama,7.4,68.32,141.9,74012,2011,10,Fall
Drama,7.9,33.12,80.56,25702,2014,11,Fall
Animation,8.2,69.4,409.99,181951,2017,1,Winter
Action,4.6,97.28,75.22,420511,2008,1,Winter
Action,6.4,201.77,878.47,130976,2005,3,Spring
Drama,6.7,33.21,438.33,46408,2005,8,Summer
Action,6.9,75.01,103.84,90820,2015,1,Winter
Action,7.2,60.2,87.34,36867,2024,3,Spring
Thriller,7.2,45.42,68.82,80550,2016,8,Summer
Comedy,6.4,24.34,18.21,45163,2013,6,Summer
Drama,7.1,129.49,49.19,102237,2022,9,Fall
Animation,7.6,114.3,212.92,70430,2024,10,Fall
Action,6.5,56.68,229.88,59001,2006,12,Winter
Documentary,8.4,13.15,111.62,12802,2004,3,Spring
Drama,6.8,32.26,134.01,56910,2008,2,Winter
Thriller,8.4,60.79,107.96,46813,2006,12,Winter
Sci-Fi,5.7,60.91,38.63,48231,2020,2,Winter
Comedy,6.5,44.88,208.61,118780,2003,8,Summer
Drama,7.3,52.16,183.43,33062,2022,7,Summer
Comedy,5.7,43.06,32.75,67545,2004,11,Fall
Drama,6.0,70.56,140.61,91927,2012,6,Summer
Animation,7.6,167.38,181.76,112575,2011,11,Fall
Horror,5.9,53.58,40.12,67292,2004,2,Winter
Comedy,7.1,25.08,19.97,97802,2017,6,Summer
Romance,7.7,39.38,102.87,44892,2004,11,Fall
Horror,6.5,54.49,165.8,174891,2009,12,Winter
Animation,7.6,76.53,96.63,61542,2001,7,Summer
Thriller,6.5,108.15,161.09,259978,2004,8,Summer
Comedy,7.5,54.38,64.46,51804,2012,5,Spring
Sci-Fi,8.0,70.57,63.48,141717,2018,12,Winter
Drama,7.7,34.59,34.32,111507,2005,1,Winter
Drama,7.0,50.47,11.96,77002,2023,11,Fall
Thriller,6.8,45.35,33.06,37815,2019,1,Winter
Sci-Fi,6.8,192.13,924.73,172130,2000,9,Fall
Horror,6.3,35.45,35.13,28425,2017,2,Winter
Horror,5.9,20.61,136.31,104629,2023,7,Summer
Comedy,6.1,25.52,39.83,198999,2013,3,Spring
Drama,7.1,47.14,61.81,74889,2007,8,Summer
Action,6.5,305.1,441.92,194121,2010,2,Winter
Animation,7.8,172.34,132.28,111096,2001,6,Summer
Adventure,5.8,157.28,316.8,296712,2017,12,Winter
Animation,5.2,148.04,20.63,171830,2011,7,Summer
Action,5.2,290.82,1870.22,356697,2016,11,Fall
Horror,6.1,28.49,38.89,35521,2014,2,Winter
Drama,7.4,117.88,78.05,84082,2013,1,Winter
Action,7.5,133.94,290.17,81804,2018,2,Winter
Documentary,9.1,8.63,17.96,135129,2000,9,Fall
Animation,6.7,215.95,372.91,140261,2004,9,Fall
Thriller,7.7,62.61,78.27,94249,2012,11,Fall
Adventure,6.1,113.59,238.1,280120,2016,10,Fall
Drama,8.1,52.21,117.34,137890,2021,11,Fall
Horror,6.1,35.37,38.8,41163,2007,6,Summer
Romance,5.2,36.72,154.75,375617,2016,4,Spring
Action,6.8,67.78,45.18,82844,2000,4,Spring
Thriller,7.2,86.74,101.07,107837,2011,11,Fall
Thriller,7.1,69.66,2500.0,42692,2002,7,Summer
Romance,6.0,29.87,151.16,30943,2004,3,Spring
Action,7.8,80.23,90.61,186661,2014,3,Spring
Action,7.5,169.48,120.57,129061,2007,6,Summer
Horror,6.5,15.76,20.62,47638,2024,10,Fall
Sci-Fi,6.1,81.94,115.15,140504,2019,7,Summer
Adventure,6.3,35.85,112.11,77351,2012,8,Summer
Drama,7.9,38.8,37.4,73931,2013,11,Fall
Adventure,8.1,151.86,147.78,232868,2005,1,Winter
Sci-Fi,7.6,110.57,79.79,168771,2020,9,Fall
Drama,7.1,26.6,14.95,120252,2008,4,Spring
Drama,7.3,103.5,255.63,87111,2007,6,Summer
Drama,8.3,58.72,30.59,109698,2018,11,Fall
Action,5.4,83.0,95.88,127646,2018,5,Spring
Action,5.3,140.87,42.27,165494,2017,8,Summer
Comedy,7.2,43.97,193.46,26944,2013,3,Spring
Comedy,6.4,19.83,3.76,108559,2006,3,Spring
Animation,6.0,129.73,160.46,103209,2004,3,Spring
Comedy,6.1,36.9,36.71,28072,2003,5,Spring
Horror,5.6,58.72,31.18,74304,2001,2,Winter
Animation,7.2,186.79,1085.93,149201,2016,6,Summer
Drama,7.1,27.44,14.4,31196,2002,7,Summer
Action,6.9,57.96,100.77,46868,2017,8,Summer
Horror,7.3,20.37,21.16,157137,2000,2,Winter
Adventure,6.8,141.77,925.98,253743,2006,11,Fall
Drama,7.1,62.63,69.26,166062,2004,8,Summer
Animation,6.4,229.53,475.13,159706,2007,5,Spring
Animation,6.4,107.59,253.49,80241,2010,8,Summer
Action,6.4,58.4,280.79,87417,2017,12,Winter
Action,7.4,101.36,94.14,170265,2000,10,Fall
Horror,6.6,13.28,19.39,9590,2021,5,Spring
Sci-Fi,5.4,184.35,307.12,114155,2013,9,Fall
Adventure,8.2,123.25,120.05,138196,2009,3,Spring
Action,6.0,89.43,463.72,223051,2023,4,Spring
Thriller,6.3,57.02,62.95,108642,2019,11,Fall
Drama,7.1,88.94,303.13,159039,2009,9,Fall
Comedy,8.1,98.61,135.89,150080,2019,11,Fall
Animation,7.3,90.37,48.83,180947,2014,4,Spring
Drama,7.4,36.35,57.8,145363,2015,1,Winter
Drama,6.7,73.96,68.35,156143,2013,5,Spring
Sci-Fi,6.9,79.66,142.94,112469,2022,1,Winter
Comedy,8.2,32.0,56.01,33859,2005,5,Spring
Romance,6.9,39.45,126.16,120938,2023,6,Summer
Sci-Fi,6.3,103.3,86.82,65396,2004,6,Summer
Action,6.2,95.4,299.35,176743,2002,6,Summer
Thriller,7.3,141.27,143.71,133888,2002,8,Summer
Sci-Fi,7.5,103.4,197.89,177946,2003,7,Summer
Animation,5.8,88.49,110.84,112956,2002,8,Summer
Adventure,6.9,80.42,90.1,169213,2021,5,Spring
Action,7.1,128.21,333.97,179419,2018,4,Spring
Horror,7.0,21.79,67.39,117145,2007,5,Spring
Comedy,5.3,50.82,222.11,57343,2024,1,Winter
Thriller,8.8,26.05,14.98,28458,2002,3,Spring
Animation,6.5,56.04,1084.23,125045,2009,3,Spring
Drama,6.8,96.22,316.02,89114,2022,8,Summer
Horror,5.5,42.4,71.2,64947,2018,4,Spring
Sci-Fi,7.2,196.16,598.31,164198,2021,1,Winter
Adventure,5.8,89.25,203.69,64301,2001,6,Summer
Thriller,8.3,32.69,241.21,70403,2007,2,Winter
Drama,6.8,72.9,81.57,88890,2024,2,Winter
Drama,7.3,69.8,26.78,72629,2017,12,Winter
Sci-Fi,5.7,73.18,29.37,67728,2019,11,Fall
Comedy,5.9,199.81,249.04,120143,2017,7,Summer
Adventure,4.9,127.39,238.27,129022,2001,9,Fall
Action,6.5,181.62,170.73,127705,2003,10,Fall
Documentary,6.9,5.55,3.48,27974,2016,8,Summer
Action,5.0,339.15,125.71,212568,2009,5,Spring
Adventure,6.4,102.6,408.31,156059,2000,12,Winter
Thriller,7.2,79.93,759.88,79957,2013,12,Winter
Thriller,8.0,57.2,192.15,55247,2012,7,Summer
Documentary,6.2,12.59,10.79,38200,2000,6,Summer
Documentary,5.5,4.92,1.8,8666,2022,5,Spring
Sci-Fi,6.6,170.38,173.04,121878,2022,12,Winter
Horror,7.4,31.36,92.61,26525,2001,6,Summer
Horror,5.6,11.44,36.33,111621,2005,4,Spring
Action,6.1,209.85,98.67,166521,2017,1,Winter
Romance,7.1,34.9,44.17,65431,2018,6,Summer
Drama,6.9,96.15,72.54,243999,2002,7,Summer
Action,6.2,83.16,1030.96,459870,2000,4,Spring
Action,5.9,50.25,126.65,63344,2014,8,Summer
Action,6.6,137.21,258.3,88773,2015,9,Fall
Animation,6.8,125.92,129.36,204403,2001,5,Spring
Drama,7.3,119.5,78.04,80543,2013,2,Winter
Romance,6.3,25.59,38.06,60959,2014,3,Spring
Comedy,5.0,62.96,53.33,81799,2018,11,Fall
Thriller,7.4,102.11,178.74,290649,2023,5,Spring
Action,5.3,135.32,391.25,197252,2020,10,Fall
Comedy,6.0,55.92,67.88,115616,2013,10,Fall
Sci-Fi,7.8,56.1,21.64,73754,2023,11,Fall
Action,7.0,194.04,252.22,154893,2024,8,Summer
Adventure,7.9,93.88,331.86,72602,2009,12,Winter
Drama,6.8,142.49,47.53,109326,2001,11,Fall
Adventure,6.1,176.62,46.19,106714,2018,7,Summer
Action,7.5,93.92,529.45,123045,2010,6,Summer
Drama,7.3,33.32,68.36,47631,2012,11,Fall
Thriller,8.6,31.62,172.47,112727,2007,9,Fall
Adventure,5.8,94.11,71.76,108789,2023,1,Winter
Action,7.1,201.57,94.74,169627,2007,12,Winter
Sci-Fi,7.2,140.97,203.99,117632,2017,4,Spring
Thriller,7.8,112.99,731.15,125658,2002,12,Winter
Horror,6.4,18.56,8.34,108067,2001,5,Spring
Documentary,7.6,17.66,24.92,22159,2007,8,Summer
Drama,7.3,43.73,427.66,39957,2005,6,Summer
Drama,8.0,85.03,120.12,74272,2012,10,Fall
Romance,5.8,16.47,13.22,75139,2018,11,Fall
Thriller,7.6,42.49,90.67,85698,2024,1,Winter
Drama,8.8,31.89,103.73,152738,2004,6,Summer
Horror,5.3,37.17,371.4,43070,2021,10,Fall
Action,7.1,54.24,167.51,36542,2003,9,Fall
Comedy,6.7,47.21,115.49,63212,2016,11,Fall
Action,5.7,213.71,222.3,185022,2001,1,Winter
Animation,6.9,143.69,175.25,99062,2006,12,Winter
Adventure,7.4,96.67,143.75,132885,2001,3,Spring
Animation,7.5,213.12,1075.28,184707,2002,6,Summer
Comedy,5.6,62.02,135.32,262552,2022,10,Fall
Drama,7.4,51.64,36.88,53090,2011,9,Fall
Horror,6.3,21.8,104.29,22369,2021,6,Summer
Drama,8.0,111.29,1287.11,171007,2020,10,Fall
Drama,7.2,100.73,651.47,178898,2014,5,Spring
Comedy,5.8,60.08,141.16,47816,2022,9,Fall
Romance,7.2,42.23,43.99,43846,2003,10,Fall
Sci-Fi,5.8,122.09,672.94,139592,2001,4,Spring
Comedy,5.8,51.59,22.79,37379,2009,4,Spring
Romance,6.9,32.67,89.44,86932,2021,1,Winter
Horror,6.2,32.52,33.84,24757,2017,7,Summer
Action,6.6,83.24,25.02,125593,2023,1,Winter
Comedy,5.6,33.84,59.93,56943,2019,1,Winter
Thriller,7.6,39.38,257.52,123505,2001,1,Winter
Sci-Fi,7.2,172.05,304.76,210992,2005,4,Spring
Comedy,8.0,18.86,55.04,157144,2001,2,Winter
Adventure,7.2,227.89,143.7,267406,2002,3,Spring
Sci-Fi,5.5,81.55,83.82,89593,2000,10,Fall
Drama,7.3,24.52,9.55,151242,2015,10,Fall
Sci-Fi,6.6,107.53,196.01,83822,2022,2,Winter
Sci-Fi,6.6,64.68,139.38,212822,2014,12,Winter
Drama,7.0,32.88,19.85,77154,2010,5,Spring
Action,6.6,94.86,110.99,64303,2017,6,Summer
Action,5.9,114.75,366.6,226779,2018,12,Winter
Adventure,5.2,33.62,162.74,57000,2008,2,Winter
Romance,6.5,43.12,22.81,33830,2007,2,Winter
Horror,6.8,18.4,125.53,125842,2007,10,Fall
Drama,7.6,17.02,45.99,120360,2019,11,Fall
Animation,7.1,104.99,618.56,228407,2016,6,Summer
Sci-Fi,6.0,276.49,190.62,234858,2014,9,Fall
Adventure,7.3,39.7,20.8,81815,2006,8,Summer
Horror,4.2,22.58,42.09,111927,2018,11,Fall
Adventure,8.3,99.73,217.43,100695,2019,3,Spring
Sci-Fi,6.2,213.83,117.12,307811,2010,6,Summer
Comedy,6.9,29.21,105.88,104824,2014,7,Summer
Thriller,6.4,99.22,178.27,61384,2010,4,Spring
Comedy,6.4,34.52,42.06,37316,2019,7,Summer
Thriller,6.5,89.95,28.55,64956,2006,7,Summer
Adventure,4.9,162.71,302.62,98699,2017,11,Fall
Romance,6.7,28.58,74.89,98986,2020,9,Fall
Sci-Fi,5.8,59.07,61.61,49208,2023,9,Fall
Action,5.5,139.92,81.33,102232,2000,7,Summer
Sci-Fi,6.3,117.25,188.75,116756,2005,2,Winter
Adventure,6.4,52.64,562.84,200860,2001,4,Spring
Drama,7.5,53.96,295.97,48302,2007,5,Spring
Horror,5.5,24.14,18.22,17388,2009,8,Summer
Sci-Fi,9.0,107.06,324.55,154121,2010,10,Fall
Action,5.2,125.82,115.41,118040,2007,12,Winter
Drama,6.9,44.46,118.88,75841,2023,3,Spring
Comedy,6.7,37.84,133.16,33378,2019,12,Winter
Animation,7.7,135.27,1419.5,85062,2009,11,Fall
Drama,7.7,26.65,60.74,291566,2009,8,Summer
Action,7.2,317.9,88.16,273372,2006,3,Spring
Comedy,5.7,12.7,16.75,15641,2002,3,Spring
Comedy,6.8,74.8,45.04,56182,2017,6,Summer
Action,7.6,185.25,313.21,120076,2013,3,Spring
Romance,6.6,30.01,66.66,24459,2002,9,Fall
Drama,9.2,24.77,142.91,222562,2014,2,Winter
Comedy,6.2,51.77,319.12,114072,2016,1,Winter
Adventure,6.3,58.73,276.55,101254,2005,1,Winter
Drama,5.7,38.32,32.25,69248,2012,11,Fall
Action,6.1,76.92,53.13,148949,2017,2,Winter
Romance,6.6,57.19,97.95,88706,2003,8,Summer
Adventure,7.4,91.62,268.02,212971,2004,3,Spring
Animation,8.0,178.38,1035.69,300910,2013,4,Spring
Action,6.7,117.09,125.43,71902,2014,8,Summer
Drama,6.7,18.58,26.82,87002,2006,10,Fall
Comedy,5.2,54.38,46.59,93985,2023,12,Winter
Adventure,6.4,190.68,119.02,155547,2000,5,Spring
Comedy,5.4,46.93,110.65,73912,2002,5,Spring
Comedy,6.1,27.04,51.7,56065,2006,12,Winter
Drama,6.0,38.01,108.79,27654,2007,1,Winter
Thriller,6.5,34.15,61.82,88034,2008,10,Fall
Comedy,5.8,80.19,127.39,186089,2019,1,Winter
Action,7.4,67.71,290.27,58594,2005,12,Winter
Action,5.5,72.96,17.58,82734,2020,12,Winter
Horror,4.5,24.19,11.79,140390,2009,11,Fall
Comedy,7.0,93.9,236.49,166954,2015,8,Summer
Comedy,7.6,30.95,79.74,58408,2005,11,Fall
Horror,6.6,22.35,23.73,93796,2006,6,Summer
Adventure,6.5,75.55,50.5,83123,2002,11,Fall
Documentary,6.3,8.33,43.95,101889,2021,4,Spring
Drama,7.0,15.11,10.87,34046,2024,5,Spring
Comedy,6.0,25.12,62.28,140447,2009,2,Winter
Animation,5.8,66.43,18.91,111175,2001,10,Fall
Horror,5.9,28.9,27.03,56880,2013,6,Summer
Documentary,8.1,7.51,24.48,51555,2001,7,Summer
Action,7.2,55.03,20.22,129795,2015,7,Summer
Adventure,6.9,79.86,176.01,53579,2021,6,Summer
Comedy,6.3,58.49,223.28,38247,2021,8,Summer
Animation,6.0,218.43,568.21,165559,2017,10,Fall
Documentary,7.9,11.79,9.69,83031,2024,9,Fall
Comedy,5.1,30.51,19.59,129797,2010,9,Fall
Animation,5.0,100.19,227.97,79174,2017,2,Winter
Animation,6.7,86.45,185.4,74290,2004,1,Winter
Drama,6.8,21.93,108.76,13782,2002,5,Spring
Adventure,6.3,96.71,41.67,68500,2006,3,Spring
Action,7.1,242.56,119.13,230333,2022,4,Spring
Comedy,6.8,95.85,84.88,167152,2017,7,Summer
Drama,7.8,11.53,8.63,60204,2009,6,Summer
Action,7.4,109.99,137.1,87470,2010,5,Spring
Comedy,5.2,40.19,49.2,100435,2012,2,Winter
Animation,8.3,87.24,44.46,262471,2001,12,Winter
Comedy,5.6,52.36,49.89,245204,2010,9,Fall
Romance,6.5,18.01,32.79,16294,2012,6,Summer
Action,8.1,104.32,103.68,130910,2021,8,Summer
Thriller,8.2,52.58,83.59,194433,2018,12,Winter
Thriller,8.0,146.97,398.98,91061,2021,1,Winter
Comedy,6.3,26.28,50.88,111028,2008,7,Summer
Action,5.3,124.66,311.07,76134,2007,10,Fall
Horror,5.0,10.08,29.84,36715,2002,8,Summer
Thriller,6.5,116.47,242.42,128947,2007,12,Winter
Romance,5.6,28.71,27.38,24349,2002,2,Winter
Adventure,6.0,105.2,169.08,94711,2000,9,Fall
Documentary,6.8,8.5,22.2,49022,2009,6,Summer
Animation,6.3,49.88,193.39,119633,2000,2,Winter
Documentary,6.6,11.21,109.83,25619,2012,5,Spring
Action,6.6,139.48,276.99,102492,2009,9,Fall
Comedy,5.5,31.05,41.19,103394,2011,1,Winter
Documentary,7.6,10.59,7.57,21802,2022,2,Winter
Drama,8.0,41.8,13.65,36742,2005,8,Summer
Thriller,6.4,132.08,1125.21,91245,2020,7,Summer
Adventure,6.6,149.76,1219.29,179965,2011,12,Winter
Thriller,8.1,89.77,649.45,152282,2021,11,Fall
Adventure,7.3,106.67,260.13,94091,2020,3,Spring
Horror,7.3,26.07,119.19,25421,2019,7,Summer
Sci-Fi,7.4,83.72,299.56,69187,2022,10,Fall
Romance,7.1,21.72,32.8,118285,2005,4,Spring
Adventure,6.1,155.86,112.36,123753,2003,6,Summer
Action,6.5,68.21,84.53,65081,2010,4,Spring
Sci-Fi,6.1,104.42,168.64,68921,2011,3,Spring
Comedy,6.4,26.74,8.04,39630,2021,7,Summer
Thriller,7.3,51.64,176.96,121567,2019,11,Fall
Animation,7.0,78.48,137.98,57458,2015,11,Fall
Horror,4.6,33.95,8.87,123773,2018,6,Summer
Drama,6.5,24.88,55.92,29098,2010,3,Spring
Adventure,5.6,25.99,37.62,40249,2001,3,Spring
Comedy,6.6,60.29,405.2,87022,2021,8,Summer
Animation,6.5,163.6,131.38,113523,2000,5,Spring
Comedy,6.5,37.2,4.82,56803,2006,4,Spring
Horror,4.1,25.94,11.93,59645,2017,1,Winter
Comedy,6.4,43.98,94.77,40021,2014,5,Spring
Action,5.6,99.64,149.54,61606,2014,5,Spring
Animation,7.4,134.63,127.86,119864,2024,6,Summer
Sci-Fi,7.4,141.86,359.62,156643,2013,2,Winter
Comedy,6.8,70.73,82.6,73478,2016,9,Fall
Sci-Fi,7.5,109.65,35.9,260376,2012,11,Fall
Drama,7.9,48.91,60.09,44234,2006,8,Summer
Thriller,6.4,61.03,551.2,95065,2010,10,Fall
Thriller,5.6,71.01,151.78,54762,2015,1,Winter
Adventure,7.2,87.7,115.48,69960,2023,8,Summer
Thriller,7.1,30.38,24.21,55311,2005,4,Spring
Sci-Fi,4.8,117.34,123.3,75415,2017,8,Summer
Drama,5.7,51.92,103.58,96078,2008,2,Winter
Horror,4.8,27.6,51.87,81709,2010,8,Summer
Comedy,6.2,88.53,115.8,57473,2006,10,Fall
Horror,4.7,34.64,100.83,66080,2017,3,Spring
Adventure,7.2,145.28,90.39,140111,2018,10,Fall
Drama,6.8,25.53,19.25,259778,2010,9,Fall
Horror,7.2,34.61,76.89,45356,2001,4,Spring
Thriller,7.2,55.38,22.74,39134,2021,5,Spring
Action,6.4,74.94,32.64,56172,2001,11,Fall
Adventure,7.0,159.68,578.93,243368,2003,5,Spring
Sci-Fi,5.9,53.74,92.86,234627,2001,2,Winter
Drama,8.4,20.01,27.14,65071,2009,11,Fall
Action,7.4,104.35,103.17,93908,2013,4,Spring
Drama,7.4,175.15,129.06,121559,2024,5,Spring
Romance,7.8,38.14,26.3,63814,2003,2,Winter
Comedy,5.1,80.94,21.96,99162,2022,7,Summer
Sci-Fi,7.4,117.46,107.86,77633,2011,11,Fall
Drama,8.2,29.65,177.29,118629,2017,10,Fall
Comedy,6.7,75.93,135.8,51076,2022,1,Winter
Comedy,6.2,27.96,19.74,242852,2009,10,Fall
Animation,5.0,129.46,94.11,98781,2013,6,Summer
Thriller,7.7,20.66,47.91,97041,2008,2,Winter
Horror,5.5,14.21,17.62,71901,2003,6,Summer
Drama,7.1,102.15,180.56,73939,2006,3,Spring
Drama,8.0,101.84,18.39,300426,2021,9,Fall
Adventure,7.4,59.78,296.44,83721,2002,11,Fall
Drama,6.2,64.97,114.06,44337,2016,6,Summer
Adventure,5.8,154.21,224.52,195416,2004,6,Summer
Documentary,6.4,13.24,59.33,87279,2019,2,Winter
Action,7.1,116.26,64.53,97203,2011,6,Summer
Romance,7.1,13.26,9.91,81493,2019,5,Spring
Thriller,7.2,137.26,807.45,223896,2012,4,Spring
Action,6.1,85.54,80.85,108463,2020,8,Summer
Drama,7.1,72.34,67.14,92332,2009,10,Fall
Action,7.7,205.66,180.37,159187,2021,7,Summer
Thriller,5.8,50.62,29.46,87470,2019,12,Winter
Romance,6.9,40.73,78.63,173367,2002,9,Fall
Comedy,6.2,54.44,236.92,48078,2016,1,Winter
Animation,7.2,63.63,71.41,195247,2003,1,Winter
Thriller,6.8,58.66,127.03,113029,2024,2,Winter
Drama,8.1,54.76,134.55,58767,2022,4,Spring
Adventure,7.1,196.17,342.35,212831,2008,2,Winter
Documentary,7.1,21.48,74.52,138741,2009,4,Spring
Comedy,8.2,28.31,132.75,87942,2021,10,Fall
Documentary,8.1,16.78,103.24,17198,2013,9,Fall
Thriller,7.0,21.35,76.81,50480,2009,3,Spring
Adventure,7.3,83.26,722.22,101767,2013,1,Winter
Drama,7.3,24.81,11.64,55586,2013,12,Winter
Action,5.9,192.43,216.78,152929,2016,7,Summer
Action,5.0,152.84,98.8,142987,2021,12,Winter
Drama,9.0,20.16,20.18,17160,2003,2,Winter
Action,6.1,80.36,167.89,136330,2006,12,Winter
Drama,7.7,48.84,92.03,66968,2001,10,Fall
Animation,7.9,95.34,1888.74,128995,2007,9,Fall
Horror,5.5,21.11,10.35,21139,2008,12,Winter
Animation,6.6,86.86,21.0,121855,2006,12,Winter
Thriller,7.2,27.35,164.37,69470,2000,8,Summer
Documentary,7.4,20.52,76.68,237002,2004,1,Winter
Comedy,6.3,86.82,89.28,83779,2017,1,Winter
Adventure,5.7,140.23,116.72,182702,2017,12,Winter
Documentary,8.1,9.98,9.43,24636,2004,2,Winter
Action,7.1,141.67,482.32,152156,2005,12,Winter
Drama,7.4,90.56,1310.26,143854,2018,12,Winter
Horror,6.6,18.96,28.56,26181,2019,6,Summer
Thriller,4.0,55.83,15.17,94837,2014,2,Winter
Documentary,7.1,3.7,3.25,84973,2007,11,Fall
Horror,5.5,27.0,11.07,16548,2002,8,Summer
Thriller,5.1,61.18,52.84,105251,2014,1,Winter
Adventure,7.1,74.44,40.55,140326,2001,1,Winter
Adventure,5.8,125.7,209.48,109991,2011,7,Summer
Sci-Fi,7.9,129.74,702.1,135095,2005,1,Winter
Drama,7.1,87.76,99.13,190275,2019,2,Winter
Horror,6.5,14.84,11.79,48181,2004,12,Winter
Documentary,6.5,7.56,20.1,56163,2018,11,Fall
Comedy,7.0,74.73,53.83,73266,2023,8,Summer
Romance,7.4,32.49,20.55,78309,2019,8,Summer
Animation,5.5,98.13,85.35,215221,2003,3,Spring
Thriller,7.3,189.47,360.36,124639,2018,7,Summer
Animation,5.4,53.7,99.98,75482,2015,6,Summer
Comedy,6.2,47.79,137.05,50863,2014,3,Spring
Action,6.7,81.99,229.07,111603,2015,2,Winter
Romance,5.3,57.1,274.33,71798,2021,6,Summer
Horror,5.6,18.58,79.51,18633,2018,9,Fall
Thriller,8.1,71.26,275.75,88163,2022,8,Summer
Thriller,7.6,86.9,577.15,129507,2010,1,Winter
Action,7.4,173.75,27.02,130215,2015,3,Spring
Romance,7.6,39.62,60.93,71571,2007,6,Summer
Comedy,6.0,49.05,70.72,87969,2012,8,Summer
Horror,6.8,16.88,21.85,98533,2006,6,Summer
Thriller,6.3,59.45,78.42,65566,2006,4,Spring
Thriller,7.9,65.54,133.85,64094,2018,8,Summer
Thriller,5.8,77.56,235.78,75954,2018,10,Fall
Drama,6.5,41.81,135.14,27372,2010,7,Summer
Action,8.0,297.32,1314.97,220266,2011,6,Summer
Drama,7.7,41.54,296.34,35555,2011,11,Fall
Drama,7.5,80.79,392.26,96993,2018,2,Winter
Thriller,6.6,215.18,174.13,197936,2010,12,Winter
Comedy,6.0,123.39,100.74,82817,2007,1,Winter
Comedy,6.2,72.2,50.49,62414,2003,11,Fall
Drama,7.1,39.06,48.79,63196,2001,5,Spring
Comedy,6.9,97.1,442.87,146120,2006,5,Spring
Drama,8.6,26.57,32.76,82464,2001,11,Fall
Sci-Fi,6.0,72.63,165.17,101412,2015,7,Summer
Sci-Fi,6.9,134.01,83.73,125534,2018,5,Spring
Action,7.2,139.83,191.9,128039,2013,9,Fall
Drama,7.0,50.12,78.65,84647,2004,7,Summer
Thriller,7.5,97.43,907.67,69351,2024,7,Summer
Comedy,5.1,39.9,7.11,92788,2021,8,Summer
Adventure,8.6,193.55,677.86,152943,2018,4,Spring
Horror,6.2,35.39,168.74,249176,2003,11,Fall
Comedy,6.3,38.81,25.25,138911,2018,11,Fall
Action,5.9,221.48,150.32,137996,2018,1,Winter
Action,6.3,204.17,104.79,137304,2024,10,Fall
Comedy,6.9,59.23,307.12,40395,2002,6,Summer
Drama,9.2,25.57,33.57,42860,2004,9,Fall
Animation,5.7,48.63,258.27,58800,2021,1,Winter
Action,6.4,122.31,530.16,80354,2021,11,Fall
Action,5.5,61.72,137.91,200874,2000,10,Fall
Adventure,5.6,206.77,277.02,134081,2024,1,Winter
Drama,7.3,132.84,114.62,148571,2000,1,Winter
Drama,6.8,30.9,88.25,45540,2019,1,Winter
Romance,6.5,83.95,87.36,88386,2011,8,Summer
Drama,7.8,51.98,243.59,115422,2001,12,Winter
Drama,6.1,43.37,32.42,47094,2000,7,Summer
Horror,5.4,48.62,25.46,136351,2005,1,Winter
Sci-Fi,6.5,167.94,403.14,123156,2009,2,Winter
Sci-Fi,4.9,88.53,49.3,74070,2014,1,Winter
Animation,6.6,131.46,44.66,117299,2013,3,Spring
Horror,4.8,37.86,36.79,116726,2016,4,Spring
Comedy,6.1,163.96,911.83,145811,2017,12,Winter
Animation,6.8,133.83,346.04,81442,2023,4,Spring
Comedy,4.7,61.29,126.58,114116,2016,10,Fall
Animation,5.9,156.45,206.63,168594,2019,12,Winter
Action,6.8,87.97,47.96,121414,2011,12,Winter
Drama,8.0,65.12,871.51,65926,2005,5,Spring
Drama,8.8,27.4,174.76,55375,2006,10,Fall
Action,6.8,395.32,374.83,409739,2006,9,Fall
Adventure,6.0,108.61,686.55,292520,2000,6,Summer
Horror,5.1,24.49,37.01,106913,2015,4,Spring
Animation,5.7,258.1,459.54,157691,2023,8,Summer
Horror,6.8,17.14,28.58,195837,2011,3,Spring
Drama,6.0,32.77,29.16,38306,2013,12,Winter
Romance,5.5,31.96,49.44,41365,2022,7,Summer
Action,6.4,95.95,73.58,110328,2006,4,Spring
Comedy,7.4,115.2,33.79,72626,2003,8,Summer
Drama,7.7,26.68,50.86,130975,2001,10,Fall
Horror,5.8,31.05,26.86,38171,2016,5,Spring
Thriller,7.3,38.33,96.84,34070,2002,1,Winter
Animation,8.4,48.74,65.74,112564,2006,11,Fall
Romance,5.9,11.75,14.77,38899,2001,8,Summer
Horror,6.9,42.85,698.99,49404,2017,1,Winter
Action,7.0,72.9,263.5,104206,2017,11,Fall
Adventure,7.7,70.15,505.84,70481,2017,6,Summer
Sci-Fi,6.8,131.81,153.94,133694,2009,11,Fall
Adventure,6.0,138.18,200.73,217545,2020,12,Winter
Comedy,5.4,31.73,20.18,140907,2020,3,Spring
Action,6.3,158.49,413.16,128102,2019,2,Winter
Thriller,5.9,136.18,107.0,184514,2021,3,Spring
Sci-Fi,5.5,125.25,536.75,155501,2006,11,Fall
Animation,8.8,71.82,1395.91,113837,2018,4,Spring
Comedy,5.5,26.57,22.05,90030,2015,5,Spring
Romance,5.8,37.82,57.05,121607,2006,6,Summer
Comedy,6.4,49.8,67.6,94712,2002,5,Spring
Thriller,8.3,94.19,461.05,155757,2012,10,Fall
Thriller,7.4,77.11,148.29,100683,2021,7,Summer
Action,7.7,90.48,987.07,82237,2013,12,Winter
Thriller,6.9,29.03,55.21,65028,2008,4,Spring
Action,6.5,59.59,27.98,114277,2014,3,Spring
Action,6.7,127.21,253.09,383498,2008,6,Summer
Sci-Fi,7.7,107.44,113.77,87876,2003,3,Spring
Comedy,5.5,50.65,25.6,108681,2015,1,Winter
Romance,5.7,26.08,39.53,35030,2004,4,Spring
Adventure,7.4,131.0,379.96,90062,2008,3,Spring
Thriller,8.0,76.9,182.18,102308,2018,9,Fall
Drama,6.0,97.42,39.77,78793,2003,10,Fall
Sci-Fi,6.3,123.87,107.87,145340,2021,12,Winter
Comedy,6.7,51.23,115.78,68200,2008,6,Summer
Romance,6.7,43.55,45.05,38561,2020,9,Fall
Thriller,7.8,49.75,398.04,97565,2018,12,Winter
Thriller,8.0,94.7,251.93,137829,2022,8,Summer
Action,6.1,138.8,39.04,163133,2005,9,Fall
Drama,8.1,54.54,106.19,176087,2011,6,Summer
Romance,5.5,57.51,39.7,109285,2021,12,Winter
Drama,8.1,103.52,215.14,119263,2003,4,Spring
Sci-Fi,6.5,121.47,398.52,228818,2023,7,Summer
Animation,7.2,85.02,26.3,79854,2005,2,Winter
Adventure,7.3,121.16,75.9,73955,2006,12,Winter
Comedy,7.1,37.43,43.03,33083,2019,6,Summer
Comedy,6.6,40.06,98.37,29158,2023,9,Fall
Comedy,6.6,116.37,652.82,120218,2008,10,Fall
Horror,4.8,23.21,80.06,140815,2018,11,Fall
Comedy,6.7,29.93,14.26,50532,2019,7,Summer
Horror,5.4,21.1,40.2,41746,2016,8,Summer
Horror,5.5,18.0,31.47,11943,2000,8,Summer
Action,6.8,99.85,139.41,180869,2007,11,Fall
Animation,8.2,43.57,147.24,92588,2012,8,Summer
Drama,8.0,40.92,40.93,30847,2017,10,Fall
Comedy,6.2,36.58,40.48,72994,2011,12,Winter
Comedy,6.1,92.56,423.73,75090,2024,1,Winter
Adventure,6.0,158.33,393.1,302134,2000,4,Spring
Thriller,6.8,46.09,7.4,76766,2003,3,Spring
Horror,3.9,11.86,11.7,32386,2021,8,Summer
Comedy,6.2,35.71,20.63,24131,2017,12,Winter
Drama,6.7,71.34,503.5,83256,2018,9,Fall
Sci-Fi,6.6,101.93,378.58,64215,2002,12,Winter
Drama,5.9,23.92,26.12,27496,2017,6,Summer
Sci-Fi,6.3,110.59,405.72,177743,2000,9,Fall
Comedy,7.6,83.64,88.64,76811,2007,1,Winter
Animation,7.0,83.86,314.73,108251,2005,10,Fall
Action,5.5,91.39,160.24,56337,2011,3,Spring
Sci-Fi,6.3,79.28,230.3,53233,2015,2,Winter
Horror,6.0,21.38,7.97,256296,2003,12,Winter
Documentary,5.1,11.02,17.7,166732,2001,8,Summer
Action,8.5,230.97,226.97,158811,2000,12,Winter
Action,6.7,135.09,141.26,124063,2023,4,Spring
Action,6.7,180.27,216.23,146848,2011,4,Spring
Action,7.2,136.43,177.89,160237,2005,12,Winter
Sci-Fi,7.2,69.13,76.88,49864,2000,8,Summer
Thriller,8.0,117.8,236.16,83891,2016,3,Spring
Horror,7.3,16.14,34.27,56669,2008,12,Winter
Drama,6.5,33.16,25.11,110899,2012,11,Fall
Action,4.8,168.82,140.38,132590,2017,7,Summer
Drama,5.8,55.72,87.46,139546,2004,7,Summer
Comedy,8.2,29.79,194.24,75646,2017,8,Summer
Adventure,5.7,49.05,42.39,71551,2022,3,Spring
Adventure,7.9,151.05,782.58,136993,2021,6,Summer
Drama,6.3,74.91,40.79,52615,2019,2,Winter
Action,7.6,126.92,110.57,96718,2012,3,Spring
Action,7.6,73.44,178.58,244646,2016,7,Summer
Romance,6.4,35.16,86.85,24390,2016,1,Winter
Sci-Fi,6.2,211.51,132.07,329610,2011,2,Winter
Drama,8.2,52.76,37.47,84248,2011,11,Fall
Horror,5.4,18.16,130.85,78194,2000,10,Fall
Sci-Fi,8.0,163.45,357.97,133362,2018,2,Winter
Thriller,6.3,159.16,116.37,107634,2006,3,Spring
Action,7.7,347.24,1030.5,225036,2009,4,Spring
Thriller,6.2,78.08,390.36,177027,2009,10,Fall
Comedy,5.7,48.72,198.21,127056,2014,1,Winter
Sci-Fi,7.3,52.16,27.06,72295,2007,4,Spring
Drama,7.2,31.09,28.57,30386,2002,8,Summer
Drama,7.7,85.44,77.13,110250,2018,8,Summer
Drama,9.6,66.58,194.41,44712,2015,11,Fall
Comedy,5.5,54.67,68.27,36278,2023,7,Summer
Comedy,6.0,33.04,16.18,21789,2003,8,Summer
Drama,7.3,65.74,61.43,119349,2014,9,Fall
Romance,5.3,47.52,33.87,63588,2002,8,Summer
Adventure,5.2,122.85,43.63,147221,2007,4,Spring
Drama,6.4,30.84,147.04,143184,2004,11,Fall
Drama,7.8,32.09,50.02,31863,2012,9,Fall
Sci-Fi,6.1,57.42,56.3,35053,2000,12,Winter
Horror,5.3,8.32,36.33,92459,2017,1,Winter
Action,6.9,91.86,42.94,209232,2010,2,Winter
Horror,5.0,27.93,54.37,31935,2012,6,Summer
Documentary,7.8,7.91,54.32,35930,2003,10,Fall
Romance,7.8,61.32,221.2,52631,2017,11,Fall
Romance,6.4,18.36,198.72,84445,2015,11,Fall
Animation,7.2,193.26,211.46,159576,2000,10,Fall
Comedy,5.7,75.91,74.97,52452,2005,6,Summer
Drama,7.4,24.11,44.61,32656,2002,6,Summer
Drama,7.6,163.57,354.41,163244,2012,11,Fall
Documentary,5.9,8.92,6.04,64202,2005,1,Winter
Comedy,5.5,30.22,77.64,44363,2002,10,Fall
Comedy,5.6,30.88,25.29,21609,2000,6,Summer
Romance,6.4,27.56,24.74,108971,2015,4,Spring
Comedy,5.9,41.73,15.66,47460,2002,1,Winter
Adventure,6.8,71.0,434.78,51395,2022,2,Winter
Drama,6.8,52.08,120.41,105826,2009,11,Fall
Horror,6.8,46.56,55.92,97156,2014,5,Spring
Sci-Fi,6.5,78.73,33.4,179239,2005,8,Summer
Comedy,5.4,57.22,273.29,34812,2019,7,Summer
Animation,8.2,171.93,225.66,139840,2021,2,Winter
Drama,9.0,34.84,54.51,50864,2017,3,Spring
Comedy,7.0,35.21,59.91,106221,2001,7,Summer
Adventure,7.0,103.46,460.61,235158,2018,9,Fall
Thriller,6.8,12.11,45.15,156304,2003,7,Summer
Romance,6.6,33.86,44.67,81801,2005,2,Winter
Comedy,5.4,138.11,397.93,135107,2002,9,Fall
Adventure,5.6,76.11,134.19,125582,2010,12,Winter
Thriller,7.3,137.54,82.14,91772,2021,6,Summer
Adventure,5.6,116.57,79.66,106194,2024,11,Fall
Action,8.0,107.1,187.58,106938,2010,12,Winter
Action,5.8,134.66,121.14,128006,2001,6,Summer
Adventure,7.1,118.7,211.48,140722,2016,5,Spring
Drama,6.1,32.77,46.87,78199,2002,2,Winter
Romance,6.2,16.86,369.52,13043,2007,3,Spring
Comedy,6.7,43.64,50.39,66126,2000,10,Fall
Romance,5.8,24.67,75.02,56056,2011,1,Winter
Drama,6.7,61.17,50.05,44509,2012,4,Spring
Animation,6.6,140.51,284.29,123838,2020,10,Fall
Thriller,7.9,48.08,34.16,103886,2015,2,Winter
Sci-Fi,7.6,142.93,469.14,167831,2024,7,Summer
Animation,7.7,123.45,146.46,75200,2021,2,Winter
Drama,8.1,14.69,18.14,27314,2024,5,Spring
Drama,8.5,72.99,124.18,57605,2019,5,Spring
Drama,7.9,22.7,20.03,72616,2008,5,Spring
Documentary,5.1,8.9,75.92,86324,2011,3,Spring
Drama,7.7,100.39,663.1,83325,2000,3,Spring
Animation,7.2,151.83,740.12,123464,2003,8,Summer
Action,6.3,61.74,391.87,272134,2006,6,Summer
Drama,5.9,46.58,58.83,298578,2024,7,Summer
Drama,6.6,46.0,264.04,40811,2012,10,Fall
Comedy,6.0,57.32,64.93,59006,2016,12,Winter
Action,7.2,60.55,32.98,100630,2019,8,Summer
Comedy,6.9,149.23,20.98,133632,2010,11,Fall
Sci-Fi,5.7,136.94,2108.25,87509,2023,10,Fall
Drama,7.7,47.99,62.76,30762,2019,12,Winter
Adventure,5.0,152.58,112.38,114968,2008,10,Fall
Thriller,6.4,54.67,23.09,87060,2015,8,Summer
Sci-Fi,6.7,150.06,910.48,142531,2024,4,Spring
Documentary,7.6,6.89,10.61,8246,2024,8,Summer
Horror,5.7,18.0,39.82,77320,2006,4,Spring
Drama,7.7,59.37,122.33,108101,2013,6,Summer
Drama,7.5,45.15,112.77,63784,2017,6,Summer
Documentary,7.4,9.78,30.04,60927,2016,6,Summer
Horror,6.5,30.06,56.83,33195,2003,11,Fall
Romance,6.0,19.51,32.72,86484,2005,9,Fall
Comedy,7.0,13.55,18.91,32314,2016,6,Summer
Romance,7.5,30.64,60.54,77208,2013,3,Spring
Animation,6.7,50.52,111.89,47430,2008,5,Spring
Documentary,5.1,11.96,15.64,263714,2005,11,Fall
Horror,6.5,43.49,21.91,48532,2012,5,Spring
Action,6.5,109.0,190.55,312950,2010,8,Summer
Romance,6.6,17.25,63.46,14589,2023,5,Spring
Sci-Fi,6.0,103.18,78.22,88552,2007,12,Winter
Romance,5.8,22.84,10.88,21574,2023,5,Spring
Drama,7.2,79.75,346.5,159971,2024,9,Fall
Sci-Fi,6.6,110.35,121.03,196447,2006,7,Summer
Thriller,6.8,109.56,51.69,173773,2008,6,Summer
Romance,5.8,23.26,21.78,30003,2022,11,Fall
Romance,6.1,34.62,38.77,79057,2012,7,Summer
Horror,6.5,17.1,25.1,51743,2020,1,Winter
Drama,7.7,57.43,46.83,36236,2004,7,Summer
Thriller,5.7,51.73,139.12,122180,2004,8,Summer
Drama,7.4,31.38,40.91,33338,2005,7,Summer
Comedy,5.7,24.65,18.08,29013,2000,4,Spring
Sci-Fi,7.0,167.34,438.6,125558,2002,8,Summer
Drama,8.2,61.35,37.25,52923,2023,10,Fall
Action,7.2,90.8,472.97,125586,2005,4,Spring
Comedy,5.7,34.36,24.2,97127,2011,3,Spring
Drama,7.3,57.35,117.21,50775,2023,9,Fall
Drama,7.5,84.32,322.36,96217,2019,4,Spring
Horror,6.3,4.17,14.65,22254,2004,1,Winter
Drama,6.5,79.25,80.48,62384,2002,7,Summer
Thriller,7.2,70.29,188.99,107626,2015,8,Summer
Comedy,6.6,64.08,120.71,83251,2007,7,Summer
Action,5.7,96.53,124.43,137087,2000,8,Summer
Adventure,6.9,57.65,178.41,40495,2014,9,Fall
Sci-Fi,6.3,128.46,894.92,173978,2021,7,Summer
Adventure,5.8,41.68,23.64,228627,2004,9,Fall
Romance,5.9,67.25,36.14,192322,2019,2,Winter
Action,5.7,153.44,243.93,115889,2006,9,Fall
Drama,6.6,26.96,83.32,58211,2023,4,Spring
Adventure,7.9,127.64,988.6,154240,2003,5,Spring
Drama,6.1,21.28,125.6,30499,2007,11,Fall
Drama,7.9,61.47,120.75,68169,2018,8,Summer
Drama,7.6,66.48,195.12,308514,2005,7,Summer
Thriller,8.1,61.54,177.07,53273,2010,5,Spring
Drama,8.9,60.19,38.37,203488,2000,7,Summer
Drama,7.1,27.59,459.38,58259,2004,5,Spring
Drama,7.5,12.76,19.34,33877,2008,9,Fall
Comedy,6.4,71.77,343.51,59702,2004,9,Fall
Comedy,5.4,82.83,351.23,104747,2022,6,Summer
Comedy,5.9,93.91,134.84,103687,2002,2,Winter
Action,8.9,110.53,284.98,72303,2002,6,Summer
Adventure,7.0,56.92,25.61,64629,2022,8,Summer
Documentary,5.7,2.96,30.04,58466,2006,3,Spring
Action,7.0,400.0,456.63,304435,2010,9,Fall
Action,7.4,168.58,1001.13,104387,2007,5,Spring
Drama,7.8,55.3,25.46,102452,2021,5,Spring
Animation,5.6,71.97,88.77,59115,2001,10,Fall
Sci-Fi,6.9,121.85,230.25,108903,2000,1,Winter
Action,5.1,132.29,30.14,85392,2016,11,Fall
Drama,7.0,36.6,26.96,207689,2017,6,Summer
Romance,3.8,41.51,4.45,81275,2008,7,Summer
Action,4.9,120.4,130.57,234571,2022,5,Spring
Documentary,7.3,22.24,49.2,25342,2002,8,Summer
Comedy,7.2,21.83,16.5,19012,2013,10,Fall
Romance,6.1,28.43,32.27,104199,2004,2,Winter
Action,7.1,124.95,200.53,282987,2023,1,Winter
Drama,8.8,46.46,213.9,42123,2024,8,Summer
Action,5.6,30.51,56.69,50191,2012,5,Spring
Adventure,7.1,85.97,426.49,54178,2017,10,Fall
Adventure,7.7,123.92,235.0,106142,2020,4,Spring
Thriller,7.0,15.0,18.99,26491,2021,6,Summer
Drama,7.5,86.56,443.04,92667,2021,2,Winter
Drama,7.6,63.64,245.8,38854,2007,1,Winter
Adventure,6.2,292.0,97.82,182569,2002,4,Spring
Thriller,7.9,37.83,36.4,26037,2009,8,Summer
Drama,6.1,28.9,9.54,192959,2020,2,Winter
Animation,6.5,55.06,126.36,185713,2019,2,Winter
Romance,6.3,29.46,29.69,64889,2021,10,Fall
Comedy,7.1,41.78,395.24,36562,2022,8,Summer
Comedy,5.4,18.07,29.77,46904,2011,7,Summer
Comedy,7.1,30.07,158.69,67208,2000,9,Fall
Action,6.4,177.31,445.03,120238,2006,12,Winter
Comedy,7.2,33.74,19.34,29965,2016,7,Summer
Thriller,8.6,132.58,749.87,132550,2016,3,Spring
Animation,7.6,47.47,277.71,121610,2011,11,Fall
Action,6.8,164.18,323.04,145355,2022,5,Spring
Documentary,7.3,6.58,13.67,146076,2010,8,Summer
Romance,6.7,39.91,121.99,87875,2006,3,Spring
Action,7.0,123.32,84.67,153834,2013,7,Summer
Adventure,5.9,124.59,471.3,204312,2004,5,Spring
Comedy,6.5,17.91,96.79,34680,2024,10,Fall
Drama,7.7,62.55,99.9,110769,2010,4,Spring
Drama,6.4,47.23,143.15,51581,2003,10,Fall
Drama,7.1,44.21,83.57,40002,2000,3,Spring
Comedy,5.1,99.16,87.07,74821,2016,4,Spring
Action,4.3,262.66,280.03,228450,2013,5,Spring
Romance,6.0,76.16,113.23,89318,2017,2,Winter
Action,6.2,60.31,52.22,40483,2007,1,Winter
Horror,7.2,41.39,21.98,34388,2004,10,Fall
Drama,6.0,36.77,72.62,83864,2010,1,Winter
Documentary,7.5,5.43,37.38,54292,2004,12,Winter
Action,6.7,111.21,70.21,163287,2001,2,Winter
Action,7.4,61.88,85.76,45971,2006,1,Winter
Comedy,5.9,44.67,198.12,49027,2012,5,Spring
Drama,7.7,64.8,123.57,57667,2009,2,Winter
Sci-Fi,5.9,87.02,342.25,53573,2004,5,Spring
Sci-Fi,7.1,129.58,437.03,89243,2007,4,Spring
Animation,6.9,196.11,474.79,141522,2004,4,Spring
Sci-Fi,6.3,131.33,96.27,115002,2002,5,Spring
Animation,7.8,251.69,463.48,181183,2006,10,Fall
Adventure,6.7,116.23,108.17,134794,2004,8,Summer
Romance,6.8,18.52,17.35,154530,2006,10,Fall
Comedy,7.6,36.92,80.79,68568,2006,11,Fall
Thriller,7.9,59.01,112.65,56722,2013,11,Fall
Drama,8.1,50.91,32.14,362885,2001,12,Winter
Action,6.3,195.48,2370.5,188086,2000,12,Winter
Sci-Fi,7.0,66.3,97.58,167411,2009,12,Winter
Sci-Fi,7.2,96.7,102.1,166403,2020,5,Spring
Romance,6.9,41.44,32.9,35690,2021,11,Fall
Romance,6.7,41.45,160.44,45101,2017,1,Winter
Action,6.0,301.01,516.13,185015,2009,4,Spring
Action,6.3,50.38,462.1,185848,2004,5,Spring
Sci-Fi,6.5,149.91,466.53,108195,2013,5,Spring
Sci-Fi,6.4,127.9,29.56,225750,2015,8,Summer
Action,7.2,138.84,425.03,258330,2017,2,Winter
Animation,5.3,222.42,56.91,157521,2013,11,Fall
Romance,5.7,25.8,12.08,193422,2006,3,Spring
Drama,6.9,22.6,15.41,26871,2001,8,Summer
Romance,7.3,16.35,51.83,55295,2005,4,Spring
Horror,5.1,19.06,34.86,166331,2020,3,Spring
Action,6.9,138.21,63.61,94333,2022,6,Summer
Action,6.6,122.65,143.37,120448,2013,8,Summer
Sci-Fi,6.1,252.38,1242.52,182377,2000,10,Fall
Documentary,8.8,5.35,14.39,19039,2004,2,Winter
Comedy,6.9,51.45,41.2,61115,2006,12,Winter
Drama,6.8,28.72,28.13,22744,2007,4,Spring
Horror,6.9,16.72,41.47,107803,2003,3,Spring
Horror,5.9,32.26,57.71,42851,2024,9,Fall
Animation,5.8,162.18,694.05,100023,2012,5,Spring
Adventure,4.1,92.89,109.85,79102,2013,10,Fall
Comedy,6.9,34.17,24.31,35613,2008,3,Spring
Romance,6.6,19.91,79.24,61895,2013,8,Summer
Action,5.8,103.78,288.28,102899,2007,8,Summer
Documentary,5.7,9.11,71.06,50909,2009,8,Summer
Animation,6.2,149.94,567.87,490498,2010,5,Spring
Comedy,5.9,26.41,32.9,33696,2007,4,Spring
Animation,7.2,254.4,919.66,196153,2022,4,Spring
Sci-Fi,6.9,400.0,291.07,248532,2018,5,Spring
Action,6.2,131.01,158.56,121692,2000,2,Winter
Romance,4.7,39.04,93.57,59439,2002,3,Spring
Sci-Fi,5.7,123.82,134.14,87299,2001,2,Winter
Drama,8.6,60.2,98.14,117218,2001,6,Summer
Action,6.1,78.03,68.72,54108,2016,6,Summer
Drama,8.3,48.76,59.12,72759,2015,8,Summer
Animation,7.6,92.77,329.31,72641,2014,12,Winter
Action,5.1,97.04,50.53,94975,2022,12,Winter
Drama,7.9,73.95,51.42,83003,2011,8,Summer
Sci-Fi,5.8,73.64,42.27,381925,2015,9,Fall
Comedy,5.5,80.71,364.65,75837,2020,2,Winter
Drama,7.9,55.3,69.61,61144,2013,9,Fall
Thriller,6.3,100.64,210.56,90794,2020,8,Summer
Comedy,5.0,47.43,128.04,60430,2019,4,Spring
Horror,4.9,20.26,16.88,216023,2001,12,Winter
Animation,6.5,96.94,559.32,95845,2017,11,Fall
Thriller,7.4,97.78,101.27,262733,2001,1,Winter
Sci-Fi,5.4,228.56,420.97,471740,2012,6,Summer
Action,6.5,184.1,805.44,298516,2018,12,Winter
Action,7.9,42.03,583.72,62364,2014,10,Fall
Comedy,5.2,87.51,206.8,87573,2010,12,Winter
Sci-Fi,6.2,112.01,271.31,212622,2011,5,Spring
Action,6.1,122.23,100.47,119677,2008,7,Summer
Animation,6.0,29.88,97.79,47141,2013,8,Summer
Adventure,7.3,67.0,105.15,145713,2003,10,Fall
Thriller,6.7,84.2,118.77,54481,2001,2,Winter
Adventure,6.5,54.97,37.53,90904,2014,10,Fall
Comedy,7.6,13.95,27.64,45184,2001,7,Summer
Animation,7.0,95.83,202.02,125704,2019,9,Fall
Animation,6.7,59.08,104.86,173958,2022,7,Summer
Romance,6.1,45.3,13.12,182820,2021,7,Summer
Thriller,6.1,95.69,63.07,187640,2022,11,Fall
Action,7.5,128.09,339.0,91793,2004,11,Fall
Comedy,5.9,43.84,27.73,84014,2004,3,Spring
Action,6.5,89.07,247.82,96578,2011,3,Spring
Comedy,4.6,52.18,7.66,55885,2000,12,Winter
Adventure,7.1,64.76,435.85,69296,2015,7,Summer
Action,7.7,129.17,271.17,197274,2024,4,Spring
Romance,7.3,59.04,273.52,51076,2015,11,Fall
Romance,5.3,31.89,136.74,99255,2007,11,Fall
Drama,7.7,49.44,159.33,77313,2020,4,Spring
Animation,6.8,127.37,14.49,79200,2001,12,Winter
Thriller,6.3,45.69,133.26,153153,2013,6,Summer
Comedy,6.7,51.39,82.53,57835,2014,10,Fall
Romance,6.8,24.53,44.74,60007,2023,4,Spring
Action,6.9,77.8,172.04,200741,2011,4,Spring
Action,6.9,166.57,58.55,186943,2017,7,Summer
Animation,6.7,56.47,35.23,201186,2000,1,Winter
Comedy,7.7,49.35,6.13,44431,2020,6,Summer
Documentary,6.3,8.64,12.49,14458,2019,9,Fall
Drama,7.5,29.88,243.28,64291,2002,1,Winter
Horror,4.8,29.75,19.62,67811,2022,5,Spring
Romance,6.1,16.39,36.01,44467,2000,5,Spring
Drama,7.4,25.78,101.45,21834,2013,12,Winter
Horror,6.0,15.8,6.63,14726,2004,11,Fall
Thriller,7.4,32.22,71.01,40058,2002,2,Winter
Adventure,5.9,70.43,201.42,46372,2013,10,Fall
Action,5.8,121.92,169.12,192232,2007,9,Fall
Romance,5.1,34.29,23.88,34338,2012,10,Fall
Thriller,6.1,64.18,148.07,144875,2010,5,Spring
Horror,5.3,20.91,10.97,44114,2022,9,Fall
Thriller,6.1,60.11,330.2,350587,2012,1,Winter
Drama,6.0,85.93,113.32,332972,2002,1,Winter
Action,6.8,46.77,442.26,75192,2009,12,Winter
Horror,5.7,28.58,82.82,70568,2005,11,Fall
Action,6.6,105.82,79.53,79607,2006,12,Winter
Romance,5.9,28.62,76.94,28197,2000,2,Winter
Horror,7.7,16.28,20.24,56384,2008,8,Summer
Comedy,4.6,18.25,10.7,27164,2002,6,Summer
Action,6.0,118.58,119.59,148033,2024,12,Winter
Action,5.2,64.12,101.9,120181,2006,12,Winter
Action,7.1,169.15,57.24,139666,2002,8,Summer
Horror,5.4,16.41,34.4,140793,2012,12,Winter
Horror,6.1,17.96,13.83,64379,2003,8,Summer
Documentary,5.9,8.12,50.89,116391,2006,5,Spring
Drama,7.2,58.73,477.29,49506,2024,6,Summer
Action,6.4,171.08,940.91,102892,2023,7,Summer
Comedy,5.8,68.6,285.03,49869,2020,2,Winter
Action,9.1,88.27,31.43,115079,2021,6,Summer
Sci-Fi,6.9,153.67,1896.53,94902,2001,3,Spring
Action,4.9,58.39,94.63,90031,2001,1,Winter
Adventure,8.5,127.24,1269.75,217678,2002,8,Summer
Action,6.4,143.95,2270.26,147914,2013,2,Winter
Sci-Fi,5.7,142.94,257.09,136546,2000,9,Fall
Comedy,5.7,33.44,10.37,33003,2022,9,Fall
Action,7.3,107.27,170.48,157111,2001,4,Spring
Horror,6.8,47.02,163.38,123039,2024,1,Winter
Action,6.9,54.94,76.89,68589,2016,9,Fall
Drama,6.6,49.89,36.42,109916,2001,3,Spring
Action,7.1,96.65,566.81,208293,2012,2,Winter
Action,6.7,111.02,207.17,203885,2013,10,Fall
Action,6.6,138.72,179.22,157514,2016,2,Winter
Animation,6.9,57.86,100.09,111038,2019,11,Fall
Documentary,6.8,13.08,21.46,42490,2017,7,Summer
Comedy,6.4,29.1,104.12,230574,2010,12,Winter
Drama,6.8,39.7,197.67,94580,2004,11,Fall
Drama,7.8,19.57,87.19,47738,2017,10,Fall
Comedy,6.5,49.62,51.6,73139,2004,1,Winter
Horror,7.5,12.81,61.79,16020,2018,12,Winter
Comedy,5.3,59.81,57.2,123234,2022,10,Fall
Romance,7.3,93.17,248.71,110393,2012,5,Spring
Action,5.7,97.85,172.05,208573,2020,1,Winter
Sci-Fi,6.2,67.66,41.14,78724,2010,2,Winter
Horror,5.8,21.0,38.09,47944,2006,4,Spring
Romance,7.5,39.38,91.72,67386,2008,4,Spring
Thriller,6.1,32.76,122.47,158801,2022,6,Summer
Comedy,7.2,45.56,451.89,53578,2013,2,Winter
Sci-Fi,7.5,287.22,2500.0,282494,2022,12,Winter
Action,7.5,162.59,243.78,191048,2009,2,Winter
Adventure,6.1,58.18,28.88,213573,2021,9,Fall
Thriller,7.5,64.54,164.69,69700,2017,12,Winter
Adventure,6.6,80.54,110.23,178123,2002,4,Spring
Drama,7.6,33.49,53.34,75141,2009,6,Summer
Adventure,6.2,59.3,100.68,188857,2011,8,Summer
Thriller,5.2,152.48,190.12,103483,2019,7,Summer
Action,6.7,35.85,24.78,24447,2000,11,Fall
Action,7.2,187.14,189.49,144300,2017,9,Fall
Thriller,7.6,46.23,371.15,29763,2012,2,Winter
Action,6.8,243.34,330.05,222734,2024,10,Fall
Animation,6.5,52.8,72.31,100406,2011,12,Winter
Horror,5.3,32.66,281.53,95777,2019,3,Spring
Comedy,7.0,84.72,123.76,97406,2010,11,Fall
Thriller,7.6,62.96,116.69,81217,2013,11,Fall
Thriller,6.8,69.3,42.51,61579,2007,11,Fall
Comedy,6.5,32.69,218.03,54813,2003,6,Summer
Horror,6.1,18.13,116.09,62922,2019,11,Fall
Comedy,5.9,41.28,18.97,86494,2015,5,Spring
Sci-Fi,7.5,125.32,232.16,237339,2017,8,Summer
Drama,8.4,22.44,59.48,158838,2000,2,Winter
Romance,4.8,13.33,12.61,14317,2006,9,Fall
Horror,6.3,16.08,63.57,71387,2011,10,Fall
Adventure,7.0,122.5,190.87,120280,2011,5,Spring
Drama,7.1,31.58,75.56,227894,2001,1,Winter
Horror,5.1,18.46,34.36,32894,2004,7,Summer
Thriller,8.3,71.35,161.39,43880,2007,12,Winter
Action,6.3,120.28,35.22,77762,2014,4,Spring
Thriller,8.3,66.66,72.21,148339,2019,8,Summer
Action,7.3,148.55,111.05,119498,2014,2,Winter
Romance,6.3,28.64,53.46,76936,2015,5,Spring
Action,6.4,65.99,90.08,79887,2004,11,Fall
Thriller,7.0,27.79,36.73,61266,2023,5,Spring
Animation,7.3,43.55,90.25,106247,2021,11,Fall
Animation,7.0,140.08,230.31,98351,2022,8,Summer
Thriller,6.5,26.27,13.52,42577,2015,12,Winter
Documentary,7.9,14.23,9.28,41763,2003,7,Summer
Drama,8.6,34.31,200.98,82126,2000,9,Fall
Action,6.5,147.26,257.89,334469,2003,9,Fall
Sci-Fi,6.8,140.6,221.64,141320,2008,9,Fall
Drama,7.8,41.68,160.56,190817,2000,6,Summer
Thriller,6.5,72.59,100.42,44671,2016,10,Fall
Sci-Fi,4.9,127.46,169.19,90406,2018,7,Summer
Comedy,6.4,85.41,179.57,58539,2024,9,Fall
Drama,8.1,22.52,111.96,50359,2009,5,Spring
Action,5.4,130.93,586.42,109079,2003,10,Fall
Horror,4.1,19.32,9.72,26747,2014,7,Summer
Comedy,6.8,36.85,180.34,223293,2012,6,Summer
Sci-Fi,5.8,84.46,87.29,123146,2005,3,Spring
Thriller,5.6,113.46,290.59,138115,2010,1,Winter
Adventure,5.6,47.12,36.79,189363,2018,2,Winter
Action,6.8,110.14,60.07,141750,2008,10,Fall
Documentary,8.1,7.14,35.41,126115,2020,11,Fall
Drama,6.0,68.86,539.66,168015,2017,5,Spring
Thriller,7.0,36.27,48.45,25047,2004,11,Fall
Horror,6.2,21.75,100.15,51311,2001,12,Winter
Romance,6.4,55.75,55.97,40354,2004,4,Spring
Romance,6.7,56.19,127.37,83628,2000,5,Spring
Drama,7.2,41.25,76.03,41142,2024,9,Fall
Comedy,5.1,49.92,55.44,179381,2022,6,Summer
Documentary,7.2,13.6,21.05,64297,2020,5,Spring
Sci-Fi,7.6,104.72,74.21,148482,2010,4,Spring
Thriller,6.6,40.47,198.34,43829,2012,8,Summer
Action,5.8,58.03,44.7,96169,2020,1,Winter
Adventure,7.3,104.06,593.98,85526,2000,9,Fall
Action,6.0,68.37,58.9,53606,2002,9,Fall
Animation,6.6,112.55,112.59,69688,2005,2,Winter
Action,7.2,70.3,233.04,61387,2002,12,Winter
Animation,7.3,111.14,523.19,70116,2010,7,Summer
Sci-Fi,8.7,81.23,615.98,123811,2021,2,Winter
Drama,6.9,31.11,14.41,56738,2013,11,Fall
Thriller,7.8,166.66,164.74,153121,2012,7,Summer
Sci-Fi,6.0,94.51,590.27,105521,2018,10,Fall
Documentary,8.8,19.39,17.04,100118,2021,11,Fall
Action,7.7,49.14,110.08,84039,2015,5,Spring
Action,7.2,82.33,84.71,222453,2000,12,Winter
Sci-Fi,5.6,200.51,154.41,154303,2016,3,Spring
Horror,6.4,18.99,3.02,35973,2015,10,Fall
Comedy,5.7,68.37,193.62,155053,2013,11,Fall
Drama,7.8,19.08,9.41,42573,2009,5,Spring
Action,6.6,114.94,192.44,149712,2003,8,Summer
Action,6.4,92.24,50.81,78577,2008,4,Spring
Animation,8.5,127.41,408.04,132312,2019,7,Summer
Animation,6.1,60.25,95.87,57714,2014,2,Winter
Horror,5.5,15.53,3.65,191362,2013,7,Summer
Adventure,7.2,122.05,87.79,136186,2016,5,Spring
Drama,6.7,44.02,25.64,174126,2014,8,Summer
Drama,6.7,78.41,147.41,59045,2002,4,Spring
Comedy,7.1,27.11,13.32,64412,2013,11,Fall
Thriller,7.6,76.67,139.35,94156,2020,7,Summer
Thriller,8.5,52.17,161.82,31781,2019,8,Summer
Drama,7.7,19.98,31.37,53402,2015,8,Summer
Adventure,7.5,95.24,350.3,76659,2024,3,Spring
Romance,6.2,22.61,5.05,73986,2018,7,Summer
Adventure,6.4,80.13,49.13,186619,2014,3,Spring
Animation,7.0,38.82,127.58,111022,2008,12,Winter
Adventure,6.1,48.13,258.07,51362,2011,1,Winter
Animation,7.8,162.25,109.7,139517,2003,2,Winter
Comedy,5.6,67.13,524.92,83882,2002,8,Summer
Horror,6.6,16.74,93.0,25717,2015,11,Fall
Comedy,8.1,62.12,283.57,98755,2005,11,Fall
Drama,7.1,24.68,81.51,29578,2013,3,Spring
Comedy,7.4,27.44,33.99,86664,2004,9,Fall
Romance,6.5,27.07,26.83,45298,2021,9,Fall
Drama,7.3,38.39,311.33,177056,2023,10,Fall
Adventure,7.3,48.76,139.27,35662,2009,4,Spring
Thriller,7.4,50.41,203.94,80545,2008,8,Summer
Drama,7.6,67.34,435.96,138144,2006,10,Fall
Thriller,6.8,99.87,114.55,63293,2012,3,Spring
Drama,6.6,28.76,29.78,21810,2008,8,Summer
Sci-Fi,8.1,87.24,149.26,126794,2002,2,Winter
Action,6.8,61.81,161.27,156564,2009,3,Spring
Comedy,7.0,44.62,52.45,266556,2003,9,Fall
Action,8.3,40.83,47.88,60970,2023,1,Winter
Sci-Fi,7.6,138.23,683.33,150704,2006,6,Summer
Comedy,5.4,56.42,25.44,50276,2002,10,Fall
Documentary,6.1,10.21,8.06,10666,2016,12,Winter
Comedy,8.0,65.33,134.16,79802,2003,6,Summer
Drama,5.8,23.28,251.37,73812,2016,11,Fall
Adventure,6.0,153.4,246.66,284198,2011,7,Summer
Thriller,7.4,75.52,56.23,229764,2023,1,Winter
Romance,6.5,27.91,8.3,48003,2005,8,Summer
Comedy,5.1,86.96,21.99,123333,2019,10,Fall
Sci-Fi,6.8,126.46,329.06,128244,2011,6,Summer
Drama,8.9,47.51,63.64,81869,2016,9,Fall
Animation,6.1,95.18,61.69,107079,2008,5,Spring
Thriller,5.5,70.13,62.52,170793,2011,5,Spring
Thriller,6.3,86.56,71.78,198220,2003,10,Fall
Drama,7.3,15.54,5.93,15987,2017,6,Summer
Action,6.2,60.88,145.13,51142,2007,6,Summer
Thriller,7.7,59.63,129.93,46362,2002,4,Spring
Animation,7.8,96.44,605.48,90039,2001,11,Fall
Thriller,8.0,35.12,120.8,58119,2011,9,Fall
Thriller,7.6,74.28,38.45,165747,2015,2,Winter
Horror,5.7,9.78,5.24,41214,2005,6,Summer
Action,6.0,184.73,670.67,326394,2009,1,Winter
Comedy,6.4,72.14,145.51,51687,2023,1,Winter
Thriller,7.7,43.19,98.63,53837,2019,5,Spring
Action,5.8,110.91,25.1,73694,2004,8,Summer
Comedy,6.6,37.16,48.44,111029,2020,9,Fall
Action,7.4,99.7,431.85,99279,2002,1,Winter
Comedy,7.3,70.07,31.19,76690,2008,11,Fall
Action,7.0,156.18,556.96,133429,2007,6,Summer
Sci-Fi,5.8,109.55,185.97,257184,2017,7,Summer
Thriller,6.6,23.26,7.02,125285,2015,12,Winter
Thriller,6.7,142.03,260.61,88748,2018,6,Summer
Action,4.9,144.9,83.51,97340,2002,3,Spring
Sci-Fi,5.9,92.62,79.07,76361,2006,6,Summer
Action,7.7,254.01,655.46,172924,2000,12,Winter
Animation,6.4,60.91,35.24,45443,2003,5,Spring
Comedy,5.0,31.19,44.34,27496,2003,1,Winter
Sci-Fi,7.1,245.91,296.24,394456,2016,1,Winter
Action,7.5,140.7,92.69,144292,2021,3,Spring
Thriller,5.3,61.79,24.44,46957,2007,3,Spring
Action,6.3,145.16,379.17,219635,2006,11,Fall
Thriller,6.1,78.94,104.81,70237,2008,2,Winter
Action,5.8,93.4,194.7,109669,2000,9,Fall
Sci-Fi,5.9,54.19,282.81,35588,2017,10,Fall
Comedy,6.5,93.68,229.68,210480,2024,12,Winter
Action,6.4,136.26,508.13,154995,2024,7,Summer
Action,7.7,182.08,481.04,161422,2020,12,Winter
Thriller,5.9,37.89,16.37,58731,2013,4,Spring
Horror,7.2,29.66,42.31,237812,2006,5,Spring
Adventure,6.6,36.05,12.21,129168,2016,6,Summer
Action,6.6,80.2,60.66,158948,2014,12,Winter
Drama,6.5,41.39,158.08,24949,2014,8,Summer
Comedy,6.7,47.68,121.96,33856,2008,7,Summer
Romance,7.4,67.36,119.39,76181,2008,5,Spring
Comedy,5.5,24.31,86.65,117297,2019,10,Fall
Drama,8.2,42.44,188.76,105984,2024,11,Fall
Drama,6.6,51.26,43.68,43942,2013,8,Summer
Horror,5.5,41.68,102.26,34098,2020,7,Summer
Animation,7.0,41.09,13.92,168464,2004,10,Fall
Drama,7.2,58.58,64.89,40551,2000,3,Spring
Comedy,6.2,64.52,125.28,134533,2006,6,Summer
Sci-Fi,6.7,36.09,40.59,40504,2002,6,Summer
Sci-Fi,8.4,186.17,715.63,250783,2000,9,Fall
Thriller,6.9,137.7,326.37,120817,2022,6,Summer
Comedy,5.4,38.32,62.23,42612,2021,11,Fall
Animation,5.8,233.94,753.3,180484,2003,1,Winter
Drama,7.0,49.59,72.47,123276,2022,2,Winter
Adventure,8.2,33.51,256.41,27407,2000,7,Summer
Comedy,8.5,42.88,190.4,107454,2012,9,Fall
Adventure,7.4,131.78,763.37,120404,2006,2,Winter
Drama,6.2,52.87,152.38,217233,2005,9,Fall
Animation,6.0,179.76,48.37,173077,2017,11,Fall
Comedy,5.3,47.18,89.74,64593,2008,6,Summer
Thriller,6.0,24.72,44.28,104177,2019,9,Fall
Thriller,4.8,111.52,148.9,182203,2000,9,Fall
Drama,7.7,38.11,46.25,140979,2010,2,Winter
Animation,6.3,296.79,2500.0,442384,2001,5,Spring
Sci-Fi,8.3,115.52,864.92,93294,2014,12,Winter
Animation,7.2,135.39,144.51,314467,2015,5,Spring
Sci-Fi,7.3,61.89,27.31,89011,2022,11,Fall
Animation,5.3,29.64,10.45,106969,2009,6,Summer
Action,6.1,130.32,514.41,85592,2002,9,Fall
Animation,5.8,107.32,65.93,138450,2007,7,Summer
Comedy,4.9,45.45,94.51,73801,2018,6,Summer
Action,7.0,122.5,174.96,105936,2015,2,Winter
Adventure,6.7,122.77,340.96,161162,2019,3,Spring
Thriller,5.5,61.92,81.43,40375,2023,6,Summer
Comedy,7.4,101.01,127.96,232920,2019,12,Winter
Thriller,7.3,68.28,294.18,238955,2006,2,Winter
Drama,6.7,85.38,277.05,68797,2011,5,Spring
Action,7.0,204.07,464.55,246137,2014,3,Spring
Sci-Fi,6.8,242.91,644.09,184063,2012,6,Summer
Action,6.0,136.06,163.68,204724,2011,4,Spring
Documentary,6.4,20.25,13.05,85052,2017,7,Summer
Animation,7.4,99.75,266.91,187878,2018,7,Summer
Horror,6.2,20.79,38.85,46002,2016,8,Summer
Comedy,5.0,29.63,12.61,185538,2014,12,Winter
Animation,7.4,63.4,180.9,43111,2004,2,Winter
Action,5.4,47.35,102.69,52341,2014,4,Spring
Thriller,6.3,161.49,142.77,184447,2023,3,Spring
Drama,7.9,60.27,338.24,48173,2019,2,Winter
Sci-Fi,6.6,265.89,510.93,339396,2022,12,Winter
Animation,7.6,76.96,43.49,73757,2009,1,Winter
Romance,7.8,18.43,38.88,65863,2021,4,Spring
Romance,5.6,36.52,122.98,36025,2002,12,Winter
Action,7.0,102.72,227.04,154338,2014,12,Winter
Comedy,7.0,87.71,76.95,188203,2008,6,Summer
Horror,7.0,22.44,36.34,50555,2003,5,Spring
Action,6.6,102.3,185.09,182272,2011,8,Summer
Animation,6.0,319.85,195.7,256640,2024,2,Winter
Documentary,5.7,4.03,0.42,4624,2017,9,Fall
Action,7.1,104.0,1626.52,79338,2010,7,Summer
Drama,8.1,63.42,136.97,138375,2003,3,Spring
Thriller,7.6,46.28,115.85,150669,2010,1,Winter
Sci-Fi,7.3,85.66,92.32,73540,2015,3,Spring
Comedy,5.4,95.23,122.12,208522,2009,4,Spring
Drama,8.0,132.16,836.38,80517,2019,5,Spring
Sci-Fi,5.1,183.01,338.77,159160,2012,2,Winter
Romance,6.9,25.16,12.74,193085,2016,3,Spring
Comedy,5.4,120.75,892.16,108885,2008,10,Fall
Sci-Fi,5.7,160.73,206.58,117709,2015,3,Spring
Adventure,5.4,127.12,113.21,76821,2017,3,Spring
Animation,5.2,44.78,39.45,73955,2019,6,Summer
Documentary,7.8,8.23,9.68,31513,2007,6,Summer
Adventure,5.4,168.35,177.02,119637,2017,11,Fall
Action,6.8,102.11,453.28,130786,2005,1,Winter
Drama,8.5,57.81,156.49,58507,2002,2,Winter
Thriller,5.8,64.22,165.93,111354,2011,4,Spring
Animation,7.3,121.96,331.59,174781,2017,8,Summer
Romance,5.2,30.63,241.34,28639,2018,5,Spring
Horror,5.4,40.87,21.21,117300,2019,12,Winter
Action,5.7,286.46,539.01,215374,2013,9,Fall
Drama,6.6,20.58,82.29,39210,2023,11,Fall
Action,7.0,104.34,199.09,71146,2011,8,Summer
Horror,6.0,36.25,24.74,99732,2021,6,Summer
Comedy,5.1,94.84,69.09,93977,2003,12,Winter
Drama,6.1,30.95,22.16,51190,2001,4,Spring
Romance,7.4,38.19,102.15,75013,2021,4,Spring
Horror,4.5,7.74,2.08,21370,2012,2,Winter
Animation,8.1,79.21,439.17,86211,2022,5,Spring
Horror,5.2,68.98,173.02,86956,2000,1,Winter
Thriller,6.8,59.76,25.69,322316,2017,2,Winter
Romance,6.4,13.18,4.93,83099,2003,7,Summer
Sci-Fi,6.3,172.76,2413.06,120381,2011,1,Winter
Sci-Fi,7.2,104.9,249.64,75517,2017,8,Summer
Action,6.3,157.65,356.99,245567,2020,11,Fall
Comedy,5.6,60.89,670.04,87684,2019,11,Fall
Adventure,5.9,106.4,50.54,81787,2009,1,Winter
Thriller,6.5,40.0,23.47,26003,2020,1,Winter
Action,7.9,53.32,70.56,266623,2019,6,Summer
Action,6.5,125.43,140.53,85565,2012,8,Summer
Action,6.0,188.82,443.67,563936,2015,3,Spring
Animation,5.8,66.45,202.76,152765,2003,1,Winter
Comedy,6.3,34.01,438.22,27414,2015,7,Summer
Comedy,5.8,63.5,182.64,114745,2018,5,Spring
Action,4.6,309.83,398.03,221498,2023,8,Summer
Thriller,7.2,143.32,128.28,86379,2022,11,Fall
Romance,6.9,20.61,287.26,24818,2016,9,Fall
Drama,7.7,61.65,214.12,59861,2012,2,Winter
Horror,7.5,27.34,11.46,149113,2010,2,Winter
Animation,7.2,124.9,178.74,81592,2007,10,Fall
Documentary,6.7,9.58,35.56,25012,2020,9,Fall
Romance,6.7,27.32,23.05,26372,2001,12,Winter
Drama,7.9,80.61,722.37,188430,2008,5,Spring
Drama,7.1,28.3,34.33,272562,2014,2,Winter
Animation,7.0,116.63,107.08,212058,2016,11,Fall
Documentary,6.9,23.07,50.77,29596,2001,12,Winter
Thriller,8.0,59.83,37.17,87509,2024,3,Spring
Horror,7.0,33.8,145.97,72881,2002,7,Summer
Horror,5.7,46.48,79.88,38947,2023,3,Spring
Drama,6.5,29.47,92.8,36507,2005,3,Spring
Comedy,6.2,29.6,62.45,28361,2013,10,Fall
Comedy,4.9,32.01,41.64,44949,2024,8,Summer
Thriller,7.5,167.19,1149.84,141529,2024,8,Summer
Thriller,7.6,49.61,68.61,154851,2009,11,Fall
Romance,5.3,36.47,103.24,37791,2014,5,Spring
Action,7.2,89.01,216.78,75560,2018,9,Fall
Adventure,6.4,64.17,122.01,89749,2005,4,Spring
Comedy,7.9,40.59,66.35,73576,2005,4,Spring
Thriller,8.8,107.63,93.85,82090,2024,1,Winter
Animation,6.6,117.51,258.35,127649,2020,11,Fall
Comedy,5.0,64.85,28.26,114609,2014,5,Spring
Romance,7.3,28.34,9.93,24429,2000,11,Fall
Action,8.0,173.21,462.79,281015,2017,11,Fall
Action,7.2,146.06,65.92,123366,2001,3,Spring
Comedy,6.3,25.61,148.65,61383,2023,11,Fall
Horror,6.9,31.59,29.58,21660,2007,7,Summer
Adventure,5.6,56.56,84.99,52274,2010,7,Summer
Drama,8.1,72.26,82.25,91485,2008,3,Spring
Action,5.9,119.53,199.83,179174,2008,7,Summer
Drama,7.0,28.63,96.62,76974,2017,4,Spring
Documentary,8.1,12.87,60.5,55285,2008,11,Fall
Action,7.6,74.92,85.52,211811,2019,9,Fall
Animation,6.7,120.64,109.98,107262,2002,11,Fall
Animation,6.3,46.22,5.53,35634,2004,10,Fall
Thriller,6.9,68.39,421.56,49546,2016,4,Spring
Adventure,5.8,119.63,105.52,82123,2013,3,Spring
Horror,6.9,15.32,30.35,10237,2009,11,Fall
Documentary,6.4,6.09,22.64,80508,2023,12,Winter
Sci-Fi,5.8,70.24,626.74,94020,2005,9,Fall
Sci-Fi,7.4,61.24,33.46,58788,2017,2,Winter
Documentary,7.3,10.48,10.82,37646,2021,10,Fall
Thriller,6.3,45.97,43.62,86574,2006,2,Winter
Drama,6.7,28.91,11.18,38270,2013,8,Summer
Action,6.3,130.48,199.03,85939,2023,11,Fall
Horror,5.1,12.51,11.41,57737,2005,11,Fall
Romance,6.3,39.89,47.29,110013,2011,2,Winter
Drama,7.0,85.14,68.81,159749,2011,7,Summer
Adventure,5.2,303.19,400.27,440480,2006,8,Summer
Adventure,6.2,61.29,116.32,38227,2024,2,Winter
Drama,8.4,28.94,68.08,168343,2016,4,Spring
Adventure,5.8,48.52,42.7,64372,2018,10,Fall
Drama,6.7,104.22,303.74,162476,2016,5,Spring
Comedy,6.0,123.3,262.7,84368,2021,6,Summer
Thriller,6.7,138.15,133.38,83102,2008,3,Spring
Action,5.3,87.0,85.73,116367,2014,2,Winter
Comedy,5.6,118.92,109.26,184409,2019,4,Spring
Sci-Fi,6.5,97.38,53.23,68345,2001,7,Summer
Sci-Fi,7.2,45.49,56.69,137609,2005,11,Fall
Comedy,6.7,20.4,13.67,26340,2003,1,Winter
Animation,7.0,129.39,227.35,103599,2000,6,Summer
Documentary,7.2,4.81,8.25,9141,2021,2,Winter
Documentary,6.2,15.34,8.38,354408,2013,11,Fall
Drama,5.6,75.24,156.49,119693,2022,9,Fall
Sci-Fi,5.5,272.52,138.27,165609,2008,6,Summer
Thriller,7.1,47.66,67.3,49377,2012,5,Spring
Thriller,7.2,38.06,18.07,100203,2014,5,Spring
Comedy,5.5,33.84,26.56,78853,2004,4,Spring
Drama,8.6,42.65,52.58,41351,2021,12,Winter
Comedy,7.7,35.98,476.59,51968,2001,5,Spring
Animation,6.1,92.1,38.74,95976,2007,11,Fall
Horror,6.0,44.16,55.91,43216,2008,4,Spring
Sci-Fi,7.6,99.93,64.47,137240,2000,6,Summer
Thriller,8.1,38.56,241.08,130968,2002,10,Fall
Comedy,6.5,50.85,441.9,53651,2016,12,Winter
Documentary,6.6,5.48,6.27,32664,2013,8,Summer
Horror,6.4,24.66,165.48,27805,2007,12,Winter
Romance,6.6,67.31,142.12,49950,2017,8,Summer
Animation,8.3,70.56,110.62,50070,2012,10,Fall
Comedy,7.0,32.63,38.57,77670,2009,9,Fall
Sci-Fi,7.1,100.36,48.54,94817,2017,12,Winter
Drama,7.2,129.92,171.22,203154,2001,2,Winter
Action,7.0,118.07,142.93,105736,2002,11,Fall
Animation,5.0,53.73,63.92,47351,2020,10,Fall
Comedy,6.5,67.16,113.8,43304,2003,3,Spring
Horror,6.4,33.81,107.17,77506,2000,11,Fall
Comedy,4.9,103.74,382.08,111183,2013,3,Spring
Horror,5.0,29.12,199.05,71882,2007,7,Summer
Action,4.9,65.2,132.74,57973,2008,3,Spring
Thriller,7.3,30.81,24.95,209950,2010,3,Spring
Comedy,7.0,41.89,22.28,118037,2000,1,Winter
Romance,5.0,65.92,65.1,101621,2014,6,Summer
Adventure,6.3,61.98,141.86,80310,2010,8,Summer
Romance,5.3,42.71,24.42,97753,2020,10,Fall
Animation,7.3,74.74,93.45,74556,2016,12,Winter
Action,5.7,147.46,201.0,107352,2010,5,Spring
Horror,5.1,52.0,28.87,39303,2020,2,Winter
Comedy,6.7,56.35,245.24,76613,2019,5,Spring
Animation,8.8,73.21,23.4,285567,2014,7,Summer
Horror,5.2,31.19,99.12,360548,2024,10,Fall
Drama,6.6,135.86,1747.11,120574,2011,1,Winter
Romance,5.9,28.54,46.63,59025,2007,11,Fall
Comedy,6.8,60.08,67.23,259699,2009,6,Summer
Thriller,7.0,97.39,165.08,285443,2024,11,Fall
Adventure,6.1,156.33,199.77,121370,2013,2,Winter
Thriller,6.4,87.83,200.41,119337,2003,3,Spring
Drama,6.7,54.39,104.25,167923,2019,12,Winter
Drama,6.3,94.18,71.4,72857,2015,11,Fall
Comedy,7.1,90.55,322.32,148712,2011,6,Summer
Drama,6.9,35.89,25.25,40786,2012,8,Summer
Romance,6.6,43.87,65.08,64186,2001,2,Winter
Adventure,6.1,113.3,295.57,147110,2001,1,Winter
Drama,7.3,37.03,191.79,64257,2001,3,Spring
Sci-Fi,7.6,40.78,74.47,50268,2013,1,Winter
Comedy,7.6,77.86,314.31,138952,2004,8,Summer
Thriller,7.6,47.15,72.63,136389,2004,4,Spring
Thriller,6.0,51.44,146.32,32029,2011,10,Fall
Thriller,5.6,70.67,125.7,147541,2000,2,Winter
Romance,6.2,22.29,61.1,50286,2015,2,Winter
Animation,7.2,125.54,436.91,216875,2010,1,Winter
Comedy,7.8,100.18,301.9,157682,2018,9,Fall
Action,6.4,134.11,110.7,148766,2022,10,Fall
Action,7.2,218.84,191.42,145064,2021,9,Fall
Thriller,7.0,43.08,64.25,107685,2018,7,Summer
Comedy,5.3,65.46,38.67,54004,2008,8,Summer
Animation,7.4,97.02,1015.71,193096,2015,11,Fall
Action,6.4,42.56,37.85,68136,2018,5,Spring
Adventure,7.3,168.76,229.06,145353,2008,6,Summer
Documentary,5.8,9.8,17.79,123797,2018,11,Fall
Animation,7.5,124.81,123.98,78816,2022,3,Spring
Adventure,6.5,85.78,50.79,93799,2019,12,Winter
Drama,6.8,39.65,90.67,78606,2007,8,Summer
Comedy,7.6,43.45,80.99,31235,2018,6,Summer
Comedy,7.0,40.09,123.44,26084,2016,1,Winter
Romance,6.9,30.16,74.71,51739,2012,11,Fall
Horror,5.8,18.63,192.17,122419,2018,11,Fall
Thriller,5.8,43.45,92.47,52337,2005,7,Summer
Action,5.4,66.86,21.35,116931,2003,4,Spring
Animation,6.5,390.23,497.81,365473,2010,7,Summer
Animation,5.6,72.06,183.81,148795,2018,11,Fall
Action,6.1,137.14,263.33,93923,2018,10,Fall
Drama,7.2,24.2,36.22,224472,2014,3,Spring
Drama,6.9,42.96,12.19,37622,2011,3,Spring
Action,6.7,75.05,117.36,115675,2011,8,Summer
Comedy,4.4,35.27,77.57,31380,2013,1,Winter
Sci-Fi,7.4,77.59,343.33,127430,2018,11,Fall
Thriller,6.7,67.64,63.4,99971,2019,11,Fall
Comedy,6.8,35.39,201.28,209358,2009,6,Summer
Drama,6.9,99.26,174.28,112107,2013,8,Summer
Sci-Fi,6.6,117.23,227.96,154970,2010,8,Summer
Action,5.6,46.61,75.22,29919,2011,2,Winter
Documentary,7.2,12.06,19.39,45198,2007,9,Fall
Action,5.9,306.03,142.02,214652,2020,7,Summer
Drama,7.4,52.08,41.94,67078,2024,10,Fall
Comedy,7.0,64.2,40.45,165353,2014,11,Fall
Romance,6.3,30.23,30.41,56769,2000,1,Winter
Drama,8.9,61.31,182.42,43540,2009,11,Fall
Documentary,7.4,16.28,62.76,131384,2012,4,Spring
Action,6.5,135.23,41.54,113521,2000,3,Spring
Drama,7.4,87.52,32.98,109594,2008,9,Fall
Thriller,6.9,115.26,240.23,99640,2004,5,Spring
Drama,7.7,56.33,205.46,34739,2023,7,Summer
Drama,6.7,29.68,38.48,124314,2023,10,Fall
Drama,7.5,34.96,21.42,73000,2018,8,Summer
Action,5.7,137.87,75.96,112756,2010,8,Summer
Horror,6.0,23.49,15.03,16916,2003,8,Summer
Sci-Fi,7.3,72.37,67.13,88330,2011,4,Spring
Romance,6.9,53.84,411.11,139117,2009,1,Winter
Action,6.2,95.49,148.18,91239,2017,1,Winter
Romance,7.2,20.87,45.37,24243,2015,8,Summer
Action,6.3,154.39,81.31,187868,2016,11,Fall
Adventure,5.6,69.54,211.16,42039,2000,7,Summer
Comedy,6.4,31.02,37.06,45282,2007,5,Spring
Adventure,7.2,99.65,207.27,116863,2012,2,Winter
Thriller,6.2,244.91,351.11,232234,2019,8,Summer
Documentary,5.8,7.77,5.49,8904,2005,11,Fall
Sci-Fi,6.7,108.75,158.78,79626,2007,9,Fall
Action,6.4,99.15,190.19,63779,2016,7,Summer
Action,5.8,122.01,27.49,96381,2007,3,Spring
Animation,7.9,49.33,58.35,78766,2022,12,Winter
Romance,6.9,30.54,26.48,67133,2005,2,Winter
Animation,7.7,167.57,160.62,111417,2022,2,Winter
Thriller,5.7,31.0,52.16,121026,2003,1,Winter
Comedy,6.1,105.55,54.93,125654,2020,4,Spring
Animation,6.4,42.55,51.35,60070,2001,3,Spring
Action,6.2,187.94,200.81,120081,2017,11,Fall
Sci-Fi,7.6,179.14,383.74,280172,2003,11,Fall
Horror,5.4,43.07,531.82,74294,2008,5,Spring
Horror,5.4,26.53,37.91,27710,2010,9,Fall
Action,7.4,140.97,644.81,226311,2010,10,Fall
Comedy,7.8,72.28,616.6,68797,2019,9,Fall
Romance,7.3,17.68,7.46,35954,2012,12,Winter
Drama,6.4,59.75,107.7,150028,2006,8,Summer
Action,4.8,79.63,84.98,159497,2015,4,Spring
Drama,6.5,45.16,22.67,63732,2009,5,Spring
Documentary,6.9,20.16,45.71,35301,2024,2,Winter
Drama,7.5,59.87,97.83,39423,2022,1,Winter
Thriller,6.4,39.61,11.13,128129,2023,6,Summer
Horror,6.9,55.18,327.9,34603,2005,9,Fall
Thriller,7.3,31.69,83.88,103194,2002,4,Spring
Drama,7.2,29.52,71.11,72566,2000,8,Summer
Thriller,5.6,97.77,207.02,114612,2019,4,Spring
Horror,6.9,17.39,13.86,17047,2022,7,Summer
Drama,7.2,64.2,360.44,43108,2003,5,Spring
Drama,5.7,62.88,65.34,83077,2014,11,Fall
Comedy,7.3,53.12,186.44,183028,2009,4,Spring
Adventure,8.2,131.91,85.72,146825,2009,7,Summer
Horror,5.7,19.61,78.5,171900,2000,1,Winter
Animation,5.9,70.61,51.34,128299,2004,11,Fall
Thriller,7.7,56.2,104.79,219740,2002,5,Spring
Thriller,8.0,59.53,122.94,70960,2024,4,Spring
Comedy,6.9,31.52,267.43,26331,2019,5,Spring
Adventure,4.8,35.99,19.76,53353,2003,1,Winter
Romance,5.7,62.51,126.61,104588,2017,4,Spring
Sci-Fi,5.9,174.22,141.0,251564,2022,5,Spring
Romance,6.7,36.92,458.08,143779,2008,11,Fall
Action,7.8,80.1,173.77,56833,2024,4,Spring
Action,6.5,400.0,2500.0,294300,2017,7,Summer
Romance,6.1,59.99,563.6,47581,2004,7,Summer
Drama,5.9,21.49,8.02,130041,2020,2,Winter
Adventure,5.5,127.85,411.21,473014,2020,5,Spring
Action,6.5,104.2,173.73,149383,2008,2,Winter
Horror,7.1,58.19,59.74,125061,2010,5,Spring
Adventure,6.2,125.97,73.22,131415,2004,7,Summer
Drama,6.7,25.6,7.33,72715,2000,7,Summer
Adventure,5.7,51.87,173.37,106392,2014,2,Winter
Action,5.4,61.52,174.86,63991,2012,1,Winter
Action,7.3,131.03,319.01,206237,2000,6,Summer
Comedy,6.1,21.84,16.94,40120,2002,5,Spring
Romance,6.9,8.97,4.73,146072,2016,11,Fall
Horror,4.3,19.62,12.98,25689,2009,4,Spring
Animation,6.5,54.42,70.75,84351,2023,6,Summer
Animation,8.1,83.13,144.71,153491,2017,11,Fall
Action,5.5,40.94,74.93,154881,2012,2,Winter
Adventure,5.7,89.56,806.69,77144,2021,8,Summer
Action,6.4,120.72,249.57,79045,2009,10,Fall
Adventure,6.6,53.49,74.5,47844,2023,5,Spring
Documentary,7.2,3.84,9.78,15405,2014,8,Summer
Thriller,6.7,57.66,206.83,39254,2001,11,Fall
Horror,5.9,44.4,189.25,72895,2023,7,Summer
Drama,7.2,12.99,17.96,77246,2021,9,Fall
Thriller,6.0,59.94,19.41,46214,2012,12,Winter
Sci-Fi,6.3,29.78,39.0,64009,2012,7,Summer
Comedy,5.2,67.96,15.4,62730,2016,5,Spring
Romance,6.4,25.5,10.25,20554,2010,11,Fall
Drama,6.4,44.09,39.81,179450,2014,7,Summer
Sci-Fi,7.2,55.3,115.77,147589,2013,6,Summer
Action,6.9,215.77,364.8,173777,2015,1,Winter
Adventure,4.8,145.05,88.2,141732,2009,6,Summer
Comedy,7.0,106.57,163.08,152266,2005,11,Fall
Thriller,7.4,35.1,88.38,25603,2013,10,Fall
Drama,7.3,66.51,178.27,105190,2023,12,Winter
Adventure,4.7,400.0,307.61,268265,2012,6,Summer
Comedy,4.7,23.89,8.24,72316,2003,12,Winter
Romance,6.9,32.82,19.46,137842,2016,9,Fall
Comedy,5.9,37.22,5.04,76383,2022,7,Summer
Sci-Fi,6.9,61.73,1070.4,59481,2008,8,Summer
Comedy,3.9,68.09,14.64,72943,2011,3,Spring
Documentary,7.4,12.34,13.44,29495,2001,11,Fall
Adventure,6.0,39.62,117.03,154429,2008,9,Fall
Romance,5.5,29.91,15.73,118878,2019,11,Fall
Action,7.3,48.82,141.74,40156,2024,1,Winter
Documentary,6.7,3.02,9.39,64551,2021,11,Fall
Horror,6.2,33.9,227.78,22884,2021,8,Summer
Romance,5.5,53.25,157.84,106370,2022,1,Winter
Thriller,8.5,43.11,17.68,97231,2011,12,Winter
Action,5.8,72.76,118.93,52381,2012,2,Winter
Comedy,7.0,51.85,242.44,75581,2022,10,Fall
Thriller,6.4,81.11,97.18,68778,2019,9,Fall
Action,6.6,400.0,1342.85,408386,2011,5,Spring
Horror,5.7,30.2,44.32,139071,2024,3,Spring
Adventure,6.4,236.86,635.62,203195,2007,9,Fall
Horror,5.6,50.86,368.22,37669,2000,12,Winter
Thriller,6.0,28.1,52.77,102893,2001,12,Winter
Sci-Fi,7.0,50.1,235.92,58657,2002,6,Summer
Animation,7.0,110.72,272.79,309593,2011,8,Summer
Thriller,6.7,70.81,133.74,110765,2017,3,Spring
Comedy,7.4,25.79,29.48,37578,2002,9,Fall
Action,7.2,83.7,38.15,54288,2024,5,Spring
Drama,6.6,36.44,337.01,47550,2022,11,Fall
Comedy,6.4,37.39,174.47,30499,2010,11,Fall
Comedy,7.2,77.05,60.3,79354,2001,9,Fall
Romance,6.1,40.05,8.86,102390,2017,7,Summer
Drama,7.2,78.55,120.58,100220,2005,3,Spring
Romance,5.9,29.57,33.92,74152,2017,9,Fall
Comedy,5.9,31.96,36.74,121204,2004,11,Fall
Thriller,7.5,69.52,272.57,99756,2014,3,Spring
Thriller,7.0,157.62,190.45,95773,2017,10,Fall
Comedy,6.8,106.9,163.34,123351,2019,1,Winter
Thriller,6.9,79.31,284.03,213018,2019,2,Winter
Drama,6.8,19.01,41.61,26311,2004,2,Winter
